﻿"文献番号","出願番号","出願日","公知日","発明の名称","出願人/権利者","FI","公開番号","公告番号","登録番号","審判番号","その他","文献URL"
"特許7181440","特願2022-536631","2022/04/25","2022/11/30","診断用データ収集装置、診断用データ収集方法、記録媒体、及び制御装置","ファナック株式会社","B23Q17/00@F,B23Q17/09@A,B23Q37/00@Z,B23Q39/02,B23Q41/00@G","","","特許7181440","","","https://www.j-platpat.inpit.go.jp/c1800/PU/JP-7181440/7104937CD0A0814DE69EFB7DF72F1A5C147B236956D723E453A1F343111CBF13/15/ja"
"特許7181434","特願2022-102183","2022/06/24","2022/11/30","情報処理システム、制御プログラム、情報処理システムの制御方法、情報処理装置、および入力デバイス","大倉工業株式会社","G06Q50/10,C08J11/10,G06Q10/00,400,G06Q10/30","","","特許7181434","","","https://www.j-platpat.inpit.go.jp/c1800/PU/JP-7181434/DB5DFE578D23BAC6CDEF4D36A782A53B2FA43E410D44AAC094C307F7E716176F/15/ja"
"特許7181356","特願2021-142647","2021/09/01","2022/11/30","配管溶接部の検査装置","東芝プラントシステム株式会社","G01N21/952,G01N21/91@A,G01N29/04,G01N21/91@B,G06T7/00,350@C,G01N23/04","","","特許7181356","","","https://www.j-platpat.inpit.go.jp/c1800/PU/JP-7181356/5A1D062E82CCAB2BB0C986AF6FB3E25736F0B338AC41C07C319AAA7E7220AB3F/15/ja"
"特許7180921","特願2021-205067","2021/12/17","2022/11/30","プログラム、情報処理装置および情報処理方法","ｈａｃｋｊｐｎ株式会社","G06Q50/10","","","特許7180921","拒絶2022-013868","","https://www.j-platpat.inpit.go.jp/c1800/PU/JP-7180921/D2B4EC9BC3FAE3BB3B243C09386389CEF98EC50A6E4E509485B3DA82B3F733C0/15/ja"
"特開2022-177308","特願2022-159578","2022/10/03","2022/11/30","情報提案システム、情報提案方法、プログラムおよび記録媒体","富士フイルム株式会社","G06F16/58","特開2022-177308","","","","","https://www.j-platpat.inpit.go.jp/c1800/PU/JP-2022-177308/A8FFDDCFE09AA8A02A0490DC5275D8D1BC98934B69A038633D348458A6B6516C/11/ja"
"特開2022-177307","特願2022-159494","2022/10/03","2022/11/30","情報提案システム、情報提案方法、プログラムおよび記録媒体","富士フイルム株式会社","G06F16/58","特開2022-177307","","","","","https://www.j-platpat.inpit.go.jp/c1800/PU/JP-2022-177307/EC076861CEF430693B96D55D9342F70BCA6E327C5F3CF0315432B8E698034D17/11/ja"
"特開2022-177271","特願2022-155805","2022/09/29","2022/11/30","人工知能ベースの解析を使用した対話モニタリングおよびコミュニケーションシステム","アクセンチュア　グローバル　ソリューションズ　リミテッド","G06Q30/02,470,G06Q50/10","特開2022-177271","","","","","https://www.j-platpat.inpit.go.jp/c1800/PU/JP-2022-177271/4EBE263A3CBB5ACEFF8D962E4940AADF9128FA43005B651BA00F93EA87DF68B0/11/ja"
"特開2022-177264","特願2022-155286","2022/09/28","2022/11/30","遊技場における不正検知システム","エンゼルグループ株式会社","A63F1/06@Z,A63F1/06@A","特開2022-177264","","","","","https://www.j-platpat.inpit.go.jp/c1800/PU/JP-2022-177264/C22CA27DD6F7EF5F0379DA02EE61C6914B00A3F6CB8EF1312C27902F79728DAF/11/ja"
"特開2022-177263","特願2022-155283","2022/09/28","2022/11/30","遊技場における不正検知システム","エンゼルグループ株式会社","A63F1/06@Z,A63F1/06@A","特開2022-177263","","","","","https://www.j-platpat.inpit.go.jp/c1800/PU/JP-2022-177263/12AE7F6DDF6DA3BED4A002C42942624FBC45CB92DD8927C61B8248AE3D5153B7/11/ja"
"特開2022-177242","特願2022-153452","2022/09/27","2022/11/30","テキスト認識モデルの訓練方法、テキスト認識方法及び装置","ベイジン　バイドゥ　ネットコム　サイエンス　テクノロジー　カンパニー　リミテッド","G06V30/194,G06T7/00,350@C,G06V10/82","特開2022-177242","","","","","https://www.j-platpat.inpit.go.jp/c1800/PU/JP-2022-177242/69E1B49ED962D030E9B58B3A5330979B46612DE024C946397A54321FBF3AEF53/11/ja"
"特開2022-177232","特願2022-152161","2022/09/26","2022/11/30","画像処理方法、テキスト認識方法及び装置","ベイジン　バイドゥ　ネットコム　サイエンス　テクノロジー　カンパニー　リミテッド","G06T7/00,350@C,G06T7/10,G06V10/82,G06V30/194","特開2022-177232","","","","","https://www.j-platpat.inpit.go.jp/c1800/PU/JP-2022-177232/AAD3FD943E040EE98AE8BF287409C91737FABE3107F7EEA990859A5FFAC3305F/11/ja"
"特開2022-177223","特願2022-151272","2022/09/22","2022/11/30","複数の経路の生成方法、装置、機器及び記憶媒体","ベイジン　バイドゥ　ネットコム　サイエンス　テクノロジー　カンパニー　リミテッド","G06F16/909,G06F16/28,G01C21/34","特開2022-177223","","","","","https://www.j-platpat.inpit.go.jp/c1800/PU/JP-2022-177223/C13434CB696A4674D54C7736F19D379A52EF5B37B7CD0728B6F46E38FA8C576A/11/ja"
"特開2022-177220","特願2022-151153","2022/09/22","2022/11/30","テキスト認識モデルの訓練方法、テキスト認識方法及び装置","ベイジン　バイドゥ　ネットコム　サイエンス　テクノロジー　カンパニー　リミテッド","G06V30/194,G06K9/62,G06T7/00,350@C","特開2022-177220","","","","","https://www.j-platpat.inpit.go.jp/c1800/PU/JP-2022-177220/BC0C2F144807978EFEC7C8088816F82897486F3A232565D009CFF925C88AB122/11/ja"
"特開2022-177218","特願2022-150818","2022/09/22","2022/11/30","虚像生成モデルのトレーニング方法および虚像生成方法","ベイジン　バイドゥ　ネットコム　サイエンス　テクノロジー　カンパニー　リミテッド","G06V10/82,G06N20/00,G06T7/00,350@C,G06V10/774","特開2022-177218","","","","","https://www.j-platpat.inpit.go.jp/c1800/PU/JP-2022-177218/1592C1572AE13E11B3309BC48B0954FA3D58D6BDB24A0A60D737148E858FD523/11/ja"
"特開2022-177202","特願2022-149887","2022/09/21","2022/11/30","レーザーレーダーと測位装置の校正方法、機器及び自律運転車両","アポロ　インテリジェント　ドライビング　テクノロジー（ペキン）カンパニー　リミテッド","G06T7/38,G06T7/70@Z,G05D1/02@H","特開2022-177202","","","","","https://www.j-platpat.inpit.go.jp/c1800/PU/JP-2022-177202/B61B6D15B134A8A36429553EEF2A7A2DDC61A6A863EB3B0462018FE75CF26FE3/11/ja"
"特開2022-177201","特願2022-149885","2022/09/21","2022/11/30","画像処理方法、装置、電子機器及び記憶媒体","ベイジン　バイドゥ　ネットコム　サイエンス　テクノロジー　カンパニー　リミテッド","G06T7/00,350@C,G06V10/82,G06N3/04,G06N3/08","特開2022-177201","","","","","https://www.j-platpat.inpit.go.jp/c1800/PU/JP-2022-177201/F37544226CA459118B23FB22C8A1511A2BCA0ECC5576B4D60AB808B19CF72D7C/11/ja"
"特開2022-177197","特願2022-149753","2022/09/21","2022/11/30","検索ニーズ評価プログラム、検索ニーズ評価装置および検索ニーズ評価方法、ならびに、評価プログラム、評価装置および評価方法","データ・サイエンティスト株式会社","G06F16/2458","特開2022-177197","","","","","https://www.j-platpat.inpit.go.jp/c1800/PU/JP-2022-177197/38550E513688BD8AF7715CC8671A27DAB725FFBE5AB04654E182E420969A00BB/11/ja"
"特開2022-177096","特願2022-142663","2022/09/08","2022/11/30","行列処理装置","インテル・コーポレーション","G06F17/16@K,G06F9/50,150@E,G06F9/38,370@X","特開2022-177096","","","","","https://www.j-platpat.inpit.go.jp/c1800/PU/JP-2022-177096/935F456C11CE5BEB85C3AD710D88B0F5442F863A8903D9FD24E99E11CEC974DB/11/ja"
"特開2022-177062","特願2022-139282","2022/09/01","2022/11/30","ゲームプレイコンパニオンアプリケーション","ソニー・インタラクティブエンタテインメント　エルエルシー","A63F13/85,A63F13/53,A63F13/5375,A63F13/55,A63F13/34","特開2022-177062","","","","","https://www.j-platpat.inpit.go.jp/c1800/PU/JP-2022-177062/34CD0F371CDDB4CC071A6CD304161F451651BFF90F3FD7504EF6094BAE534914/11/ja"
"特開2022-177032","特願2022-136840","2022/08/30","2022/11/30","改良されたボットタスク処理のための動的応答予測","アミア、シートブン,コンキー、ガリ,バノウノウ、エラン,ライブパーソン，　インコーポレイテッド,ロン・オファー","H04L69/14","特開2022-177032","","","","","https://www.j-platpat.inpit.go.jp/c1800/PU/JP-2022-177032/63C04E2244267161365F1A041CB3893CF2E941AD7E597F0B7535CE46069A17FF/11/ja"
"特開2022-177009","特願2022-134301","2022/08/25","2022/11/30","畳み込みニューラルネットワーク（ＣＮＮＳ）を使用した異常スプライシング検出","イルミナ　インコーポレイテッド","G16B30/00,G16B40/20","特開2022-177009","","","","","https://www.j-platpat.inpit.go.jp/c1800/PU/JP-2022-177009/9999EF107D155A0E0CDB88A030BF7300F3DB16D3D7A41D8D970B75217895A227/11/ja"
"特開2022-176990","特願2022-132366","2022/08/23","2022/11/30","全方位撮影システムおよび全方位撮影方法","株式会社東芝,東芝エネルギーシステムズ株式会社","H04N5/232,290,H04N7/18@D,H04N7/18@U,G03B37/00@A,G03B15/00@W","特開2022-176990","","","","","https://www.j-platpat.inpit.go.jp/c1800/PU/JP-2022-176990/205EC58A8169C2C6D174CA94B01045A8595A6BF0D929758CF7DC4BA85DEBEB33/11/ja"
"特開2022-176852","特願2021-083525","2021/05/17","2022/11/30","人力駆動車用の制御装置","株式会社シマノ","B62J1/00@C,B62J45/41,B62J45/422,B62J45/00,B62J43/30","特開2022-176852","","","","","https://www.j-platpat.inpit.go.jp/c1800/PU/JP-2022-176852/11E4F2CCDC30286EDFCFA35EA40C9A3D27C878992CCE8F5669563894A92FD0EB/11/ja"
"特開2022-176851","特願2021-083524","2021/05/17","2022/11/30","人力駆動車用の制御装置","株式会社シマノ","B62M6/45,B62J50/22,G06T7/00,350@B","特開2022-176851","","","","","https://www.j-platpat.inpit.go.jp/c1800/PU/JP-2022-176851/D85F1B090CC4F11FC6051F3814B776B1D238A0BC022377FB4F79A6BEFE395A91/11/ja"
"特開2022-176850","特願2021-083523","2021/05/17","2022/11/30","人力駆動車用の制御装置","株式会社シマノ","B62M6/45,B62M25/08,B62K25/04,B62J1/08@D","特開2022-176850","","","","","https://www.j-platpat.inpit.go.jp/c1800/PU/JP-2022-176850/9C2CB7630BEF0C78114ECB2D14A5514228F32E6A6E152F9A79D9AA8E90BD2152/11/ja"
"特開2022-176849","特願2021-083522","2021/05/17","2022/11/30","人力駆動車用の制御装置","株式会社シマノ","B62M25/08,B62M9/132,B62M9/133,B62M9/122,B62M9/123,B62M11/16@H,G06T7/00,350@B","特開2022-176849","","","","","https://www.j-platpat.inpit.go.jp/c1800/PU/JP-2022-176849/8B123725DF565A3FFCA0DC722A05E89AEB3B1FC99B93B716DF9F5C9A38575E3A/11/ja"
"特開2022-176720","特願2021-083283","2021/05/17","2022/11/30","調理器、調理器が備える回転体の回転制御方法","シャープ株式会社","A47J27/00,103@Z,A47J44/02","特開2022-176720","","","","","https://www.j-platpat.inpit.go.jp/c1800/PU/JP-2022-176720/90FE676C6BFE06C0B5610F73D83AD19A73BA4CB8CFB3FB1E6D40CD11F9B8B93B/11/ja"
"特開2022-176700","特願2021-083252","2021/05/17","2022/11/30","工業炉保全支援システム","ロザイ工業株式会社","G06Q50/04,G05B19/418@Z,G16Y10/25,G16Y20/20,G16Y40/10,G16Y40/40,G05B23/02,302@S","特開2022-176700","","","","","https://www.j-platpat.inpit.go.jp/c1800/PU/JP-2022-176700/D82FE1F0C2F24F734E0B11ED674A0FD47909193D77EF20FAF83C897288A089B3/11/ja"
"特許7179399","特願2022-554277","2022/08/01","2022/11/29","点眼補助具","合同会社クオビス","A61M11/00@K,A61J1/05,313@A,A61M35/00@Z","","","特許7179399","","","https://www.j-platpat.inpit.go.jp/c1800/PU/JP-7179399/7B33F88ADD8C81EC45B4DEAF1A3251433C0F6033B5CDBD2746CAF93F4BC8A945/15/ja"
"特許7179237","特願2022-543749","2022/03/10","2022/11/28","ニューラルネットワーク装置","三菱電機株式会社","G06N3/02,G06N3/0464","","","特許7179237","","","https://www.j-platpat.inpit.go.jp/c1800/PU/JP-7179237/AE12CB4AD86D12E8AB5B68BD7D80429108F01B7D5CE39C2FE1AD8426F06E679F/15/ja"
"特開2022-176173","特願2022-079466","2022/05/13","2022/11/25","生物学的配列を分類する方法、コンピュータプログラム、コンピュータ実装方法（未知のゲノムおよび直近既知ゲノムの識別）","インターナショナル・ビジネス・マシーンズ・コーポレーション","G16B40/30,G06N3/08,G06N3/04","特開2022-176173","","","","","https://www.j-platpat.inpit.go.jp/c1800/PU/JP-2022-176173/DA947ADDA7B605337AD9D8B50FCB058E8A2A1C63430162D088DBC4D0C0483E03/11/ja"
"特開2022-176171","特願2022-079332","2022/05/13","2022/11/25","航空画像からの航空機分類","オービタル　インサイト　インコーポレイテッド","G06T7/00,640,G06T7/00,350@B,G06V10/70","特開2022-176171","","","","","https://www.j-platpat.inpit.go.jp/c1800/PU/JP-2022-176171/860F64531BAAF7025A8C5B8080A8E9C989CA6AF8C8508E37FDAE83C31472F341/11/ja"
"特開2022-176166","特願2022-078958","2022/05/12","2022/11/25","半導体装置、表示装置、及び電子機器","株式会社半導体エネルギー研究所","G11C19/28,230,G09G3/20,621@F,G09G3/20,622@E,G09G3/20,611@A,G09G3/3233","特開2022-176166","","","","","https://www.j-platpat.inpit.go.jp/c1800/PU/JP-2022-176166/D9A38125089071AF63BA702BC701BE16F631F29F612FB6444AF3D753C64DAB0A/11/ja"
"特開2022-176129","特願2022-077217","2022/05/09","2022/11/25","炎症性疾患予兆検出装置、炎症性疾患予兆検出方法、炎症性疾患予兆検出プログラム、学習モデル生成装置、学習モデル生成方法、学習モデル生成プログラム、心拍情報計測装置、及び心拍情報計測方法","国立研究開発法人農業・食品産業技術総合研究機構,国立大学法人九州大学,国立大学法人北海道国立大学機構","A01K29/00@D,A61D1/08@Z","特開2022-176129","","","","","https://www.j-platpat.inpit.go.jp/c1800/PU/JP-2022-176129/8CD8D91728D1F74821C05C5DA526F135DAF7EB3F039B366EF8058597D2D5F5DD/11/ja"
"特開2022-176081","特願2022-039787","2022/03/15","2022/11/25","適応視標追跡機械学習モデル・エンジン","エヌビディア　コーポレーション","G06T7/00,350@B,G06T7/00,660@A,G06T7/00,650@Z,G08G1/16@F,B60W40/08,G06V10/82,G06V20/58","特開2022-176081","","","","","https://www.j-platpat.inpit.go.jp/c1800/PU/JP-2022-176081/947AA0BDC78F86017BF96EE51307CF93A1251DF4A5D0BA258DF3247284E5A286/11/ja"
"特開2022-176062","特願2022-011270","2022/01/27","2022/11/25","室内空気汚染防除システム","研能科技股▲ふん▼有限公司","F24F7/003,F24F7/007@B,F24F7/10,101@D,F24F7/06,101@Z,F24F11/77,A61L9/00@Z","特開2022-176062","","","","","https://www.j-platpat.inpit.go.jp/c1800/PU/JP-2022-176062/97CCCA71EC56FF3E3BC4AFBE57491BDB1FB36684C0258CEF1DAFCF62AD886D09/11/ja"
"特開2022-175927","特願2021-082709","2021/05/14","2022/11/25","カットスタイル判定システム及びカットスタイル判定方法","アニコム　ホールディングス株式会社","G06T7/00,350@B,A01K29/00@B,G06Q50/10","特開2022-175927","","","","","https://www.j-platpat.inpit.go.jp/c1800/PU/JP-2022-175927/8B807595A21D24DFABFD5A3892595B9A36EE8CB137805F58155B27E15CCADE61/11/ja"
"特開2022-175681","特願2021-082306","2021/05/14","2022/11/25","学習用要件生成装置、学習用要件生成方法、及びプログラム","日本電気株式会社","G06F8/10","特開2022-175681","","","","","https://www.j-platpat.inpit.go.jp/c1800/PU/JP-2022-175681/5A9D5EA4A8ED543D2F5B17ADBE628D66D5C8D9945629EFAC9544EC7321D227AC/11/ja"
"特開2022-175516","特願2021-081936","2021/05/13","2022/11/25","溶接判定装置、溶接判定装置システム、溶接判定方法、及び溶接判定プログラム","株式会社ナ・デックス","B23K11/25,B23K11/24,338,B23K31/00@K","特開2022-175516","","","","","https://www.j-platpat.inpit.go.jp/c1800/PU/JP-2022-175516/7936E662C40436C1AE26E4D3A3CA8CB769CEFD9B6CBB8965355D5B7ABF6A297A/11/ja"
"特開2022-175508","特願2021-081920","2021/05/13","2022/11/25","領域設定装置、ラック、制御システム、領域設定方法及びプログラム","オムロン株式会社","B25J19/06","特開2022-175508","","","","","https://www.j-platpat.inpit.go.jp/c1800/PU/JP-2022-175508/41A2ECC552B58D6E4228E6CF3E1133CEFDD3001068E6B3A71763D4F74C5126E0/11/ja"
"特開2022-175445","特願2021-081826","2021/05/13","2022/11/25","表示装置、表示方法、携帯端末装置、携帯端末装置の制御方法、およびプログラム","シャープ株式会社","H04N21/436,G06F13/00,520@F,G06F3/01,510,H04L67/00","特開2022-175445","","","","","https://www.j-platpat.inpit.go.jp/c1800/PU/JP-2022-175445/5C05FA33B4EFE9B55321DBE7EA4EE7329D5392173A4556C20EB830E1DD01F50E/11/ja"
"特開2022-175438","特願2021-081814","2021/05/13","2022/11/25","施術器、当該施術器を備えたロボット、ロボットの操作方法、医療用ロボット、医療システム、エンドエフェクタ、医療用ツール、鉗子、鑷子、把持・凝固方法、把持・切断方法、及び携帯用手術器","国立大学法人滋賀医科大学","A61B18/14,A61B34/30","特開2022-175438","","","","","https://www.j-platpat.inpit.go.jp/c1800/PU/JP-2022-175438/6350CC7678EBF4D88E38D8134FF9725AAB8FAEDC2A230751A3D896C1F5D684D5/11/ja"
"特開2022-175437","特願2021-081813","2021/05/13","2022/11/25","問題文作成装置、問題文作成方法及びプログラム","学校法人慶應義塾","G09B19/00@Z,G06N5/04","特開2022-175437","","","","","https://www.j-platpat.inpit.go.jp/c1800/PU/JP-2022-175437/D4706EB096C0E423A300A559AF72C57223443FE72A6D058DA1047FFC6D53E61D/11/ja"
"特開2022-175359","特願2021-081693","2021/05/13","2022/11/25","車両用情報提供装置、情報提供方法、及び情報提供プログラム","株式会社デンソー","G06F3/01,510,B60W50/14,B60W40/02,G09F9/00,362","特開2022-175359","","","","","https://www.j-platpat.inpit.go.jp/c1800/PU/JP-2022-175359/28F72EA6C03048F77D19744E7B32D191891B5812439FBFB67E6456713A08E294/11/ja"
"特開2022-175300","特願2021-081587","2021/05/13","2022/11/25","劣化判定システム、学習装置、および、推論装置","三菱電機株式会社","G01R31/00","特開2022-175300","","","","","https://www.j-platpat.inpit.go.jp/c1800/PU/JP-2022-175300/4B6EE8652A0A4F62EEC8C7F59EFEB4DF3599363AA856AB2F38843DA0F8747617/11/ja"
"特開2022-175037","特願2021-081151","2021/05/12","2022/11/25","プログラム、情報処理方法及び内視鏡システム","ＨＯＹＡ株式会社","A61B1/045,623,A61B1/018,515,A61B1/00,552,A61B1/00@V,A61B1/045,614","特開2022-175037","","","","","https://www.j-platpat.inpit.go.jp/c1800/PU/JP-2022-175037/03D63B717FDB785ED1A12D3C013DBC1DBBA2ED8D3A5D7E10774038DE36F16E4C/11/ja"
"特開2022-174971","特願2021-081053","2021/05/12","2022/11/25","コンクリート締固め作業解析装置、解析方法及びプログラム","五洋建設株式会社","G06Q50/08,E04G21/08,G06T7/00,350@C,G06T7/20,300@Z,G06T7/593,G06T7/70@Z,G06T7/00,610","特開2022-174971","","","","","https://www.j-platpat.inpit.go.jp/c1800/PU/JP-2022-174971/4B5CC460E409776FD5D06F4619235E8CA3AA9283673021983950B0CAD2F2AE6C/11/ja"
"特開2022-174924","特願2021-080973","2021/05/12","2022/11/25","患者情報集約システム、患者情報集約方法及びプログラム","国立大学法人　新潟大学","G16H10/60,G16H20/00","特開2022-174924","","","","","https://www.j-platpat.inpit.go.jp/c1800/PU/JP-2022-174924/7E082C3E8FB24218BA7855FDDC6B39183E9F9078392B6356487515104FE2EE6E/11/ja"
"特開2022-174904","特願2021-080942","2021/05/12","2022/11/25","情報処理装置、回転可能な椅子、情報処理方法及び情報処理プログラム","ＭＩＧ株式会社","G06T19/00,300@B,G06F3/01,510","特開2022-174904","","","","","https://www.j-platpat.inpit.go.jp/c1800/PU/JP-2022-174904/63FFAA3BD69D3CE979E94C4DAB4BF0F659588F2789C26F4D172BD5374336EC41/11/ja"
"特開2022-174885","特願2021-080900","2021/05/12","2022/11/25","二次電池管理装置、二次電池管理方法およびプログラム","株式会社日立製作所","H02J7/02@B,G01R31/392,G01R31/382,G01R31/385,G01R31/389,H02J7/00@P,H01M10/48@P,H01M10/42@P,H01M10/48,301,B60L3/00@S,B60L53/68,B60L58/12,H01M10/44@Q","特開2022-174885","","","","","https://www.j-platpat.inpit.go.jp/c1800/PU/JP-2022-174885/9F87DFB4F021036354C0B65C397C8D0817AFDC6F10A9BC6B2BD25B98E50E33E2/11/ja"
"特開2022-174882","特願2021-080897","2021/05/12","2022/11/25","動物性素材の由来種、品種及び／又は品質を試験する方法及びシステム","国立研究開発法人農業・食品産業技術総合研究機構","G01N27/62@V,G01N33/68,C07K1/14,C12M1/00@A","特開2022-174882","","","","","https://www.j-platpat.inpit.go.jp/c1800/PU/JP-2022-174882/68172C9919C566C36A5A6875364901CA13FF950A522ED573BB4215BFE88363FB/11/ja"
"特許7177968","特願2022-527935","2020/12/28","2022/11/24","車両制御装置、車両制御方法、およびプログラム","本田技研工業株式会社","B60W50/035,B60W30/10,B60W60/00,B60W50/14,B60W30/14,G08G1/16@C","WO2022/144952","","特許7177968","","","https://www.j-platpat.inpit.go.jp/c1800/PU/JP-7177968/52CAF8CDA09E7B68F5EA218C90884799E543BB09372D99332A6169694C38704F/15/ja"
"特許7177578","特願2022-058048","2022/03/31","2022/11/24","プログラム、情報処理装置、情報処理システム、情報処理方法","株式会社オプティム","G06Q50/02","","","特許7177578","","","https://www.j-platpat.inpit.go.jp/c1800/PU/JP-7177578/8056208ABCD8FB095C08B15875350B6E243CB6751E0CCA5EC25C9AD7B8B3987E/15/ja"
"特開2022-174750","特願2022-123492","2022/08/02","2022/11/24","検査システム及び検査装置","エンゼルグループ株式会社","A63F3/00,516@Z,A63F3/00,515@Z,A63F1/06@Z,G07D5/00","特開2022-174750","","","","","https://www.j-platpat.inpit.go.jp/c1800/PU/JP-2022-174750/92158A3177CB6380C6A9FA3AF67222DC8DB9D0FB8461CA4379DD5E22BEFB5630/11/ja"
"特開2022-174733","特願2022-077366","2022/05/10","2022/11/24","所与の環境における紫外線ランプの電力使用を管理及び予測するためのシステム及び方法","ザ・ボーイング・カンパニー","B64D47/00,A61L2/10,B64D11/00","特開2022-174733","","","","","https://www.j-platpat.inpit.go.jp/c1800/PU/JP-2022-174733/1F32258D58E5BDFD07B147072F61C44B0AD3062FFA782909C52D5E9D21586120/11/ja"
"特開2022-174643","特願2021-080581","2021/05/11","2022/11/24","入退管理装置及び入退管理方法","株式会社サクシード","G06Q10/00,G08B25/00,510@M,G08B25/04@F,G07C9/37,G07C9/38","特開2022-174643","","","","","https://www.j-platpat.inpit.go.jp/c1800/PU/JP-2022-174643/AC489F8B16AB2D6883B7CBBDAD5E9EAF56C1F9332AD164B77F355B7E1CDDBF4E/11/ja"
"特開2022-174470","特願2021-080284","2021/05/11","2022/11/24","情報処理システム、情報処理方法、情報処理プログラム","株式会社東芝,東芝インフラシステムズ株式会社","G08G1/017,G08G1/09@F,G07B15/00,510,G07B15/00@L,G16Y10/40,G16Y20/20,G16Y40/10","特開2022-174470","","","","","https://www.j-platpat.inpit.go.jp/c1800/PU/JP-2022-174470/28AD66E4039489C28F8566EABD61BE4DD463A8E37C9C35A10F3AB09C9F9EEB73/11/ja"
"特許7177303","特願2022-529393","2021/06/30","2022/11/22","サービス提供システム、サービス提供方法、及びプログラム","楽天グループ株式会社","G06F21/31","","","特許7177303","","","https://www.j-platpat.inpit.go.jp/c1800/PU/JP-7177303/20511B7AE1FEB31AABE84A236035D30ACB99C1968D3F9F37B1370674750986B2/15/ja"
"特許7176655","特願2022-066978","2022/04/14","2022/11/22","真贋判定方法、真贋判定システム、及び真贋判定装置","凸版印刷株式会社","G06T7/00@Z,G06Q50/10","","","特許7176655","","","https://www.j-platpat.inpit.go.jp/c1800/PU/JP-7176655/ECD7AEB43FDF5D31E660EA8207C45495D6AC2DCD75E238165219DDD557C8BE3F/15/ja"
"特開2022-174297","特願2022-150201","2022/09/21","2022/11/22","ゲームログを活用したベッティングサービス提供方法およびシステム","ライン　アップ　コーポレイション,ライン　プラス　コーポレーション","A63F13/80@F,A63F13/49","特開2022-174297","","","","","https://www.j-platpat.inpit.go.jp/c1800/PU/JP-2022-174297/986A6BAA29A021481BE24434B1456E5A673AB07B181E6237BC2EDFD061A1C785/11/ja"
"特開2022-174248","特願2022-147536","2022/09/16","2022/11/22","作業地形検出方法、装置及び作業地形を検出するための工事機器","ベイジン　バイドゥ　ネットコム　サイエンス　テクノロジー　カンパニー　リミテッド","G01S17/89,G06T7/70@Z","特開2022-174248","","","","","https://www.j-platpat.inpit.go.jp/c1800/PU/JP-2022-174248/5E456BD3D07E35EE6E374B8CCA0F273BA0E3E2F2D26E40DA89A67469017D0A1B/11/ja"
"特開2022-174244","特願2022-147442","2022/09/15","2022/11/22","テキスト生成システム","大曽根　宏幸","G06F40/56,G06F40/44","特開2022-174244","","","","","https://www.j-platpat.inpit.go.jp/c1800/PU/JP-2022-174244/EDB2027BFED4BCE4A9BD20612F7F42A1D05ED7EC560DD27EDC4D7E0331585CEF/11/ja"
"特開2022-174149","特願2022-138460","2022/08/31","2022/11/22","車両遠隔操作システム及び車両遠隔操作方法","株式会社ブロードリーフ","G01C21/28,G08G1/09@V,G08G1/09@F,G05D1/00@B,G16Y40/30,G16Y20/20,G16Y10/40","特開2022-174149","","","","","https://www.j-platpat.inpit.go.jp/c1800/PU/JP-2022-174149/0E09595F34E60BA655D19CE1E0A89021CCC4A82AF7980AD9C71ECD1B3F5531B5/11/ja"
"特開2022-174119","特願2022-135107","2022/08/26","2022/11/22","拡張された解剖学的特徴を表示するためのシステム及び方法","ロウ，グスタフ","G06F3/01,570,G06T7/20,300@A,G06V10/40,G16H30/00,G09B23/28","特開2022-174119","","","","","https://www.j-platpat.inpit.go.jp/c1800/PU/JP-2022-174119/319F7CE656933EC59D4EA13A411302C606F4CB346954C92D7B74A30809E59F7F/11/ja"
"特開2022-174013","特願2022-076701","2022/05/06","2022/11/22","ショッピングモールウェブページに関連づけられたデータを提供する装置、記録媒体、プログラムおよび方法","エヌエイチエヌ　コーポレーション,エヌエイチエヌ　クラウド　コーポレーション","G06F16/95,G06V10/74,G06Q30/02,338,G06Q30/0217","特開2022-174013","","","","","https://www.j-platpat.inpit.go.jp/c1800/PU/JP-2022-174013/89F9873AC900E6221A4575D98C3688BD6980DB41034097575A6B24F3207EEFEA/11/ja"
"特開2022-174010","特願2022-073355","2022/04/27","2022/11/22","健康状態評価システム、健康状態評価方法、およびプログラム","ＰＨＣホールディングス株式会社","G06Q10/10,324,G16H10/20,G06Q10/1057","特開2022-174010","","","","","https://www.j-platpat.inpit.go.jp/c1800/PU/JP-2022-174010/C6CB60303807F49C469C6BC81E2936C0A9A8BB35F340CFF85D9132B1E0C1C6BD/11/ja"
"特開2022-174009","特願2022-071548","2022/04/25","2022/11/22","多次元ベクトルニューラルネットワークのための演算装置及びその動作方法","三星電子株式会社","G06N3/063","特開2022-174009","","","","","https://www.j-platpat.inpit.go.jp/c1800/PU/JP-2022-174009/12D0BD386864CD72A0A186748B66CF5B357531FFB19AEDFD61218DB1C63573B3/11/ja"
"特開2022-173990","特願2022-031335","2022/03/01","2022/11/22","線路監視システムを用いた空間分解による外乱検出","サブコム，エルエルシー","H04B10/073,G01H9/00@E","特開2022-173990","","","","","https://www.j-platpat.inpit.go.jp/c1800/PU/JP-2022-173990/01698902C524D37D574CC8B88E22903B16021FF7663DC65D94CAD580B9730378/11/ja"
"特開2022-173968","特願2021-080089","2021/05/10","2022/11/22","画像生成装置","株式会社ユニバーサルエージェント","G06Q30/06,330,G06Q30/0601,330","特開2022-173968","","","","","https://www.j-platpat.inpit.go.jp/c1800/PU/JP-2022-173968/D1A133EA3F84C39EF51858554E6F0F06544514D4CBCE2CBFC8526EF600C45D5E/11/ja"
"特開2022-173797","特願2021-079722","2021/05/10","2022/11/22","リソース管理システム、リソース管理装置、リソース管理方法及びプログラム","株式会社リコー","G06Q10/02,G06Q10/06","特開2022-173797","","","","","https://www.j-platpat.inpit.go.jp/c1800/PU/JP-2022-173797/3297DCC1AA7D6D87EFA12DC0CB6F0FA3AC8598F45B0C1B0E987FA6C35138B37E/11/ja"
"実登3239911","実願2022-003124","2022/09/20","2022/11/21","インテリジェント人間工学健康分析システム","穩態光電科技股▲ふん▼有限公司","G16H10/60,A61B5/00@A,A61B5/00@G","","","実登3239911","","","https://www.j-platpat.inpit.go.jp/c1800/PU/JP-3239911/70CDF09E6D843ECEBD8F0CD58E4EE00EDBF2061CF88A8183411628BAFE39892D/25/ja"
"特許7176158","特願2022-529394","2021/06/30","2022/11/21","学習モデル評価システム、学習モデル評価方法、及びプログラム","楽天グループ株式会社","G06F21/55,G06N20/00","","","特許7176158","","","https://www.j-platpat.inpit.go.jp/c1800/PU/JP-7176158/37188C09F42F0D4515D43B763C62106CD6A1FDBA22B1E8D7173A9A78DC4BE84D/15/ja"
"特許7176157","特願2022-529391","2021/06/30","2022/11/21","学習モデル作成システム、学習モデル作成方法、及びプログラム","楽天グループ株式会社","G06F21/55,G06Q20/40","","","特許7176157","","","https://www.j-platpat.inpit.go.jp/c1800/PU/JP-7176157/1C9A595AA30745731305E4E5C9107FE673874BA5BF23DB19E1B5BA352B7AFD18/15/ja"
"特許7175433","特願2022-552278","2022/04/01","2022/11/18","加工面品位シミュレーション装置および加工面品位表示方法","三菱電機株式会社","G05B19/4069,B23Q15/00@B,G05B19/4155@V","","","特許7175433","","","https://www.j-platpat.inpit.go.jp/c1800/PU/JP-7175433/C3448AD1478CF0A4405DCC28545091F44B6DD472589A343053DB408670221EA6/15/ja"
"特許7175415","特願2022-092764","2022/06/08","2022/11/18","ＳＴＥＯＦ－ＬＳＴＭに基づく海洋環境要素予測方法","哈爾濱工程大学","G06F17/10@Z,G06F17/18@Z,G01W1/00@Z","特開2022-191176","","特許7175415","","","https://www.j-platpat.inpit.go.jp/c1800/PU/JP-7175415/47405307D33375257FC128B8831F5E1288C424C0DF92D3539143B8722F785032/15/ja"
"特開2022-173453","特願2022-156162","2022/09/29","2022/11/18","ディープラーニングモデルのトレーニング方法、自然言語処理方法及び装置、電子機器、記憶媒体及びコンピュータプログラム","ベイジン　バイドゥ　ネットコム　サイエンス　テクノロジー　カンパニー　リミテッド","G06N3/08,G06T7/00,350@C,G06V10/82,G06N3/04","特開2022-173453","","","","","https://www.j-platpat.inpit.go.jp/c1800/PU/JP-2022-173453/53BBAA2917B3219426914708751A91F7836BD0C6F2764A5CD3180DE05CE618EB/11/ja"
"特開2022-173416","特願2022-154564","2022/09/28","2022/11/18","ケーブルアンテナ、ゲートアンテナ、アンテナユニット、自動搬送棚、および無人レジ","ヨメテル株式会社","H01Q13/20","特開2022-173416","","","","","https://www.j-platpat.inpit.go.jp/c1800/PU/JP-2022-173416/397336A8BA75DA0D9E54B9C4D224EF8738E764FF7ABADAD65E13324944664AAC/11/ja"
"特開2022-173321","特願2022-149839","2022/09/21","2022/11/18","オブジェクトの検出方法、装置、デバイス、媒体及びプログラム","ベイジン　バイドゥ　ネットコム　サイエンス　テクノロジー　カンパニー　リミテッド","G06T7/00,350@C,G06V10/82,G06N3/04,G06N3/08","特開2022-173321","","","","","https://www.j-platpat.inpit.go.jp/c1800/PU/JP-2022-173321/0EED56E773CCAA4D6E3F28A251D89F04F55FFDBE2B63C44D2C3930C7C24DE3AA/11/ja"
"特開2022-173253","特願2022-142065","2022/09/07","2022/11/18","情報処理システム及びプログラム","東京ガスｉネット株式会社","G06T19/00,600,G06F3/0481,G06F3/01,510","特開2022-173253","","","","","https://www.j-platpat.inpit.go.jp/c1800/PU/JP-2022-173253/870020F488923411D9FB8C19E5DA3B1CBACD9F4C64F29DD4239BAC52FC502408/11/ja"
"特開2022-173244","特願2022-141348","2022/09/06","2022/11/18","状況認識のためのモバイル清掃ロボット人工知能","アイロボット・コーポレーション","A47L9/28@E,G05D1/02@J","特開2022-173244","","","","","https://www.j-platpat.inpit.go.jp/c1800/PU/JP-2022-173244/A3C3EA13C33E201646AF6198D22BE461D67ED637D1D218A4BD21870CA76B44B2/11/ja"
"特開2022-173224","特願2022-138322","2022/08/31","2022/11/18","レーザ加工装置及びレーザ加工方法","浜松ホトニクス株式会社","B23K26/53,B23K26/00@P,H01L21/304,611@Z","特開2022-173224","","","","","https://www.j-platpat.inpit.go.jp/c1800/PU/JP-2022-173224/E61A067AAB3B31E09A5C0341E1A75A5E5FEE640A51C0D195D005600ED19033B6/11/ja"
"特開2022-173186","特願2022-130755","2022/08/18","2022/11/18","ゲーミングプロセスのデータあふれ検査および改善された実行","ロブロックス・コーポレーション","A63F13/70,A63F13/79,A63F13/45,G06F16/9035","特開2022-173186","","","","","https://www.j-platpat.inpit.go.jp/c1800/PU/JP-2022-173186/33B82FDEDF7A1111E71C106023D480FD6498FCF4BAB0A5C7F644F2414BB7A5B7/11/ja"
"特開2022-173183","特願2022-043117","2022/03/17","2022/11/18","音声エンドポイント検出方法、装置、電子機器、及び記憶媒体","ベイジン　バイドゥ　ネットコム　サイエンス　テクノロジー　カンパニー　リミテッド","G10L15/04,300@Z,G06T7/20,300@B,G06T7/00@P,G10L25/78,G10L15/25","特開2022-173183","","","","","https://www.j-platpat.inpit.go.jp/c1800/PU/JP-2022-173183/19A50D40FDF9713B41CD179F153D7B040A43BC8F67F14C5FFEA9A9F3B4B0F8E1/11/ja"
"特開2022-173178","特願2021-079401","2021/05/08","2022/11/18","意図情報抽出プログラム、意図情報抽出装置および意図情報抽出方法","ソフネック株式会社","G06F40/30","特開2022-173178","","","","","https://www.j-platpat.inpit.go.jp/c1800/PU/JP-2022-173178/DA86429D892E9E640368724EE333A3CC381207E1409A9C995EDFE994B455081D/11/ja"
"特開2022-173137","特願2022-076233","2022/05/02","2022/11/17","情報処理システム、情報処理方法およびプログラム","株式会社Ｎｅｘｔ　Ｍホールディングス","G06Q50/10,G06Q30/06,330,G06T7/00,660@A,G06Q30/0601,330","特開2022-173137","","","","","https://www.j-platpat.inpit.go.jp/c1800/PU/JP-2022-173137/EA679884EAEEDE2F4272452C6C766664E607F3CF239D01F7CDCFE06EE1517F28/11/ja"
"特開2022-173094","特願2022-072193","2022/04/26","2022/11/17","一定較正設定によるハイ・ダイナミック・レンジ画像処理","エヌビディア　コーポレーション","G06T5/00,740,H04N5/232,290,H04N5/243,H04N23/60,500,H04N23/76","特開2022-173094","","","","","https://www.j-platpat.inpit.go.jp/c1800/PU/JP-2022-173094/2E33A408E43B123BA415CCA1DD9CA8DE880B75D0A7085023A4C2C7C2A3077782/11/ja"
"特開2022-173081","特願2022-064575","2022/04/08","2022/11/17","符号器および復号器","三星ディスプレイ株式會社","H03M7/14@A","特開2022-173081","","","","","https://www.j-platpat.inpit.go.jp/c1800/PU/JP-2022-173081/B610BCFC29EDC844714B521FBF893271818B288808DD9BC9AB992EDDDDC72CB2/11/ja"
"特開2022-173075","特願2022-062740","2022/04/05","2022/11/17","レジスト材料及びパターン形成方法","信越化学工業株式会社","G03F7/004,503@A,G03F7/039,601,G03F7/038,601,C09K3/00@K,C08F220/12,G03F7/20,521,C07D333/76,C07D333/54,C07D307/00,C07D327/04,C07D321/10","特開2022-173075","","","","","https://www.j-platpat.inpit.go.jp/c1800/PU/JP-2022-173075/177444E48BC04019F3F34458009B0A215D177FFE5A99D8A9B130925FC476D241/11/ja"
"特開2022-173071","特願2022-054980","2022/03/30","2022/11/17","車両に基づくインタラクション方法、装置、機器、媒体および車両","阿波▲羅▼智▲聯▼（北京）科技有限公司","G06V20/56,G06V40/20,G08B21/00@U,G08B21/02,G06V10/62","特開2022-173071","","","","","https://www.j-platpat.inpit.go.jp/c1800/PU/JP-2022-173071/B647CFBA4D9C3B805C396F143F983C83C602DF7836AF2A1C5044E2E2B68DC35E/11/ja"
"特開2022-173048","特願2021-204145","2021/12/16","2022/11/17","自動文書スクロールを備えるロボティックプロセスオートメーション（ＲＰＡ）","ユーアイパス，インコーポレイテッド","G06F8/34","特開2022-173048","","","","","https://www.j-platpat.inpit.go.jp/c1800/PU/JP-2022-173048/4FB3FC68DEEAE6C55E19B4CFA574FB362241FFD4A4BBDCEF27ACA9E5A5C6B5E0/11/ja"
"特開2022-172980","特願2021-079366","2021/05/07","2022/11/17","表示制御装置、電子機器、制御プログラムおよび表示制御方法","シャープ株式会社","G09G3/3208,G09G5/00,550@C,G09G5/00,550@H,G09G5/00,520@V,G09G5/36,520@F,G09G3/20,612@U,G09G3/20,642@F,G09G3/20,612@B,G09G3/20,670@C,G09G3/20,650@J,G09G5/10@B,G09G3/20,650@A,G09G3/20,650@C,G09G3/20,660@C,G09G5/00,520@H,G09G3/20,642@D,G09G3/20,611@A,G09G3/20,641@R,G09G3/20,611@E,G09G3/20,641@B,G09G3/20,641@A,H05B33/14@A,H01L27/32,G09G5/373,100,H10K50/10,H10K59/00,H10K59/10,H10K85/50","特開2022-172980","","","","","https://www.j-platpat.inpit.go.jp/c1800/PU/JP-2022-172980/861B980D0FD20BBCF0AA2A14DC6E017A94DA3891BC95110533F2CA0970F4E834/11/ja"
"特開2022-172918","特願2021-079267","2021/05/07","2022/11/17","工数管理装置、工数管理方法及びプログラム","三菱電機株式会社","G06Q10/06,302,G06Q10/0631","特開2022-172918","","","","","https://www.j-platpat.inpit.go.jp/c1800/PU/JP-2022-172918/DFB1A5D0CD53300A1DEAA7DDC370F4D7DFBD0EBC59BB05910101123828E21860/11/ja"
"特開2022-172574","特願2021-078480","2021/05/06","2022/11/17","水処理装置及び水処理方法","アクアス株式会社","C02F1/52@Z,C02F1/56@Z,G01N33/18@A,G01N21/85@B","特開2022-172574","","","","","https://www.j-platpat.inpit.go.jp/c1800/PU/JP-2022-172574/F61253CBE97CED59A7CEE812594EB7EAA3D64264C562493B54CE6DCEAE028DDF/11/ja"
"特許7173651","特願2022-161818","2022/10/06","2022/11/16","リハビリ支援システム、リハビリ支援方法、およびリハビリ支援プログラム","リモット株式会社","G16H20/30","","","特許7173651","","","https://www.j-platpat.inpit.go.jp/c1800/PU/JP-7173651/DC203CC428861F7918D8E69746B8013D53F2943E3BFC9AC9AF1F12FD10C644A6/15/ja"
"特許7173510","特願2022-549666","2022/04/27","2022/11/16","異常検知装置、システム、方法及びプログラム","株式会社エイシング","G06N20/00,G06N20/20","","","特許7173510","","","https://www.j-platpat.inpit.go.jp/c1800/PU/JP-7173510/57284D6E69FDD49D0B2B6DEC5D047FC3C7829D9F7D84BC1BDF63636B6194BD09/15/ja"
"特許7173233","特願2021-118212","2021/07/16","2022/11/16","通知システム、端末装置および制御方法","フジテック株式会社","B66B3/00@M,G06Q50/10","特開2023-013790","","特許7173233","","","https://www.j-platpat.inpit.go.jp/c1800/PU/JP-7173233/67C7BD6C9C22A532A8183DFA61DDF2321B794623A8684AEFAABE9203AA890B1F/15/ja"
"特許7173226","特願2021-109590","2021/06/30","2022/11/16","学習モデル生成装置、運転状況推定装置、学習モデル生成装置が実行する学習モデル生成方法、運転状況推定装置が実行する推定方法、プログラム","フジテック株式会社","B66B5/00@G,G08B25/04@B,G08B31/00@B","特開2023-006805","","特許7173226","","","https://www.j-platpat.inpit.go.jp/c1800/PU/JP-7173226/A5EA4698DEF049E400DECC5B00FA0BDD95FB4FF6D386A56F57C6EEF49A50FA16/15/ja"
"特開2022-172472","特願2022-076427","2022/05/06","2022/11/16","情報セキュリティのための集積回路モジュール","銓安智慧科技股▲分▼有限公司","H04L9/10@A,H04L9/10@Z,H04L9/32,200@A,G06F21/60,360,G06F21/72,G06F21/44,350","特開2022-172472","","","","","https://www.j-platpat.inpit.go.jp/c1800/PU/JP-2022-172472/F88B7A96778B7D2A0A692567BFC036DB2CE55F06BD535AE2CD68A9854C9FBA6B/11/ja"
"特開2022-172443","特願2022-036676","2022/03/09","2022/11/16","メモリチップロウハンマー脅威バックプレッシャー信号およびホスト側応答に関する方法および装置","インテル・コーポレーション","G11C11/406,300,G06F12/00,550@B,G06F12/00,597@D,G11C11/406,102,G11C11/406,450","特開2022-172443","","","","","https://www.j-platpat.inpit.go.jp/c1800/PU/JP-2022-172443/AFE47F13E10A47B1930CE094379665B28D67D65E201E762BF28D4DDF9A921DCE/11/ja"
"実登3239841","実願2022-003064","2022/09/14","2022/11/15","広告属性校正システム","中光電智能雲服股▲ふん▼有限公司","G06Q30/02,380,G06Q30/0241","","","実登3239841","","","https://www.j-platpat.inpit.go.jp/c1800/PU/JP-3239841/319D741EA51E915EDC3FCC21B92823F831291A92744E908892FC178E3EACFE49/25/ja"
"特許7171970","特願2022-526817","2022/03/11","2022/11/15","判定装置、学習装置、判定システム、判定方法、学習方法、及び、プログラム","株式会社Ｊ－オイルミルズ","G01N33/03,A23D9/06,G01N21/27@A,A47J37/12,321","WO2022/202410","","特許7171970","","","https://www.j-platpat.inpit.go.jp/c1800/PU/JP-7171970/B30BAAE6CAC91FBC39F303B51EFEB89A28D80192462AE911963A6B97482C3952/15/ja"
"特許7171968","特願2022-515736","2021/03/25","2022/11/15","推定システム、推定方法、及びプログラム","楽天グループ株式会社","G06Q30/02,300,G06Q30/0201","WO2022/201428","","特許7171968","","","https://www.j-platpat.inpit.go.jp/c1800/PU/JP-7171968/2022674F1039BFE2986B08C24ED83FCA194472FCE8D201849F11B5908EE4BD46/15/ja"
"特許7171100","特願2022-018276","2022/02/08","2022/11/15","特許文書作成支援装置、特許文書作成支援方法、特許文書作成支援プログラム。","株式会社ＡＩ　Ｓａｍｕｒａｉ","G06F40/166,G06F16/383,G06Q50/18,310","","","特許7171100","","","https://www.j-platpat.inpit.go.jp/c1800/PU/JP-7171100/554A6C3462A343822232A0BA7CE7AF1192CCF2256649FC4D333242B39F0AFB40/15/ja"
"特開2022-172400","特願2022-146352","2022/09/14","2022/11/15","アクセス処理の方法、機器、記憶媒体及びプログラム","ベイジン　バイドゥ　ネットコム　サイエンス　テクノロジー　カンパニー　リミテッド","G06F16/28","特開2022-172400","","","","","https://www.j-platpat.inpit.go.jp/c1800/PU/JP-2022-172400/1BAEE9B61707C429732068AEA19132B31D7372D3E5A14D09B039519E55A77CED/11/ja"
"特開2022-172392","特願2022-145796","2022/09/14","2022/11/15","自動倉庫システム","住友重機械搬送システム株式会社","B65G1/04,521,B65G1/137@B","特開2022-172392","","","","","https://www.j-platpat.inpit.go.jp/c1800/PU/JP-2022-172392/6EC8828AA218296066B02B8D4503940FB23B2789FFA3FD8B94CC655F1911937A/11/ja"
"特開2022-172381","特願2022-145248","2022/09/13","2022/11/15","テキスト抽出方法、テキスト抽出モデルのトレーニング方法、装置及び機器","ベイジン　バイドゥ　ネットコム　サイエンス　テクノロジー　カンパニー　リミテッド","G06T7/00,350@B","特開2022-172381","","","","","https://www.j-platpat.inpit.go.jp/c1800/PU/JP-2022-172381/14A1FAC9AB937A25BEF3C69856D60A87AF5D70A6D076935DC5D2FAFD8EB2681F/11/ja"
"特開2022-172377","特願2022-145137","2022/09/13","2022/11/15","画像生成方法、装置、電子機器及び記憶媒体","ベイジン　バイドゥ　ネットコム　サイエンス　テクノロジー　カンパニー　リミテッド","G06T7/00,300@F,G06T1/40,G06T1/00,500@B,G06T7/00,350@C","特開2022-172377","","","","","https://www.j-platpat.inpit.go.jp/c1800/PU/JP-2022-172377/3BB97AFE08CD42C7D62DE3FB233B69CA3A16054AA1439C30CECC80C902BA25F4/11/ja"
"特開2022-172373","特願2022-144979","2022/09/13","2022/11/15","顔画像データベースの更新方法、顔認証方法、装置及びシステム","ベイジン　バイドゥ　ネットコム　サイエンス　テクノロジー　カンパニー　リミテッド","G06V40/50,G06T7/00,510@F,G06V40/16@A","特開2022-172373","","","","","https://www.j-platpat.inpit.go.jp/c1800/PU/JP-2022-172373/85AFA9B606B65BBA755823CF4B1567CE3E921211C672AC23DE53EB222946F77A/11/ja"
"特開2022-172362","特願2022-144409","2022/09/12","2022/11/15","画像処理方法、顔認識モデルトのレーニング方法、装置及び機器","ベイジン　バイドゥ　ネットコム　サイエンス　テクノロジー　カンパニー　リミテッド","G06V10/82,G06T7/00,350@C,G06T7/00,660@A,G06T7/00,300@F,G06T7/00,510@F,G06V40/16","特開2022-172362","","","","","https://www.j-platpat.inpit.go.jp/c1800/PU/JP-2022-172362/7C0D0CCF971EA58FB0DA8C1580D67BAC3F48BF4A10CFE85B84ED64C99B020A65/11/ja"
"特開2022-172359","特願2022-144129","2022/09/09","2022/11/15","モジュラ型自律車両を介して作業タスクを履行するためのシステムおよび方法","パナソニックＩＰマネジメント株式会社","G06Q50/30","特開2022-172359","","","","","https://www.j-platpat.inpit.go.jp/c1800/PU/JP-2022-172359/1708B3BD8D859D73597F5685F0E71B68E0FE9AB546B4D37FD71649C3EC9177E4/11/ja"
"特開2022-172322","特願2022-142211","2022/09/07","2022/11/15","画像処理方法、モデル訓練方法、関連装置及び電子機器","ベイジン　バイドゥ　ネットコム　サイエンス　テクノロジー　カンパニー　リミテッド","G06V10/82,G06T7/00,350@C","特開2022-172322","","","","","https://www.j-platpat.inpit.go.jp/c1800/PU/JP-2022-172322/C0A1E35C918961BBD4B798510221A0EAD8D00BEFCFAB40EA14B3A1328B0B6578/11/ja"
"特開2022-172320","特願2022-142157","2022/09/07","2022/11/15","ポイントサイネージ効果指標化システム、ポイントサイネージ装置、並びにポイントサイネージ装置組込収容具","株式会社三鷹ホールディングス","G06Q30/02,382,G06Q30/0242","特開2022-172320","","","","","https://www.j-platpat.inpit.go.jp/c1800/PU/JP-2022-172320/C9DB5BE77E96E6C73AD875E517A7151CCEC12E83C597F366C8630798C799E96A/11/ja"
"特開2022-172292","特願2022-140728","2022/09/05","2022/11/15","テキスト認識の方法、装置、電子機器、記憶媒体およびコンピュータプログラム","ベイジン　バイドゥ　ネットコム　サイエンス　テクノロジー　カンパニー　リミテッド","G06V10/40,G06V20/62,G06V30/18","特開2022-172292","","","","","https://www.j-platpat.inpit.go.jp/c1800/PU/JP-2022-172292/0C0DA6BF0590D0CD723F5AC5EC01400020977AC53822915E70B6EB34E01692A0/11/ja"
"特開2022-172224","特願2022-134949","2022/08/26","2022/11/15","高速データを伝送している光ファイバによる分散型センシング","エヌイーシー　ラボラトリーズ　アメリカ　インク","H04B10/80,G01D5/353@B","特開2022-172224","","","","","https://www.j-platpat.inpit.go.jp/c1800/PU/JP-2022-172224/17A974249E4382706C7A4454DA69F2D0E9C46015E2885A1E02790DAB74B0817E/11/ja"
"特開2022-172173","特願2022-130879","2022/08/19","2022/11/15","画像編集モデルのトレーニング方法および装置、画像編集方法および装置、電子機器、記憶媒体並びにコンピュータプログラム","ベイジン　バイドゥ　ネットコム　サイエンス　テクノロジー　カンパニー　リミテッド","G06T11/80@E","特開2022-172173","","","","","https://www.j-platpat.inpit.go.jp/c1800/PU/JP-2022-172173/2BD791DF81FB7FEE27448059BEA57CB3864FA4EE94BA505CCA352DBFF4CDDBC7/11/ja"
"特開2022-172074","特願2022-120406","2022/07/28","2022/11/15","ファイル共有のための技術","サファイア　インコーポレイテッド","G06F16/176,G06F21/62,318,G06Q10/10,H04L67/06","特開2022-172074","","","","","https://www.j-platpat.inpit.go.jp/c1800/PU/JP-2022-172074/BC9E4FD028B672754AE6E869E64134E771E70E21CC5E8271C7B172E7F298FCB0/11/ja"
"特開2022-172054","特願2022-073507","2022/04/27","2022/11/15","車両のくしゃみ制御システムと方法","トヨタ自動車株式会社","B60W40/08,B60W60/00,G08G1/16@F,A61B5/11,A61B5/113","特開2022-172054","","","","","https://www.j-platpat.inpit.go.jp/c1800/PU/JP-2022-172054/B1FD0183892F9C6F6FBEEEBF5ACA6F1B8221E7AEB6E8EA1070AC6E9D14EA6551/11/ja"
"特許7170956","特願2022-554518","2022/05/10","2022/11/14","異常診断装置および異常診断方法","三菱電機株式会社","H02P29/024","","","特許7170956","","","https://www.j-platpat.inpit.go.jp/c1800/PU/JP-7170956/5BB4444DB8202061050365F251A163D20A0A95F9EC66D5CD1CBDD07A08A381FE/15/ja"
"特許7170949","特願2022-542284","2022/03/17","2022/11/14","曝気量制御装置および曝気量制御方法","三菱電機株式会社","C02F3/12@J","","","特許7170949","","","https://www.j-platpat.inpit.go.jp/c1800/PU/JP-7170949/D87E49247352A4E538FCAC59208C20FF8E4066A8E9FF3EC40CBD8B970CDC7615/15/ja"
"特許7170216","特願2022-029824","2022/02/28","2022/11/14","撮像装置","パナソニックＩＰマネジメント株式会社","H04N5/232,127,H04N5/232,945,H04N5/232,933,G06T7/11,G02B7/28@N,G02B7/34,G03B13/36,G03B17/18@Z,G03B17/18,H04N23/61,H04N23/63,100,H04N23/63,330,H04N23/67,100","特開2023-011489","","特許7170216","","","https://www.j-platpat.inpit.go.jp/c1800/PU/JP-7170216/7776801125136E1035C11CD5F61C0D6892488936CE4A2B74BE94E836716274AC/15/ja"
"特開2022-171783","特願2022-144504","2022/09/12","2022/11/11","半導体装置","株式会社半導体エネルギー研究所","H01L29/78,620,H01L29/78,618@B,H01L27/06,102@A,H01L27/088@E,H01L27/088@H,H01L27/088,331@E,H01L29/78,616@T,H01L29/78,618@C,H01L27/108,321,H01L27/108,671@Z,H01L27/1156,H10B41/70,H10B12/00,671@Z,H10B12/00,801","特開2022-171783","","","","","https://www.j-platpat.inpit.go.jp/c1800/PU/JP-2022-171783/23BF2B6F408E99FF5927DBBDE7BAF49D7777FC42CB3BDC1AE0DD8DD78E79E325/11/ja"
"特開2022-171750","特願2022-141108","2022/09/06","2022/11/11","自動運転車及び自動運転車用プログラム","みこらった株式会社","G08G1/123@A,G08G1/00@X,B60W60/00,B60W40/08","特開2022-171750","","","","","https://www.j-platpat.inpit.go.jp/c1800/PU/JP-2022-171750/DBD83D4252747627E55AC10E4039331DE8121979731D63C066C616C2672C11CA/11/ja"
"特開2022-171732","特願2022-139947","2022/09/02","2022/11/11","信号サンプリング品質の判定方法および装置、サンプリング品質分類モデルのトレーニング方法および装置、電子機器、記憶媒体並びにコンピュータプログラム","ベイジン　バイドゥ　ネットコム　サイエンス　テクノロジー　カンパニー　リミテッド","G06N10/20","特開2022-171732","","","","","https://www.j-platpat.inpit.go.jp/c1800/PU/JP-2022-171732/267BCC4DDFA0E8BCE6EB7095BB1A3CADBAE28CD01748DBCCBE8E4B974A246F98/11/ja"
"特開2022-171729","特願2022-139773","2022/09/02","2022/11/11","車両運転支援システム","株式会社野村総合研究所","G08G1/16@A,G08G1/09@F,G08G1/09@H,B60W60/00,B60W40/04","特開2022-171729","","","","","https://www.j-platpat.inpit.go.jp/c1800/PU/JP-2022-171729/D5EDAFBD7B3A0F1A507E046E6507710AEC2C459DF4AE33DEDA56EA3C350AC5AB/11/ja"
"特開2022-171712","特願2022-138462","2022/08/31","2022/11/11","車両制御装置、車両制御方法及び車両制御プログラム","株式会社ブロードリーフ","B60W40/02,B60W60/00,G08G1/09@V,G01C21/28","特開2022-171712","","","","","https://www.j-platpat.inpit.go.jp/c1800/PU/JP-2022-171712/F7FAE30F038E44406FD523818B2758692558376414FFAE36C226407321FCD76C/11/ja"
"特開2022-171662","特願2022-129586","2022/08/16","2022/11/11","ドメイン分類器を使用したニューラルネットワークにおけるドメイン適応のためのシステム及び方法","株式会社ソニー・インタラクティブエンタテインメント","G06T7/00,350@C,G06V10/82,G06N3/08,G10L15/16,G06V20/20,G06V20/40","特開2022-171662","","","","","https://www.j-platpat.inpit.go.jp/c1800/PU/JP-2022-171662/F6AA5DC0EA32792B5720C9A6793F6E44B321C97FE591288E027F6CEA97FC511C/11/ja"
"特開2022-171603","特願2022-072004","2022/04/26","2022/11/11","ニューラル・ネットワークのための動的な重み更新","エヌビディア　コーポレーション","G06N3/04,154,G06N3/08,G06N3/045,G06N3/098","特開2022-171603","","","","","https://www.j-platpat.inpit.go.jp/c1800/PU/JP-2022-171603/0474B619D47B4D742525BF7E68B25DED048666A63819D46167FCFC93648791AE/11/ja"
"特開2022-171561","特願2022-040564","2022/03/15","2022/11/11","ノイズ除去装置、ノイズ除去方法、機械学習装置、機械学習方法及びプログラム","学校法人順天堂,国立研究開発法人量子科学技術研究開発機構","A61B5/055,380","特開2022-171561","","","","","https://www.j-platpat.inpit.go.jp/c1800/PU/JP-2022-171561/875FD14EBDCB44B59AE3410C877F0D245BF79121B954903EEF2A0151BA9AB60D/11/ja"
"特開2022-171551","特願2022-011267","2022/01/27","2022/11/11","室内空気汚染防除システム","研能科技股▲ふん▼有限公司","F24F7/003,F24F8/80,165,F24F8/108,110,A61L9/16@F,B01D46/44,B01D46/00@F,A61L9/00@Z,G01N1/22@B,F24F7/007@B,F24F11/63,F24F110:70,F24F110:72,F24F110:64,F24F110:74,F24F110:66","特開2022-171551","","","","","https://www.j-platpat.inpit.go.jp/c1800/PU/JP-2022-171551/5C9B412567C5DED5FC68A324C89FBFCE31BA3B4E12988CA40A176B55408A56A3/11/ja"
"特開2022-171425","特願2021-078054","2021/04/30","2022/11/11","情報処理装置、情報処理方法、制御プログラム及び記録媒体","国立研究開発法人農業・食品産業技術総合研究機構","H04N1/60,300,H04N1/60,830,G06T1/00,510,H04N9/64@Z,G09G5/00,550@C,G09G5/02@B,H04N17/04@Z,H04N1/60","特開2022-171425","","","","","https://www.j-platpat.inpit.go.jp/c1800/PU/JP-2022-171425/C6EB4ECF07EF708A508AD3E0A5277F726F882CCF57A6E418C4FC70E576AF9942/11/ja"
"特開2022-171351","特願2021-077943","2021/04/30","2022/11/11","アンモニア混合燃料、アンモニア混合燃料の製造装置、アンモニア混合燃料の製造方法、アンモニア混合燃料の供給装置、アンモニア混合燃料の燃焼装置、アンモニア混合燃料を用いた発電設備、及び、アンモニア混合燃料","株式会社三井Ｅ＆Ｓマシナリー","C10L1/32@D,C10L1/12,C10L1/182,C07C9/08,C07C9/10,C07C31/04","特開2022-171351","","","","","https://www.j-platpat.inpit.go.jp/c1800/PU/JP-2022-171351/B4EDAF80350471E75D2B77A08C6480BEF557130FB25F5395B695EC1379C70FF4/11/ja"
"特開2022-171234","特願2021-077769","2021/04/30","2022/11/11","交通制御装置","トヨタ自動車株式会社","G01C21/34,G08G1/087,G08G1/095@A,G08G1/09@F","特開2022-171234","","","","","https://www.j-platpat.inpit.go.jp/c1800/PU/JP-2022-171234/E70988BE84E397997238AD15222761C57ACE61779356EBFDD86602DB9145BE26/11/ja"
"特許7169031","特願2022-079947","2022/05/16","2022/11/10","プログラム、情報処理装置、情報処理システム、情報処理方法、情報処理端末","株式会社ＲｅｖＣｏｍｍ","G10L15/10,500@T,G06Q50/10,G10L15/10,200@W","","","特許7169031","","","https://www.j-platpat.inpit.go.jp/c1800/PU/JP-7169031/DCEC04CCA77452D9359F2FA02EEA03F4E2C764B74CDDD2ADC042A955188B95FA/15/ja"
"特許7169030","特願2022-079945","2022/05/16","2022/11/10","プログラム、情報処理装置、情報処理システム、情報処理方法、情報処理端末","株式会社ＲｅｖＣｏｍｍ","G10L15/10,500@N,G06Q50/10","","","特許7169030","","","https://www.j-platpat.inpit.go.jp/c1800/PU/JP-7169030/6AACA16F31A861CE4E7B54696AF8D39A5A35C524198DC4D30F340EB46AE31208/15/ja"
"特開2022-170737","特願2022-074249","2022/04/28","2022/11/10","多波長ドップラー・ライダー","レオナルド　ジャーマニィ　ゲーエムベーハー","G01S7/484,G01S17/95,G01S17/58,G01W1/00@C","特開2022-170737","","","","","https://www.j-platpat.inpit.go.jp/c1800/PU/JP-2022-170737/E127806099274092043347675457CEEFF297C1CCEEB723F7AC6FABC6F627BC3B/11/ja"
"特開2022-170703","特願2022-066724","2022/04/14","2022/11/10","物体内部の構造解析装置、物体内部の構造測定装置、物体内部の可視化方法及び測定方法、及び当該装置のコンピュータプログラム。","株式会社クオルテック","G01N23/046,G01N23/04,G01N29/06","特開2022-170703","","","","","https://www.j-platpat.inpit.go.jp/c1800/PU/JP-2022-170703/8247959006FF07F3456336F30D3DE364212F817988BD6FD042BE24D39DCD767C/11/ja"
"特開2022-170670","特願2022-018094","2022/02/08","2022/11/10","配送管理支援システム、配送管理支援方法および配送管理支援プログラム","ＧＢｔｅｃｈｎｏｌｏｇｙ株式会社","G06Q10/08,308,G06Q10/0834","特開2022-170670","","","","","https://www.j-platpat.inpit.go.jp/c1800/PU/JP-2022-170670/0C432BE5B1679EC72CA3C8E784B94F8132C55731FA261E91DFA88D812C02A0D1/11/ja"
"特開2022-170623","特願2021-084916","2021/05/19","2022/11/10","ロボットを利用してサービスを提供するための方法、システムおよび非一過性のコンピュータ読み取り可能記録媒体","ベア　ロボティクス　インク","G06Q50/10,G05D1/02@H","特開2022-170623","","","","","https://www.j-platpat.inpit.go.jp/c1800/PU/JP-2022-170623/E70C081E10D6C0731B942B3801A6087FFCC2AAF89C6E3C24ECFA2217C3FC0E26/11/ja"
"特開2022-170368","特願2021-076460","2021/04/28","2022/11/10","トリミング結果判定システム及びトリミング結果判定方法","アニコム　ホールディングス株式会社","G06Q50/10,A01K13/00@M","特開2022-170368","","","","","https://www.j-platpat.inpit.go.jp/c1800/PU/JP-2022-170368/9B774D9E9AA0605E85170E8F4A65DABA40076FBC582A3CCE89BFD98BA9AFD7C2/11/ja"
"特開2022-170260","特願2021-076281","2021/04/28","2022/11/10","運送管理装置、運送管理システム及び運送管理方法","株式会社デンソーテン","G06Q10/08,300,G06Q10/083","特開2022-170260","","","","","https://www.j-platpat.inpit.go.jp/c1800/PU/JP-2022-170260/DC44D62926B9EE7F2716C6601987977F41609DB9A6B40DB1C912BB469168355A/11/ja"
"特開2022-170258","特願2021-076278","2021/04/28","2022/11/10","運送管理装置、運送管理システム及び運送管理方法","株式会社デンソーテン","G06Q10/08,300,G06Q10/083","特開2022-170258","","","","","https://www.j-platpat.inpit.go.jp/c1800/PU/JP-2022-170258/6940C9C322C83813830AA6C1492193E31F8B16945B3024EA157693F94C83B645/11/ja"
"特開2022-170203","特願2021-076171","2021/04/28","2022/11/10","術中患者管理システム","ミズホ株式会社","A61G13/00@A,A61G13/12@Z","特開2022-170203","","","","","https://www.j-platpat.inpit.go.jp/c1800/PU/JP-2022-170203/D1E147E607F5C279B355312F034946DB9FD0442BD183AE67A2DBEE7B28C43B15/11/ja"
"特開2022-170154","特願2021-076075","2021/04/28","2022/11/10","写真管理支援システム及びプログラム","株式会社札幌教材製作所","G06K9/32,G06T5/00,725,G06K9/20,340@C,G06K9/72@B,G06T7/00,350@C,G06T7/00,300@F,G06Q50/08,G06V20/62,G06V30/146,G06V30/266,G06V30/412","特開2022-170154","","","","","https://www.j-platpat.inpit.go.jp/c1800/PU/JP-2022-170154/2BFC788A0E3181B0D960A64E0F90E800C1B6FDFF3E2B513E136AD0794C04ED8A/11/ja"
"特開2022-169915","特願2021-075634","2021/04/28","2022/11/10","学習済みモデル生成装置、故障予測装置、故障予測システム、故障予測プログラム、および学習済みモデル","西日本旅客鉄道株式会社","G05B23/02@R,G06Q10/04,G06Q10/00,300,G06Q50/30,G07B15/00@H,G06Q10/20","特開2022-169915","","","","","https://www.j-platpat.inpit.go.jp/c1800/PU/JP-2022-169915/16C4BA445307E0869FB3A37DF2532C1863E700CCBDB2DBC79995DA403F6C5DFD/11/ja"
"特開2022-169897","特願2021-075604","2021/04/28","2022/11/10","マネジメント支援システム","安村　明史","G06Q10/06,332,G06Q10/10,320,G06Q10/0639,G06Q10/105","特開2022-169897","","","","","https://www.j-platpat.inpit.go.jp/c1800/PU/JP-2022-169897/DA7BC53D4A8B3F6BD405871CC781FF55CF625ED50D47E48B2B3D475F84A65560/11/ja"
"特許7168262","特願2021-189132","2021/11/22","2022/11/09","プログラム、情報処理システム及び情報処理方法","株式会社ＲｅｖＣｏｍｍ","G06Q10/10","","","特許7168262","","","https://www.j-platpat.inpit.go.jp/c1800/PU/JP-7168262/DE9864BF17AA4BA532BEE1CAF8F900F0734F8AFBA200DA8EFBE7D43C294B654C/15/ja"
"特許7168104","特願2021-569133","2021/06/02","2022/11/09","車両用表示装置及び車両用表示方法","日産自動車株式会社","G06F3/0481,B60R16/02,640@K,G06F3/14,360@A,G09G5/00,530@T,G09G5/00,530@M,G09G5/36,520@N,G09G5/36,530@Y,G09G5/38@A,G09G5/36,520@E,G09G5/00,530@H,G09G5/37,600,G09G5/373,G09G5/377,110,G09G5/38,100","","","特許7168104","","","https://www.j-platpat.inpit.go.jp/c1800/PU/JP-7168104/AB14409E091F7AD09F7DEC12B1EEAF3B1F43C66BD57B05904CD24BEA8A7783C2/15/ja"
"特許7168057","特願2021-175712","2021/10/27","2022/11/09","端末装置および端末制御プログラム","フジテック株式会社","B66B5/00@G,B66B3/00@U,B66B31/00@D","","","特許7168057","","","https://www.j-platpat.inpit.go.jp/c1800/PU/JP-7168057/18066F5EA47FAE9419828F432579D44057F353F43289E6145A0024262CF97F68/15/ja"
"特開2022-169744","特願2022-136515","2022/08/30","2022/11/09","ホスト端末、端末の制御方法及びプログラム","株式会社Ｍｏｂｉｌｉｔｙ　Ｔｅｃｈｎｏｌｏｇｉｅｓ","G06Q50/30","特開2022-169744","","","","","https://www.j-platpat.inpit.go.jp/c1800/PU/JP-2022-169744/7632BDDF335915A9DD8F1E61BDA2A7490B6203736CA3E5E846F73C0477CEFBA5/11/ja"
"特開2022-169743","特願2022-136486","2022/08/30","2022/11/09","情報抽出方法、装置、電子機器及び記憶媒体","ベイジン　バイドゥ　ネットコム　サイエンス　テクノロジー　カンパニー　リミテッド","G06F16/28","特開2022-169743","","","","","https://www.j-platpat.inpit.go.jp/c1800/PU/JP-2022-169743/02BBA2A01761FFF662603B82C56733BF8AFE6EE80D0CF86BD25B38DF3A90744C/11/ja"
"特開2022-169728","特願2022-135606","2022/08/29","2022/11/09","片面式ＭＲＩシステムにおけるボリューム取得のためのシステムおよび方法","プロマクソ　インコーポレイテッド","A61B5/055,370,A61B5/055,331,A61B5/055,350,A61B5/055,340","特開2022-169728","","","","","https://www.j-platpat.inpit.go.jp/c1800/PU/JP-2022-169728/BAA37BBCFE50926E3957BD041DBE0BF593ABE9A9E4469FED7D964B2013579305/11/ja"
"特開2022-169714","特願2022-134206","2022/08/25","2022/11/09","多言語テキスト音声合成モデルを利用した音声翻訳方法およびシステム","ネオサピエンス株式会社","G10L13/10,114,G10L15/00,200@C,G10L13/00,100@G,G10L15/10,500@N,G10L21/007,G10L13/10,112@B,G10L13/10,112@C","特開2022-169714","","","","","https://www.j-platpat.inpit.go.jp/c1800/PU/JP-2022-169714/37F7BED3F5629E71C7778E8571DFE3060181E610A92BB53767DD6B2828A0ADC1/11/ja"
"特開2022-169675","特願2022-131769","2022/08/22","2022/11/09","物理量推定システムおよび物理量推定方法","日立金属株式会社","G06F30/20,G06F30/27,G06Q90/00,G06F30/10,G06F113:26","特開2022-169675","","特許7205658","","","https://www.j-platpat.inpit.go.jp/c1800/PU/JP-2022-169675/B05EE0E43FF8E5BEEE95F1B04E874A84A193DE89CE8A7F77417A408F13852BD4/11/ja"
"特開2022-169661","特願2022-130702","2022/08/18","2022/11/09","表示装置","株式会社半導体エネルギー研究所","G09F9/40,301,G09F9/30,338,G09F9/30,330","特開2022-169661","","","","","https://www.j-platpat.inpit.go.jp/c1800/PU/JP-2022-169661/5393F157172B2731314AAB2CB281068642544CB4DA99484FC64572515BB200B0/11/ja"
"特開2022-169652","特願2022-129858","2022/08/17","2022/11/09","チップ認識システム","エンゼルグループ株式会社","A63F1/06@Z,G06T7/00,350@B,G06V10/70","特開2022-169652","","","","","https://www.j-platpat.inpit.go.jp/c1800/PU/JP-2022-169652/BF0410BDAB17F5A59117F4D67A032F92C310205FD812D1834F3525AAE0DCC52E/11/ja"
"特開2022-169573","特願2022-124172","2022/08/03","2022/11/09","遊技場における不正検知システム","エンゼルグループ株式会社","A63F1/06@Z,A63F1/06@A","特開2022-169573","","","","","https://www.j-platpat.inpit.go.jp/c1800/PU/JP-2022-169573/01ED52DB221EC61D74F1F7E6982D096641C96620D00BCDA4C0E008EECA6A4D7E/11/ja"
"特開2022-169565","特願2022-123866","2022/08/03","2022/11/09","プロフィール写真を推薦する方法とシステム、および非一時的なコンピュータ読み取り可能な記録媒体","ライン　プラス　コーポレーション","H04L51/04,G06F3/01,570,G06Q50/00,300","特開2022-169565","","","","","https://www.j-platpat.inpit.go.jp/c1800/PU/JP-2022-169565/B2201F0C3BEDC02CA05B3AE292139179F9F189BDB4FB04EFB6572A8B9B4138DB/11/ja"
"特開2022-169552","特願2022-123015","2022/08/01","2022/11/09","オンチップの計算ネットワーク","アマゾン　テクノロジーズ　インコーポレイテッド","G06N3/063","特開2022-169552","","","","","https://www.j-platpat.inpit.go.jp/c1800/PU/JP-2022-169552/4B3565411BDFDA4F617ED45C104998EAA093D9AA008D218AD82C428C10BF33EA/11/ja"
"特開2022-169493","特願2022-073739","2022/04/27","2022/11/09","オンデマンド路側ＡＩサービスの方法とシステム","トヨタ自動車株式会社","G08G1/16@A,G08G1/09@F,G08G1/09@V","特開2022-169493","","","","","https://www.j-platpat.inpit.go.jp/c1800/PU/JP-2022-169493/21CA68061A64B1281E2AA7D05EA1B0070AE23EB58ECC6B4A3DDF8D7BDC76371B/11/ja"
"特開2022-169443","特願2022-053704","2022/03/29","2022/11/09","プレス機械及びプレス機械の運転状態表示方法","アイダエンジニアリング株式会社","B30B15/00@D","特開2022-169443","","","","","https://www.j-platpat.inpit.go.jp/c1800/PU/JP-2022-169443/CF0969244C292844FF481E721B75FC1BE005F83EA9E958A3DDAF115EED17DE0E/11/ja"
"特開2022-169432","特願2022-023339","2022/02/18","2022/11/09","ユーザーの毛髪分析のためのシステム及び方法","リヴィーヴ　オーユー","A61B5/107,700,A61B5/00@G,G06T7/00,660@Z","特開2022-169432","","","","","https://www.j-platpat.inpit.go.jp/c1800/PU/JP-2022-169432/81F04878A2FCE5B9764672C2B3EE28C91D6195BF498653DCB87A74CEC2FD9784/11/ja"
"特開2022-169359","特願2021-075345","2021/04/27","2022/11/09","電子機器、電子機器の制御方法、及びプログラム","京セラ株式会社","G06T7/00,350@C,G06T7/00,660@A,A61B3/113,G06T7/00,650","特開2022-169359","","","","","https://www.j-platpat.inpit.go.jp/c1800/PU/JP-2022-169359/1F137D7C7F69A0D1CB7C8483A3BB0DE62D06DEBCA09E6F263A79229E262D3446/11/ja"
"特開2022-169357","特願2021-075343","2021/04/27","2022/11/09","電子機器、電子機器の制御方法、及びプログラム","京セラ株式会社","G06T7/00,350@C,G06T7/00,660@A,A61B3/113,G06T7/00,650","特開2022-169357","","","","","https://www.j-platpat.inpit.go.jp/c1800/PU/JP-2022-169357/EF912097031BA24C07FE1628F4867F0B619E6929CA58CF7D80701283FC8D3BCE/11/ja"
"特開2022-169352","特願2021-075332","2021/04/27","2022/11/09","アライナーを製造する方法","パットキートス株式会社,仮屋　聖子","A61C7/08","特開2022-169352","","","","","https://www.j-platpat.inpit.go.jp/c1800/PU/JP-2022-169352/720C6060CE054E8EF0837670F9A3929A17F8098E2C705EC04737F9C2361D8763/11/ja"
"特開2022-169289","特願2021-075231","2021/04/27","2022/11/09","診断システム、診断方法、診断プログラム、及び学習モデル生成装置","国立研究開発法人農業・食品産業技術総合研究機構","A01G7/00,603,G06T7/00,350@B,G06Q50/02","特開2022-169289","","","","","https://www.j-platpat.inpit.go.jp/c1800/PU/JP-2022-169289/66E2F0745AADD2DEDEAFE9B94C0FB4512F77799F62D82B516D58CED992A5DB3E/11/ja"
"特開2022-169103","特願2021-074940","2021/04/27","2022/11/09","成形条件設定方法及び射出成形機","日精樹脂工業株式会社","B29C45/76,B29C45/64","特開2022-169103","","特許7189267","","","https://www.j-platpat.inpit.go.jp/c1800/PU/JP-2022-169103/186523D1094C21F413B86FC40A575083C3A5FC5BF48BF0CC9E6074EC1FE45E8A/11/ja"
"特開2022-169084","特願2021-074912","2021/04/27","2022/11/09","飛翔体追跡システム、飛翔経路予測方法、監視衛星、および、地上設備","三菱電機株式会社","B64G1/10,600,B64G1/00@A,B64G1/10,328,B64G3/00,B64G1/66@B","特開2022-169084","","","","","https://www.j-platpat.inpit.go.jp/c1800/PU/JP-2022-169084/25A15762E8389291FDACE8D8F5B62DDDCC81492E409ABB4770D930BA0515C5F7/11/ja"
"特開2022-169071","特願2021-074873","2021/04/27","2022/11/09","ロボット、およびロボットシステム","東京瓦斯株式会社","G10L13/10,114,G06F3/16,650,G06F3/16,690,G06F3/01,G10L13/00,100@A,G10L13/033,102@A,G10L15/10,500@N,G10L25/63,G10L15/00,200@H,A63H11/00@Z,A63H5/00@C,G10L13/08,124","特開2022-169071","","","","","https://www.j-platpat.inpit.go.jp/c1800/PU/JP-2022-169071/714492B09685BEEB3632A80DDCAB5DE55E35F60677C59748A6C4EA2A12C598F6/11/ja"
"特開2022-169067","特願2021-074869","2021/04/27","2022/11/09","ロボット、およびロボットシステム","東京瓦斯株式会社","G10K15/02,G06F3/16,540,G06F3/01,H04N21/454,A63H11/00@Z","特開2022-169067","","","","","https://www.j-platpat.inpit.go.jp/c1800/PU/JP-2022-169067/D128A95D3C9755C0AA581913BA676B9B2A56958071B3DFAE75DA4DED01EDC61D/11/ja"
"特開2022-168859","特願2022-071984","2022/04/25","2022/11/08","コンピュータ実装方法、コンピュータプログラム、及びシステム（予測クエリ処理）","インターナショナル・ビジネス・マシーンズ・コーポレーション","G06N20/00,G06N5/04,G06F16/24","特開2022-168859","","","","","https://www.j-platpat.inpit.go.jp/c1800/PU/JP-2022-168859/9407BAC68B6ABA1DC3F37E81167B6E26E2CA6D985D06E8AF8C14B11783450FAC/11/ja"
"特開2022-168852","特願2022-071429","2022/04/25","2022/11/08","演算を組み合わせるための技法","エヌビディア　コーポレーション","G06V10/94,G06V10/82,G06V20/56,G06V20/59","特開2022-168852","","","","","https://www.j-platpat.inpit.go.jp/c1800/PU/JP-2022-168852/E571F3714FDC2068D515B752CEBF6D7F90E3014DC9E57919C7633342D5DAD791/11/ja"
"特開2022-168848","特願2022-071300","2022/04/25","2022/11/08","動作の加速","エヌビディア　コーポレーション","G06F17/16@Z","特開2022-168848","","","","","https://www.j-platpat.inpit.go.jp/c1800/PU/JP-2022-168848/2EABE304878EABCA1302862324E95AC001755FAF1AA9CF5D245CF9793FE1180C/11/ja"
"特開2022-168826","特願2022-036643","2022/03/09","2022/11/08","力覚センサの校正方法","株式会社トライフォース・マネジメント","G01L25/00@B,G01L5/165","特開2022-168826","","","","","https://www.j-platpat.inpit.go.jp/c1800/PU/JP-2022-168826/B59614D5C60D1446CE45F4870BF48785B41DBC6E028700BBC41B96721B8D0625/11/ja"
"特開2022-168622","特願2021-074213","2021/04/26","2022/11/08","プログラム、情報処理装置、情報処理方法及び学習モデルの生成方法","国立大学法人大阪大学","G06T7/00,616,G06T1/00,290@A,A61B6/14,311,A61B6/00,360@Z,G06T7/00,610,G06T7/00,612","特開2022-168622","","","","","https://www.j-platpat.inpit.go.jp/c1800/PU/JP-2022-168622/F99C44FEF8C4A4DACE9C1615C19DD6CB548704934AFC3BD853057B2D12F6A291/11/ja"
"特開2022-168541","特願2021-074079","2021/04/26","2022/11/08","検索装置、検索方法およびプログラム","キヤノン株式会社","G06F16/55,G06F3/16,650","特開2022-168541","","","","","https://www.j-platpat.inpit.go.jp/c1800/PU/JP-2022-168541/C1053C4447C985E280793631462BD390F52815A0D4A054FA66F6587A3ADE8258/11/ja"
"特開2022-168472","特願2021-073956","2021/04/26","2022/11/08","共振素子、検査装置及び検査システム","株式会社東芝","H03H5/02","特開2022-168472","","","","","https://www.j-platpat.inpit.go.jp/c1800/PU/JP-2022-168472/56C415FA2ECF932E41AA6ED00A2767D18D6225FA89B9E49988395131505FC1A1/11/ja"
"特開2022-168362","特願2021-073742","2021/04/26","2022/11/08","映像圧縮装置、映像圧縮方法、映像認識システム、及びコンピュータプログラム","住友電気工業株式会社","H04N19/102,G06T7/00,650@B,H04N19/139,H04N19/167,G06T7/00,650","特開2022-168362","","","","","https://www.j-platpat.inpit.go.jp/c1800/PU/JP-2022-168362/F657536AC0B32EE4889A060B8A31F1DC112801CB73C6868249E3352CD02537B8/11/ja"
"特許7166497","特願2022-535455","2022/02/10","2022/11/07","信号処理装置、及び信号処理方法","三菱電機株式会社","G01S17/95,G01W1/02@Z,G01S17/58","","","特許7166497","","","https://www.j-platpat.inpit.go.jp/c1800/PU/JP-7166497/60E75E9DE1FF7E49DC59A9729969B7781D3327F02454D60B10EC9212E3CAB58D/15/ja"
"特許7166423","特願2021-192584","2021/11/26","2022/11/07","弱教師あり客体認識装置及び方法","延世大学校　産学協力団","G06T7/00,350@C,G06T7/194,G06N20/00,130","","","特許7166423","","","https://www.j-platpat.inpit.go.jp/c1800/PU/JP-7166423/42D200F58665F535135320D736C6C59854BDA978C9BE547054CC29C7602B6C89/15/ja"
"特開2022-168333","特願2022-143960","2022/09/09","2022/11/07","支援システムおよびコンピュータプログラム","株式会社プロジェクト　アイ","G16H20/00","特開2022-168333","","","","","https://www.j-platpat.inpit.go.jp/c1800/PU/JP-2022-168333/324EC63B8D91B683AD55727B543FE59A7DD641FD93FBCA3E2775ACBAA510CE2A/11/ja"
"特許7165369","特願2022-075589","2022/04/29","2022/11/04","医療廃棄物管理システム、および、医療廃棄物の管理方法","株式会社Ｍ－ａｉｄ","G06Q10/00,400,G06Q50/10,G06Q10/30","","","特許7165369","","","https://www.j-platpat.inpit.go.jp/c1800/PU/JP-7165369/9082946EC38FE3BC3AD52A7AFF27EC8D7D754B2ABD26AC62153AF313335134D2/15/ja"
"特開2022-168167","特願2022-143874","2022/09/09","2022/11/04","画像処理方法、装置、電子機器及び記憶媒体","ベイジン　バイドゥ　ネットコム　サイエンス　テクノロジー　カンパニー　リミテッド","G06T7/11,G06T7/00,350@B,G06V10/70","特開2022-168167","","","","","https://www.j-platpat.inpit.go.jp/c1800/PU/JP-2022-168167/A343ED8249C5422B17FF3BBB2D6D461BD94999D31E6084BE97AB987712291C47/11/ja"
"特開2022-168144","特願2022-143501","2022/09/09","2022/11/04","スリットランプ顕微鏡","株式会社トプコン","A61B3/135","特開2022-168144","","","","","https://www.j-platpat.inpit.go.jp/c1800/PU/JP-2022-168144/8A65514ED1F65A24745C5E26117FED754884E489C3CC1F3B2322B9D4648B4616/11/ja"
"特開2022-168031","特願2022-141240","2022/09/06","2022/11/04","アンケートを生成するための方法およびシステム","ウィックス．コム　リミテッド．","G06Q30/02,312,G06Q30/0203","特開2022-168031","","","","","https://www.j-platpat.inpit.go.jp/c1800/PU/JP-2022-168031/863DA91CD151CF6F75F3CB6C025BD1C926E1C95B4DAF7FF7B5AB7CFF4A89F215/11/ja"
"特開2022-167854","特願2022-070473","2022/04/22","2022/11/04","並列実行のための技法","エヌビディア　コーポレーション","G06F9/455,100,G06T7/00,350@C,G06N3/02,G06F9/38,370@C","特開2022-167854","","","","","https://www.j-platpat.inpit.go.jp/c1800/PU/JP-2022-167854/DE676639A4537347D88C3C50AC8FB4F9904EBD0F72C608379078C732076627B6/11/ja"
"特開2022-167785","特願2022-032795","2022/03/03","2022/11/04","制御システム","トランスポーテーション　アイピー　ホールディングス，エルエルシー","B60T17/18,B60T8/00@C,B60L3/00@Q,G01M17/08","特開2022-167785","","","","","https://www.j-platpat.inpit.go.jp/c1800/PU/JP-2022-167785/AA7C64D866A37C93C380511CD3C137E4823DE120772CD782F2498BE499A65B3A/11/ja"
"特開2022-167779","特願2022-020500","2022/02/14","2022/11/04","製造欠陥分類システムおよび方法","三星ディスプレイ株式會社","G06N20/10,G06N20/00,130","特開2022-167779","","","","","https://www.j-platpat.inpit.go.jp/c1800/PU/JP-2022-167779/1E3538CE344EAA7565DC3C597431AABB3CDD71BB9939166EC0C024D72875824B/11/ja"
"特開2022-167775","特願2022-011296","2022/01/27","2022/11/04","車内空気汚染防除システム","研能科技股▲ふん▼有限公司","B60H1/24,661@A,B60H1/32,626@B,F24F13/28,B60H3/06@B,B60H3/06,611@Z","特開2022-167775","","","","","https://www.j-platpat.inpit.go.jp/c1800/PU/JP-2022-167775/0F56F079CE0009AE80EEFB6E196073D3420F50E49D6795386840D242213B146C/11/ja"
"特開2022-167734","特願2021-104963","2021/06/24","2022/11/04","ポインティングに基づく情報提供方法およびシステム","ＬＩＮＥ株式会社,ネイバー　コーポレーション","G06F3/0484,G10L13/00,100@B,G06F3/0483,G06F3/0346,422,G06F3/16,610,G06F3/16,690","特開2022-167734","","","","","https://www.j-platpat.inpit.go.jp/c1800/PU/JP-2022-167734/0CCB1D981AF0F11DE1605E02597EF084623FDDF27740D34C5BA73FA79D1F6BFD/11/ja"
"特開2022-167587","特願2021-073469","2021/04/23","2022/11/04","物体認識装置、物体認識装置の制御方法","オムロン株式会社","G06T7/00,300@C,G06T7/00,300@B","特開2022-167587","","","","","https://www.j-platpat.inpit.go.jp/c1800/PU/JP-2022-167587/BA911E5CCBEDD01C666CDF47E5AF19CFE964AC03376C7BEB1DE52D93FEFA049A/11/ja"
"特開2022-167438","特願2021-073218","2021/04/23","2022/11/04","位置探索方法","ＮＥＣネッツエスアイ株式会社","G01S19/43,G01S19/48,G09B29/10@A,G09B29/00@F","特開2022-167438","","","","","https://www.j-platpat.inpit.go.jp/c1800/PU/JP-2022-167438/23CBEF480D3067517C9B6618C0399F75645745A928317360F05C0F3724144E50/11/ja"
"特開2022-166727","特願2021-072130","2021/04/21","2022/11/02","電気電子部品屑の処理方法及び電気電子部品屑の処理装置","ＪＸ金属株式会社","G06T7/00@Z,B07C5/10","特開2022-166727","","","","","https://www.j-platpat.inpit.go.jp/c1800/PU/JP-2022-166727/FD6A91BC4B2C282505FAD0F56E55B384CB028A943C53E2C32D93E3D0EA2F0E86/11/ja"
"特許7164693","特願2021-196269","2021/12/02","2022/11/01","眼科患者のプライバシーを保護する方法、装置及び記憶媒体","清華大学,中山大学中山眼科中心","A61B3/10,G06T7/00,612","","","特許7164693","","","https://www.j-platpat.inpit.go.jp/c1800/PU/JP-7164693/5785BB3C9577337CD2B0BE8B08D87C270BBC06F6A6A9380666EE51DB318F510E/15/ja"
"特開2022-166318","特願2022-134906","2022/08/26","2022/11/01","医療情報処理システム","株式会社トプコン","G16H10/60","特開2022-166318","","","","","https://www.j-platpat.inpit.go.jp/c1800/PU/JP-2022-166318/0E5AC54B510C19EF5D1412EAB2F2CE5E9BC4EE138C432E6201235316DC20E6EB/11/ja"
"特開2022-166260","特願2022-131721","2022/08/22","2022/11/01","マルチシステムに基づくインテリジェントな質問応答方法、装置及び機器","ベイジン　バイドゥ　ネットコム　サイエンス　テクノロジー　カンパニー　リミテッド","G06F16/90,100","特開2022-166260","","","","","https://www.j-platpat.inpit.go.jp/c1800/PU/JP-2022-166260/566A8AB245A17A09AE963FC637C89FA62058D201FB1B73B0EAEE3ADC7BCEF820/11/ja"
"特開2022-166253","特願2022-131446","2022/08/22","2022/11/01","コンテナのスタッキング処理方法、装置、機器、記憶媒体及び製品","ベイジン　バイドゥ　ネットコム　サイエンス　テクノロジー　カンパニー　リミテッド","B65G63/00@J","特開2022-166253","","","","","https://www.j-platpat.inpit.go.jp/c1800/PU/JP-2022-166253/361B5A7D0BBA20F457678AFE736132E83C8CEFAF248E05E0C5D73A9358B41257/11/ja"
"特開2022-166248","特願2022-131184","2022/08/19","2022/11/01","車両の測位方法、装置及び自動運転車両","ベイジン　バイドゥ　ネットコム　サイエンス　テクノロジー　カンパニー　リミテッド","G01C21/28,G08G1/0969,B60W60/00,B60W40/00,G06T7/00,650@A","特開2022-166248","","","","","https://www.j-platpat.inpit.go.jp/c1800/PU/JP-2022-166248/93C0639ED3019B51D4ACFABAF2013E98F38599571C217A9F86EBA8FE6E0B3A9A/11/ja"
"特開2022-166215","特願2022-130338","2022/08/18","2022/11/01","文字位置決めモデルのトレーニング方法及び文字位置決め方法","ベイジン　バイドゥ　ネットコム　サイエンス　テクノロジー　カンパニー　リミテッド","G06V30/14,340@A,G06T7/00,350@B","特開2022-166215","","","","","https://www.j-platpat.inpit.go.jp/c1800/PU/JP-2022-166215/C12323FF318B0540D5E76E85FDB513569ACD416F41AE487906E1798E63B889C8/11/ja"
"特開2022-166203","特願2022-129866","2022/08/17","2022/11/01","音声データ処理方法、装置、電子機器及び記憶媒体","ベイジン　バイドゥ　ネットコム　サイエンス　テクノロジー　カンパニー　リミテッド","H04S7/00,300,G10K15/00@L,G10K15/12","特開2022-166203","","","","","https://www.j-platpat.inpit.go.jp/c1800/PU/JP-2022-166203/DEE407179B95CDAF5063607D0340F13FCAFFEC9152A5260FC3BC9093A27BC2B9/11/ja"
"特開2022-166195","特願2022-129730","2022/08/16","2022/11/01","情報抽出装置","株式会社Ｉ’ｍｂｅｓｉｄｅｙｏｕ","G06T7/20,300","特開2022-166195","","","","","https://www.j-platpat.inpit.go.jp/c1800/PU/JP-2022-166195/65DD8F388C7F7FDEC765CCDFC353EDF0B6D6BDA591D9272A2FBE5073044E3454/11/ja"
"特開2022-166187","特願2022-129599","2022/08/16","2022/11/01","クラウドサーバにおけるインスタンスリスクレベルを決定する方法、装置及び電子機器","ベイジン　バイドゥ　ネットコム　サイエンス　テクノロジー　カンパニー　リミテッド","G06F21/57,370","特開2022-166187","","","","","https://www.j-platpat.inpit.go.jp/c1800/PU/JP-2022-166187/CEC4F0FCEE99C4F05C6E0AF82E988FB27F4266B42E7455374EF5DB9623D74152/11/ja"
"特開2022-166176","特願2022-129378","2022/08/15","2022/11/01","情報認証方法、装置、機器及び媒体","ベイジン　バイドゥ　ネットコム　サイエンス　テクノロジー　カンパニー　リミテッド","G06V40/16@A,G06T7/00,510@F","特開2022-166176","","","","","https://www.j-platpat.inpit.go.jp/c1800/PU/JP-2022-166176/ABB61CD4F295621CEC90732F7FD29938FA8FE3CA0C07F47F7D9B8448A16A5939/11/ja"
"特開2022-166169","特願2022-128884","2022/08/12","2022/11/01","信号処理方法、装置、機器及び記憶媒体","ベイジン　バイドゥ　ネットコム　サイエンス　テクノロジー　カンパニー　リミテッド","H04W64/00,140,H04W4/021,H04W4/42,H04W64/00,160,H04W64/00,171,G01S5/02@Z","特開2022-166169","","","","","https://www.j-platpat.inpit.go.jp/c1800/PU/JP-2022-166169/76BB6459064083B5933715126FE8B21F1E1E6155EA57A9439B188AFEED9C5073/11/ja"
"特開2022-166126","特願2022-126270","2022/08/08","2022/11/01","文書処理モデルのトレーニング方法、装置、機器、記憶媒体及びプログラム","ベイジン　バイドゥ　ネットコム　サイエンス　テクノロジー　カンパニー　リミテッド","G06V10/70,G06T7/00,350@B,G06N20/00","特開2022-166126","","","","","https://www.j-platpat.inpit.go.jp/c1800/PU/JP-2022-166126/7DCC5C881D10DF5F94D9E1B11B9F65F2EB66A901F8AB752E34D262BF8DCE5308/11/ja"
"特開2022-166084","特願2022-124510","2022/08/04","2022/11/01","飛行装置","有限会社渥美不動産アンドコーポレーション","B64C27/52,B64C27/08,B64C39/02","特開2022-166084","","","","","https://www.j-platpat.inpit.go.jp/c1800/PU/JP-2022-166084/388A5E5C176D6791972DED0140517832D3F9BD09B3EDC32187EE039CC6A1B056/11/ja"
"特開2022-165975","特願2022-113636","2022/07/15","2022/11/01","ゲームクラウドシステムで実行されるビデオ記録を介して以前に記憶されたゲームプレイにアクセスするための方法およびシステム","ソニー・インタラクティブエンタテインメント　エルエルシー","A63F13/497,A63F13/49,A63F13/35,A63F13/45,H04L67/131","特開2022-165975","","","","","https://www.j-platpat.inpit.go.jp/c1800/PU/JP-2022-165975/71DCDB535C9BAEF28E1F0DDE46B3A65FD105C3CA5A7CA106E089F2864E89345C/11/ja"
"特開2022-165925","特願2022-066016","2022/04/13","2022/11/01","データラベリング方法、装置、電子機器、及び読み取り可能な記憶媒体","ベイジン　バイドゥ　ネットコム　サイエンス　テクノロジー　カンパニー　リミテッド","G06N20/00,130","特開2022-165925","","","","","https://www.j-platpat.inpit.go.jp/c1800/PU/JP-2022-165925/56D79D5172912E2B04741E7B0DD3C030EA05B9B51A3498BC8DB75D8CA5928F77/11/ja"
"特開2022-165917","特願2022-055660","2022/03/30","2022/11/01","部品キャリアの製造のための可動型静電気放電遮蔽式搬送装置","エーティーアンドエス　（チャイナ）　カンパニー　リミテッド","E05B65/00@V,B65G1/137@G","特開2022-165917","","","","","https://www.j-platpat.inpit.go.jp/c1800/PU/JP-2022-165917/818DACE7F8701772B11BA43E23A79D60E4176CFC4991F081140DC7146DBC2582/11/ja"
"特開2022-165916","特願2022-051815","2022/03/28","2022/11/01","データ処理方法、装置、電子機器および媒体","阿波▲羅▼智▲聯▼（北京）科技有限公司","H04L67/55","特開2022-165916","","","","","https://www.j-platpat.inpit.go.jp/c1800/PU/JP-2022-165916/8CE693057A26E29D0F2DAB44452C52A4372D8F7AF3BA2EF59F2154BC69E48A3B/11/ja"
"特開2022-165915","特願2022-051166","2022/03/28","2022/11/01","異常を動的に認識し訂正するための白内障手術のＡＩベースの映像解析","カール・ツアイス・メディテック・アーゲー","A61F2/16,G06N3/08","特開2022-165915","","","","","https://www.j-platpat.inpit.go.jp/c1800/PU/JP-2022-165915/10590F9DEE690A2155FE6B10A480229AD17E7815D18673BAC875A35AC4381464/11/ja"
"特開2022-165649","特願2021-071075","2021/04/20","2022/11/01","欠陥検査装置、及び欠陥検査方法","株式会社日立ハイテク","G06T7/00,610@B,G01N21/956@A,G01N23/2206,G01N23/2251,G01N23/203,H01L21/66@J,G06T7/00,610","特開2022-165649","","","","","https://www.j-platpat.inpit.go.jp/c1800/PU/JP-2022-165649/263AAB5D9AF4DBD912D97DDF73C7BAB3508E15101BBDDB573F64C46F56D2A28D/11/ja"
"特開2022-165463","特願2021-070792","2021/04/20","2022/11/01","点検支援装置、点検支援装置の制御方法及びプログラム","中国電力株式会社","G05B23/02@T","特開2022-165463","","","","","https://www.j-platpat.inpit.go.jp/c1800/PU/JP-2022-165463/8D355D67F29482E47351256E1EE5D2E197EA6E7BA59A56D9F8B57E20AF8B5045/11/ja"
