﻿"文献番号","出願番号","出願日","公知日","発明の名称","出願人/権利者","FI","公開番号","公告番号","登録番号","審判番号","その他","文献URL"
"特許7061412","特願2021-098598","2021/06/14","2022/04/28","誘電体粒子推定装置及び誘電体粒子種類推定システム","株式会社ＡＦＩテクノロジー","G01N21/17@A,G01N21/45@A,G01N15/14@K,G01N15/14@C,G01N33/483@C,C12M1/00@A,G01N27/00@Z","特開2022-190326","","特許7061412","","","https://www.j-platpat.inpit.go.jp/c1800/PU/JP-7061412/6CBB4352C98B20772E7638F3CDF66BF2D8F1C28307B819EC6C69D5075F95D230/15/ja"
"特開2022-066511","特願2022-036040","2022/03/09","2022/04/28","特典提供装置、特典提供方法及びプログラム","グリー株式会社","G06Q30/02,324,G06Q30/0207,324","特開2022-066511","","","","","https://www.j-platpat.inpit.go.jp/c1800/PU/JP-2022-066511/1E87D307E968AEFD0DE42FD9617E9443DE4D8011E2BA65B2A7BB3285FB8E0758/11/ja"
"特開2022-066413","特願2022-033406","2022/03/04","2022/04/28","画像判別装置，画像判別方法ならびに画像判別装置のプログラムおよびそのプログラムを格納した記録媒体","富士フイルム株式会社","G06T7/00@U,G06T7/00,660@Z,G06T7/62,G06T7/00,350@B,G06T7/136,G06T11/60,100@C","特開2022-066413","","","","","https://www.j-platpat.inpit.go.jp/c1800/PU/JP-2022-066413/3EEF7C81A6ECAF44F11DE9B56E96A40A046A010595278F187CA270751D11F21F/11/ja"
"特開2022-066342","特願2022-031547","2022/03/02","2022/04/28","画像処理装置、画像処理方法、プログラムおよび記録媒体","富士フイルム株式会社","G06F16/58","特開2022-066342","","","","","https://www.j-platpat.inpit.go.jp/c1800/PU/JP-2022-066342/B172CE624A955E4E06403FBE56CA39AE2338A64AB6EEF5084F7D23FBB6722B36/11/ja"
"特開2022-066314","特願2022-030869","2022/03/01","2022/04/28","照明システム","パナソニックＩＰマネジメント株式会社","H05B47/105,H05B45/10,H05B45/20,H05B47/195","特開2022-066314","","","","","https://www.j-platpat.inpit.go.jp/c1800/PU/JP-2022-066314/AE6A5928F704C48857619848506C2A94A86C924437F249DEF65B94536706B6B0/11/ja"
"特開2022-066246","特願2022-025187","2022/02/22","2022/04/28","自動運転車及び自動運転車用プログラム","みこらった株式会社","G01C21/36,G08G1/09@V,G08G1/123@A,G06Q50/30","特開2022-066246","","","","","https://www.j-platpat.inpit.go.jp/c1800/PU/JP-2022-066246/381F4461630C55553E656905BBCC7F27D93C8BC8CBC32DC2A0B842799318BBDC/11/ja"
"特開2022-066192","特願2022-001150","2022/01/06","2022/04/28","ディープニューラルネットワークの動的適応","エスアールアイ　インターナショナル","G06N3/08,140,G06N3/0495,G06N3/084","特開2022-066192","","","","","https://www.j-platpat.inpit.go.jp/c1800/PU/JP-2022-066192/A6C823B2CB1F93E576D01D2FD21A8354F9A1A38B278E16774C64A3C4AD6AFFB1/11/ja"
"特開2022-066176","特願2021-169276","2021/10/15","2022/04/28","チラーシステム及びその動作方法","エルジー　エレクトロニクス　インコーポレイティド","F24F11/49,F24F5/00,101,F24F11/86,F24F11/52,F24F11/56","特開2022-066176","","","","","https://www.j-platpat.inpit.go.jp/c1800/PU/JP-2022-066176/D79B81A5BEA9A7DB1406F55B2BEEC2F23D725503C3F37CC0970F890EA26633FE/11/ja"
"特開2022-066062","特願2020-174972","2020/10/16","2022/04/28","状態判定システムおよび状態判定方法。","コムシス情報システム株式会社","H02S50/00,G01J5/48@A,G01J5/48@C,G01J5/48@D,G06T7/00,640,H01L31/04","特開2022-066062","","","","","https://www.j-platpat.inpit.go.jp/c1800/PU/JP-2022-066062/A611400CFDCBC4B33CA18F4D6FA447225AE63A8BB7C7D888F2325C3E9356A085/11/ja"
"特開2022-065913","特願2020-174715","2020/10/16","2022/04/28","生産計画作成方法およびそのシステム","株式会社サタケ","G05B19/418@Z,G06Q50/04,G16Y20/10,G16Y20/20,G16Y40/20,G16Y10/25","特開2022-065913","","","","","https://www.j-platpat.inpit.go.jp/c1800/PU/JP-2022-065913/9D73F094722704530C56B73EE669847D72AC97515E2599E33649A8E9D8A12F62/11/ja"
"特開2022-065729","特願2020-174379","2020/10/16","2022/04/28","画像処理システム","シャープ株式会社","H04M3/523,G06F13/00,650@B,G06Q30/02,470,H04N1/00,127@A,H04L51/04,H04L67/00,G06Q30/015","特開2022-065729","","","","","https://www.j-platpat.inpit.go.jp/c1800/PU/JP-2022-065729/5312F0343C63BD6536914AB88DB2A8E72767C05B3BE24E378B4DC19CA1A2EB75/11/ja"
"特許7060897","特願2021-090545","2021/05/28","2022/04/27","搬送機構および小袋移載装置","株式会社旭金属","B65G47/91@B","特開2022-182808","","特許7060897","","","https://www.j-platpat.inpit.go.jp/c1800/PU/JP-7060897/135ED638FACB65AEE2FDA16E661771F0A87F40B268EE7113A97221B0788B9875/15/ja"
"特開2022-065659","特願2021-169528","2021/10/15","2022/04/27","３Ｄクラスタリングのナビゲーション","ダッソー　システムズ","G06F16/906,G06F30/10,100","特開2022-065659","","","","","https://www.j-platpat.inpit.go.jp/c1800/PU/JP-2022-065659/1ED97359731D6A953EBC4D89D851FC0FCE3DEF9B8254F47A8AF3532FAD3EC0FE/11/ja"
"特開2022-065641","特願2021-167293","2021/10/12","2022/04/27","ネットワークオペレータ処理方法、装置、電子デバイス、記憶媒体及びプログラム","ベイジン　バイドゥ　ネットコム　サイエンス　テクノロジー　カンパニー　リミテッド","G06N3/10,G06F16/28","特開2022-065641","","特許7217325","","","https://www.j-platpat.inpit.go.jp/c1800/PU/JP-2022-065641/B4D7CFE70B139AF5BC1E2A1AC9AD319EC99A38D040C8A6F006F0180C7C7D6DF7/11/ja"
"特開2022-065601","特願2021-021395","2021/02/15","2022/04/27","人工知能デバイスと連動して音声記録を管理する方法、コンピュータ装置、およびコンピュータプログラム","ＬＩＮＥ株式会社,ネイバー　コーポレーション","G10L15/22,460@Z,G10L15/00,200@B,G10L15/28,500","特開2022-065601","","特許7185712","","","https://www.j-platpat.inpit.go.jp/c1800/PU/JP-2022-065601/DA022F6122A7A24EEE44131BBA235CD615B3A90C297A1C6DE2A60E5860E0C38B/11/ja"
"特開2022-065599","特願2021-016212","2021/02/04","2022/04/27","機械学習モデルのハイパーパラメータ最適化過程の分析と調整のためのチューニングアルゴリズム認識視覚化方法","ＬＩＮＥ株式会社,ネイバー　コーポレーション","G06N20/00","特開2022-065599","","","","","https://www.j-platpat.inpit.go.jp/c1800/PU/JP-2022-065599/0EF92DD2243B38F765D3C8CF68659D6BF46575A315DC724EE0DCB5105FE2F67A/11/ja"
"特開2022-065597","特願2021-006430","2021/01/19","2022/04/27","印刷回路基板","サムソン　エレクトロ－メカニックス　カンパニーリミテッド．","H05K1/02@L,H05K1/02@C","特開2022-065597","","","","","https://www.j-platpat.inpit.go.jp/c1800/PU/JP-2022-065597/CF6AE8A5629835F7A7E19B16718D8E69D7DDB8300444D13FD0B182F0B1938B8A/11/ja"
"特開2022-065543","特願2020-174184","2020/10/15","2022/04/27","自動車の衝突回避装置","株式会社　ＡＣＲ","B60T7/12@C,B60T7/06@B,F16H1/08,F16H1/16,F16H1/06,F16H25/14,B60W30/09,B60W40/04,G08G1/16@C","特開2022-065543","","","","","https://www.j-platpat.inpit.go.jp/c1800/PU/JP-2022-065543/18744CE4196770D0A4D3A53DB60F9EB0305336ED37201D7FCD1D0F92539CB8B8/11/ja"
"特開2022-065422","特願2020-174007","2020/10/15","2022/04/27","移動経路提案システム","株式会社データ・テック","G01C21/34,G08G1/13,G09B29/00@A,G09B29/10@A,G16Y40/60","特開2022-065422","","","","","https://www.j-platpat.inpit.go.jp/c1800/PU/JP-2022-065422/C369C37D8A353A25FDA3D07D3C005F07753E2C61D7534B3C08D588E5DAECEB7F/11/ja"
"特開2022-065246","特願2020-173658","2020/10/15","2022/04/27","距離算出装置および距離算出方法","矢崎総業株式会社","G01C3/06,110@V","特開2022-065246","","","","","https://www.j-platpat.inpit.go.jp/c1800/PU/JP-2022-065246/C1464C9ED39562E6114C93738E52F9C5BFE1C3CA87C07D99B6E1A524BE1EC300/11/ja"
"特開2022-065244","特願2020-173656","2020/10/15","2022/04/27","学習用データセットの生成システム、および学習用データセットの生成方法","矢崎総業株式会社","G06N20/00","特開2022-065244","","","","","https://www.j-platpat.inpit.go.jp/c1800/PU/JP-2022-065244/23BE10E1A37F2C184681430A4E47B86F3275F8F6D7A859D70167719C7C51764A/11/ja"
"特開2022-065243","特願2020-173655","2020/10/15","2022/04/27","状況検出システム、状況検出方法、状況検出プログラム、学習済みモデル生成システム、及び、状況検出装置","矢崎総業株式会社","G06T7/00,350@B,G08G1/16@C,G08G1/04@D,G06T7/00,650@B,G06T7/00,650","特開2022-065243","","","","","https://www.j-platpat.inpit.go.jp/c1800/PU/JP-2022-065243/552B2B84B128473637D8B84D9FB740957FB97DDB44EE9662DB740774E0998693/11/ja"
"特許7060179","特願2022-011299","2022/01/27","2022/04/26","ＤＡＢコンバータおよび制御方法","日新電機株式会社","H02M3/28@D,H02M3/28@H","","","特許7060179","","","https://www.j-platpat.inpit.go.jp/c1800/PU/JP-7060179/8BB20CA03E34844E42036A509E2754F8AB925EF43C5BFAAEE29116503A6A6417/15/ja"
"特許7060130","特願2021-068145","2021/04/14","2022/04/26","運用支援装置、運用支援方法及びプログラム","富士電機株式会社","G05B13/02@J,G05B13/02@L,G05B23/02@X","特開2022-163293","","特許7060130","","","https://www.j-platpat.inpit.go.jp/c1800/PU/JP-7060130/D4E6E254F9981B71250DC2FBE5F658B606D67EE20F606DB026B07DE1785989A1/15/ja"
"特開2022-065133","特願2022-024393","2022/02/21","2022/04/26","信号機の制御方法、装置及びシステム","アポロ　インテリジェント　コネクティビティ　（ベイジン）　テクノロジー　カンパニー　リミテッド","G08G1/07@C","特開2022-065133","","","","","https://www.j-platpat.inpit.go.jp/c1800/PU/JP-2022-065133/530810F5FBC28BB94D240D6D6FF58A844C62103566D2AD9118ABC6839C573C86/11/ja"
"特開2022-065129","特願2022-023907","2022/02/18","2022/04/26","メッセージ処理方法、装置、電子装置、記憶媒体、及びプログラム製品","ベイジン　バイドゥ　ネットコム　サイエンス　テクノロジー　カンパニー　リミテッド","H04L51/066,H04L43/04,G16Y40/10","特開2022-065129","","","","","https://www.j-platpat.inpit.go.jp/c1800/PU/JP-2022-065129/397B5C6226682FC651136BACA37066F4687EF103142D3F6CCEDFCC07589944AC/11/ja"
"特開2022-065121","特願2022-023349","2022/02/18","2022/04/26","シャーシシミュレーション方法、装置、サーバ、記憶媒体及びプログラム","アポロ　インテリジェント　コネクティビティ　（ベイジン）　テクノロジー　カンパニー　リミテッド","G06F11/36,164,G01M17/007@D","特開2022-065121","","","","","https://www.j-platpat.inpit.go.jp/c1800/PU/JP-2022-065121/B3014014B0427EA1F4A3B9FAE11EBA85D7AFE921D365C96BE22193AF421FA80B/11/ja"
"特開2022-065069","特願2022-019738","2022/02/10","2022/04/26","情報処理システム","本郷飛行機株式会社","B64F3/00,B64C39/02","特開2022-065069","","","","","https://www.j-platpat.inpit.go.jp/c1800/PU/JP-2022-065069/B5460EFE8E2EF41AE6937C529DBDC7089EA639184CF013B281FE472C65D3E2C2/11/ja"
"特開2022-065032","特願2022-017641","2022/02/08","2022/04/26","知覚効果の測定方法、装置、デバイス、記憶媒体、プログラム、及び知覚効果の測定システム","アポロ　インテリジェント　ドライビング　テクノロジー（ペキン）カンパニー　リミテッド","G01V1/00@A","特開2022-065032","","","","","https://www.j-platpat.inpit.go.jp/c1800/PU/JP-2022-065032/DB3E2AEF2B881CFE7B63BE63180A9D30969BDA88B6634C60F703102117303BF3/11/ja"
"特開2022-064997","特願2022-016046","2022/02/04","2022/04/26","車両用制動方法、装置、デバイス、記憶媒体、プログラム及び車両","アポロ　インテリジェント　コネクティビティ　（ベイジン）　テクノロジー　カンパニー　リミテッド","B60T7/12@B,B60T8/172@Z","特開2022-064997","","","","","https://www.j-platpat.inpit.go.jp/c1800/PU/JP-2022-064997/9E1C1120EB0B5E74C039B2A7007AA64ABE9A00803624DA556403B3D2DB5571AC/11/ja"
"特開2022-064890","特願2022-001666","2022/01/07","2022/04/26","プログラム、端末装置及び方法","株式会社ＴＨＥＡＴＥＲ　ＧＵＩＬＤ","H04N21/488,H04N21/442","特開2022-064890","","","","","https://www.j-platpat.inpit.go.jp/c1800/PU/JP-2022-064890/5C51C01BF408DEC1E3B5D89BEC46C851ADCA79E9907AE9D906DC6431FCBC973D/11/ja"
"特開2022-064850","特願2021-155566","2021/09/24","2022/04/26","トレーニングイメージの自動生成システム及びその方法","台達電子工業股▲ふん▼有限公司","G06T7/00,350@B,G06T1/00,500@A","特開2022-064850","","","","","https://www.j-platpat.inpit.go.jp/c1800/PU/JP-2022-064850/FD39645A36AC2EE2F834517E49D6896DF73F764B2C82564FFCCB0FA476FE7E2E/11/ja"
"特開2022-064681","特願2020-173450","2020/10/14","2022/04/26","経路設定装置、経路設定方法、記憶媒体及びプログラム","本田技研工業株式会社","A01B69/00,303@D,G01S19/14,A01B69/00,303@M,A01B69/00,303@Z,G05D1/02@H,F02D29/00@B,F02D29/02@H","特開2022-064681","","","","","https://www.j-platpat.inpit.go.jp/c1800/PU/JP-2022-064681/4DDC0CA5CC4D8737B12A2CD833EAEC585FD8BCC3E8D90904914F840414217975/11/ja"
"特開2022-064567","特願2020-173275","2020/10/14","2022/04/26","マッチングシステム","金井　智彦,堀口　正幸","G06Q50/10","特開2022-064567","","","","","https://www.j-platpat.inpit.go.jp/c1800/PU/JP-2022-064567/1FD4065F2BAE6BC42E52ABF5125CEBD90DA800917EF96C37EAAABAC963BCF613/11/ja"
"特許7059427","特願2021-099051","2021/06/14","2022/04/25","検体検査依頼の支援システム","藤井　賢治,柳田　竜二","G16H10/00,G16H10/40","特開2022-190623","","特許7059427","","","https://www.j-platpat.inpit.go.jp/c1800/PU/JP-7059427/B44EB4CCC1C80D72F13D52D127E621C967A91A050A427DFDA8EB5924EF7D4FE2/15/ja"
"特開2022-064212","特願2020-172815","2020/10/13","2022/04/25","検索システム、検索方法及びコンピュータープログラム","エヌ・ティ・ティ・コミュニケーションズ株式会社","G06F16/9038,G06F16/90,100","特開2022-064212","","","","","https://www.j-platpat.inpit.go.jp/c1800/PU/JP-2022-064212/08F92B51918680332CE5A82812539DC8586EA7CB0929AE3C2F3B58B7A645EDCD/11/ja"
"特開2022-064123","特願2020-172660","2020/10/13","2022/04/25","ロボットシステム","沖電気工業株式会社","G05D1/00@B,B25J5/00@E","特開2022-064123","","","","","https://www.j-platpat.inpit.go.jp/c1800/PU/JP-2022-064123/257DBAACF1326D098C71165A4FCC5ECCBEA66CFA1E7EC9314C06011F44AC20E9/11/ja"
"特開2022-064115","特願2020-172646","2020/10/13","2022/04/25","情報処理装置及び情報処理方法、コンピュータプログラム、並びに学習システム","ソニー株式会社","G06N20/00","特開2022-064115","","","","","https://www.j-platpat.inpit.go.jp/c1800/PU/JP-2022-064115/D2A9ED89E65CCA9407F78161B11739CDE6FF7514D96AB7ABC5A60AE3952D0408/11/ja"
"特開2022-063999","特願2020-172459","2020/10/13","2022/04/25","搬送システム、および搬送方法","村田機械株式会社","B65G1/137@A,B65G1/04,505@C","特開2022-063999","","","","","https://www.j-platpat.inpit.go.jp/c1800/PU/JP-2022-063999/B9868D027BFA617681656BD0363D9B3E7BF8F3B66BAEEAF57FCCD52ABDA0D332/11/ja"
"特開2022-063949","特願2020-172379","2020/10/13","2022/04/25","不動産売買支援システム","オーベラス・ジャパン株式会社,株式会社ｔｈｅ　ＲＥＭＳ","G06Q50/16","特開2022-063949","","","","","https://www.j-platpat.inpit.go.jp/c1800/PU/JP-2022-063949/0B4F5E3BF3B4A1BFB98180CB217B3ED37E8D8F6E72719B87B23546FEEA75D264/11/ja"
"特許7058706","特願2020-198555","2020/11/30","2022/04/22","ユーザー育成支援システム、ユーザー育成支援方法およびユーザー育成支援プログラム","荒見　俊介,西本　悟朗,木戸　太一","G06Q30/02,398,G06Q30/02,382,G06Q30/02,446,G06Q10/10,320,G06Q50/20,300,G06Q10/105,G06Q30/0241,446,G06Q30/0242,G06Q30/0251","特開2022-086506","","特許7058706","","","https://www.j-platpat.inpit.go.jp/c1800/PU/JP-7058706/0A110CF1407F83B08B9E73AFCADEE01D52AC2D367E9D2C3513747317EFA98E8C/15/ja"
"特開2022-063786","特願2020-172207","2020/10/12","2022/04/22","学習装置、学習方法および判定装置","パナソニックアドバンストテクノロジー株式会社,大成建設株式会社","G06T7/00,350@B,G06Q50/08,E02F9/20@Q,E02F9/26@A","特開2022-063786","","","","","https://www.j-platpat.inpit.go.jp/c1800/PU/JP-2022-063786/4C09D8996B8DAE3E0AE7EAEDDD77AA8E053D50666E7FF13DB894AB92E20D4D21/11/ja"
"特開2022-063600","特願2020-171942","2020/10/12","2022/04/22","点検システムおよび点検方法","株式会社東芝,東芝エネルギーシステムズ株式会社","G06Q10/00,300,G16Y40/40,G06Q10/20","特開2022-063600","","","","","https://www.j-platpat.inpit.go.jp/c1800/PU/JP-2022-063600/A593F1198AE99C8FA84B13ED68F8BB8A1D93C8653D3E63F7E21A88881417CD62/11/ja"
"特開2022-063599","特願2020-171941","2020/10/12","2022/04/22","図面構造化システムおよび図面構造化方法","株式会社東芝,東芝エネルギーシステムズ株式会社","G06F17/50,606@D,G06F17/50,606@B,G06F17/50,602@J,G06F17/50,604@D,G06F30/10,G06F30/12,G06F30/27","特開2022-063599","","","","","https://www.j-platpat.inpit.go.jp/c1800/PU/JP-2022-063599/7BDD9CF1F461FCDD04BF4163A120CB837E26B96A5FFABC0A2C0EA136BD3F2564/11/ja"
"特許7193015","特願2021-574939","2021/03/12","2022/04/21","コミュニケーション支援プログラム、コミュニケーション支援方法、コミュニケーション支援システム、端末装置及び非言語表現プログラム","住友電気工業株式会社","G06F3/0484,120,G06F3/16,650,G06F3/16,620,H04M1/72427,H04M3/56@C,G10L15/10,200@W,G10L15/10,500@Z,G06T13/40,G06F3/04842","WO2022/079933","","特許7193015","","","https://www.j-platpat.inpit.go.jp/c1800/PU/JP-7193015/DA8DD14323E35E46B2934875AA9C1DBE687CDB12A46F00FE3A0C4A649681B8C4/15/ja"
"特許7058370","特願2021-188901","2021/11/19","2022/04/21","燃焼設備","東京瓦斯株式会社","F23D14/02@A,F23D99/00,F23N5/18@Z,F23N5/20@F,F23D14/30,F23D14/26","","","特許7058370","","","https://www.j-platpat.inpit.go.jp/c1800/PU/JP-7058370/F93C2CB66F3618325FBBA8E76810ED150F2F49217BD5D42A98599B7E61B45BC5/15/ja"
"特許7057988","特願2022-004738","2022/01/15","2022/04/21","商社型広告救済システム","坂梨　健","G06Q30/02,380,G06Q30/02,396,G06Q30/0241,G06Q30/0241,396","","","特許7057988","","","https://www.j-platpat.inpit.go.jp/c1800/PU/JP-7057988/997CDBA669D6B2EDD7405F5A2422D732B9B35D4C589144BB81DA6BA2F4BBB677/15/ja"
"特表2023-502187","特願2021-546756","2021/01/25","2022/04/21","量子回路の決定方法、装置、機器及びコンピュータプログラム","▲騰▼▲訊▼科技（深▲セン▼）有限公司","G06N10/20","特表2023-502187","","","","","https://www.j-platpat.inpit.go.jp/c1800/PU/JP-2023-502187/16E135BB99BDD1E0E4642DFA72184F3B61BEE737B5CC9E4CA80466488469FCB4/11/ja"
"特開2022-063265","特願2021-215049","2021/12/28","2022/04/21","財産管理装置および財産管理システム","株式会社ブロードリーフ","G06Q50/10,G06Q10/00","特開2022-063265","","","","","https://www.j-platpat.inpit.go.jp/c1800/PU/JP-2022-063265/9EC60248D2EC7EAA25165EEB147975369742EAA75B1C88665606DCA0C6BDC2A3/11/ja"
"特開2022-063240","特願2021-164410","2021/10/06","2022/04/21","自己学習システムを用いて工作機械上での機械加工をシミュレーションするための方法及び装置","ディーエムジー　モリ　デジタル　ジーエムビーエイチ","G05B19/4069,G05B19/4155@V,G06N20/00","特開2022-063240","","","","","https://www.j-platpat.inpit.go.jp/c1800/PU/JP-2022-063240/253826200575A1A9D1C26CD6E31B2DA8EC53749E933015359D402F32AB0BA422/11/ja"
"特開2022-063111","特願2020-171480","2020/10/09","2022/04/21","悩みアドバイスシステム","花王株式会社","G06Q50/10,G06F13/00,650@B,H04L51/04,H04L67/00","特開2022-063111","","","","","https://www.j-platpat.inpit.go.jp/c1800/PU/JP-2022-063111/DAC0EF40DA1A0DE271A45348EB8E0B1B67F03C2E95F7E43202221FD8E410C0A6/11/ja"
"特開2022-063084","特願2020-171427","2020/10/09","2022/04/21","モデル学習システム、車両の制御装置及びモデル学習方法","トヨタ自動車株式会社","F02D29/02@H,F02D45/00,374","特開2022-063084","","","","","https://www.j-platpat.inpit.go.jp/c1800/PU/JP-2022-063084/FB21CF58229AB47D9EA5360B5B656CBD784D747BB27BA41F4A6BC36CAA43C9DD/11/ja"
"特開2022-062894","特願2020-171079","2020/10/09","2022/04/21","財産管理装置および財産管理システム","株式会社ブロードリーフ","G06Q50/10,G06Q50/16,300","特開2022-062894","","","","","https://www.j-platpat.inpit.go.jp/c1800/PU/JP-2022-062894/9C1D5E213F57B1CFEBE30F54462AD4700E6932622AD0C10C0B4FD97C640D88F8/11/ja"
"特開2022-062732","特願2020-170831","2020/10/09","2022/04/21","契約した利用者毎に最適な書籍とこれにふさわしいアドバイス情報を単発又は定期的に個別選定すると共に当該書籍に当該アドバイス情報を添えて単発又は定期的に個別配信するシステム。","谷口　とよ美","G06Q30/02,470,G06Q30/015","特開2022-062732","","","","","https://www.j-platpat.inpit.go.jp/c1800/PU/JP-2022-062732/FB801BED5FCC867D33557A74619A7E834DAA2FF149CBA4857F65A7247D09BA08/11/ja"
"特許7057581","特願2020-209132","2020/12/17","2022/04/20","情報処理装置、システム、プログラム、及び方法","カラクリ株式会社","G06F16/90,100,G06F40/30,H04L51/04,G06F40/35","特開2022-096176","","特許7057581","","","https://www.j-platpat.inpit.go.jp/c1800/PU/JP-7057581/61596DB46D708B5D3FEB05806DC43C89E57C98456E72BCA3777B5409C6B1A99D/15/ja"
"特開2022-062574","特願2020-170682","2020/10/08","2022/04/20","人の表出情報からの脳活動状態推定","公立大学法人広島市立大学,国立大学法人広島大学","A61B5/16,100,A61B5/04,320@M,A61B5/055,390,A61B5/055,380,G06N3/08","特開2022-062574","","","","","https://www.j-platpat.inpit.go.jp/c1800/PU/JP-2022-062574/4A434B4AE8E9F63BE5FE4522A0C2D4C62F37CE149E500E417D1E80BFD650924C/11/ja"
"特開2022-062565","特願2020-170667","2020/10/08","2022/04/20","カメラ制御装置及びカメラ制御方法並びにプログラム","三菱重工機械システム株式会社","H04N5/232,960,H04N5/232,990,H04N5/235,400,H04N7/18@D,H04N7/18@E,E04H6/42@Z,H04N23/69,H04N23/695,H04N23/74","特開2022-062565","","","","","https://www.j-platpat.inpit.go.jp/c1800/PU/JP-2022-062565/6E8F390719F6DD18B18AD8893D0071AB3D3728FBA1820CE091A4C3B10DD08DC9/11/ja"
"特開2022-062532","特願2020-170610","2020/10/08","2022/04/20","意図推定装置およびその方法","株式会社日立製作所","G10L15/10,500@T,G06N20/00,130,G06F40/30","特開2022-062532","","","","","https://www.j-platpat.inpit.go.jp/c1800/PU/JP-2022-062532/07259549DF4972C0AAF66D0A519E4BF58A69EDD0E7A71C76577E733BFBCFD2FA/11/ja"
"特開2022-062374","特願2020-170339","2020/10/08","2022/04/20","認識装置、認識方法及び認識プログラム","沖電気工業株式会社","G06T7/00,650@B,G06T1/00,330@B,H04N7/18@J,G08G1/16@A,G06T7/00,650","特開2022-062374","","","","","https://www.j-platpat.inpit.go.jp/c1800/PU/JP-2022-062374/FDF40A846AC84D2541AB3B139C3297513DE15B9AD66B9CDA7457A30870210EC3/11/ja"
"特許7056794","特願2021-183648","2021/11/10","2022/04/19","モデル学習システム及びモデル学習装置","トヨタ自動車株式会社","G06N20/00,130","","","特許7056794","","","https://www.j-platpat.inpit.go.jp/c1800/PU/JP-7056794/E918B0A00CED02605668712B5947E94E957E928CC6E1BB2514AA9961F3B53F06/15/ja"
"特開2022-062274","特願2022-023755","2022/02/18","2022/04/19","関数処理方法、装置及び電子機器","ベイジン　バイドゥ　ネットコム　サイエンス　テクノロジー　カンパニー　リミテッド","G06N10/00,G06N99/00,180","特開2022-062274","","","","","https://www.j-platpat.inpit.go.jp/c1800/PU/JP-2022-062274/61FA25990129BD7E306547C126A225ADB73CE8078240746766BCCB6B429488F7/11/ja"
"特開2022-062263","特願2022-022998","2022/02/17","2022/04/19","ランプ状態データの処理方法、装置及びシステム","アポロ　インテリジェント　コネクティビティ　（ベイジン）　テクノロジー　カンパニー　リミテッド","G08G1/09@D","特開2022-062263","","","","","https://www.j-platpat.inpit.go.jp/c1800/PU/JP-2022-062263/096529D86AA20824067FC3F719F0C2549DB71AE711AD9B5A5669A43DCACD31B9/11/ja"
"特開2022-062160","特願2022-014708","2022/02/02","2022/04/19","網膜の厚さを測定するための光干渉断層撮影（ＯＣＴ）システム","アキュセラ　インコーポレイテッド","A61B3/10,100,G01N21/17,630","特開2022-062160","","","","","https://www.j-platpat.inpit.go.jp/c1800/PU/JP-2022-062160/C171A0DB1C2AE668E5D35DF137233DEED660854719A93C6CE4900DFDCD29208F/11/ja"
"特開2022-062087","特願2022-007508","2022/01/21","2022/04/19","電気化学検出、容量検出、および電界放出検出のためのナノ構造アレイベースのセンサ","カリード，ワカス","G01N27/30@F,G01N27/30@B,G01N27/02@D,G01N27/22@B,G01N27/22@C,G01N27/22@A","特開2022-062087","","","","","https://www.j-platpat.inpit.go.jp/c1800/PU/JP-2022-062087/55884E089290AB4F89735F580B7B81712689AB479C6EEB52062164B7C4600FE6/11/ja"
"特開2022-061882","特願2020-170120","2020/10/07","2022/04/19","購買状況分析支援装置及び購買状況分析支援プログラム","株式会社竹中工務店","G06Q30/02,312,G06Q30/0203","特開2022-061882","","","","","https://www.j-platpat.inpit.go.jp/c1800/PU/JP-2022-061882/FAF02B41D3653019EFDD0ADBECC0C5ACA2349C0C8F665C8CA7E1C214E0F4D0AB/11/ja"
"特開2022-061876","特願2020-170109","2020/10/07","2022/04/19","関数同定方法","株式会社竹中工務店","G06F17/17,G06N20/00,130","特開2022-061876","","","","","https://www.j-platpat.inpit.go.jp/c1800/PU/JP-2022-061876/D3D1CCD2605705301D7EAA6A30A5E86FB9D9FA831A0725D221A51358764BD865/11/ja"
"特開2022-061829","特願2020-170023","2020/10/07","2022/04/19","ベッドシステム","パラマウントベッド株式会社","A61G7/043,G08B21/02","特開2022-061829","","","","","https://www.j-platpat.inpit.go.jp/c1800/PU/JP-2022-061829/915BCF20AE19C107538E9A46714A7806FEE460597B3B87AEFE344D83E08D5A4C/11/ja"
"特許7055530","特願2022-029232","2022/02/28","2022/04/18","人工知能により生成される画像のベクター画像化","窪田　望","G06T1/40,G06N20/00,G06V10/82,G06V10/72","","","特許7055530","","","https://www.j-platpat.inpit.go.jp/c1800/PU/JP-7055530/B0023FD2363A7189CF720792B979F480C19E2268042B11C5CBA019D5512DD73D/15/ja"
"特許7055529","特願2022-025781","2022/02/22","2022/04/18","意味判定プログラム、及び意味判定システム","クリスタルメソッド株式会社","G10L15/16,G10L15/06,300@Z,G10L15/10,400@K,G10L15/18,300@H,G10L15/10,200@C,G10L15/10,500@T","","","特許7055529","","","https://www.j-platpat.inpit.go.jp/c1800/PU/JP-7055529/C8342B1B17C1520E8C0EA11F828E0FE431E86E1789AB0770929E387A01175A17/15/ja"
"特開2022-061475","特願2021-149865","2021/09/15","2022/04/18","不均一性の照射を最小限に抑えるためのシステムと方法","レイザー　システムズ　アンド　ソリューションズ　オブ　ヨーロッパ","H01L21/268@T,H01L21/268@G,H01L21/268@J","特開2022-061475","","","","","https://www.j-platpat.inpit.go.jp/c1800/PU/JP-2022-061475/7F919A58738C01032C8B2E7C74BAD6FE272DE96BA9A5FCE32795C79CC482E4D3/11/ja"
"特開2022-061460","特願2021-116651","2021/07/14","2022/04/18","水回りトラブル修理期間推定プログラム","ＡＳＳＥＳＴ株式会社","G06Q10/00,300,G06Q10/20","特開2022-061460","","","","","https://www.j-platpat.inpit.go.jp/c1800/PU/JP-2022-061460/930B2E99AC91B766C131F7E7FBDB6C738D756EB3E399EC981A88F00AAEB744DE/11/ja"
"特開2022-061459","特願2021-116650","2021/07/14","2022/04/18","水回りトラブル修理費推定プログラム","ＡＳＳＥＳＴ株式会社","G06Q50/10,G06Q30/06","特開2022-061459","","","","","https://www.j-platpat.inpit.go.jp/c1800/PU/JP-2022-061459/342608D998F6DDF3DCB5991500346C8EEC8D749D8B661AB56FDD3620B9C0C16D/11/ja"
"特開2022-061458","特願2021-116649","2021/07/14","2022/04/18","水回りトラブル発生頻度予測プログラム","ＡＳＳＥＳＴ株式会社","G06Q50/06,G06Q10/02","特開2022-061458","","","","","https://www.j-platpat.inpit.go.jp/c1800/PU/JP-2022-061458/46E5EFD422787A5C7942EA60F4C8847092437781BAC4BF04D921611BAFBDF741/11/ja"
"特開2022-061452","特願2021-068995","2021/04/15","2022/04/18","ヒューマン・インターフェイス・デバイスのレイテンシ決定","エヌビディア　コーポレーション","G06F13/10,340@Z","特開2022-061452","","","","","https://www.j-platpat.inpit.go.jp/c1800/PU/JP-2022-061452/C61A90DF6046B6AF21483A50989F436529575C49450474C7D0738E55FE00F5B9/11/ja"
"特開2022-061259","特願2020-169154","2020/10/06","2022/04/18","光検出素子","パナソニックＩＰマネジメント株式会社","H01L31/10@Z,H01L31/10@G,H01L27/144@K,H01L27/146@A","特開2022-061259","","","","","https://www.j-platpat.inpit.go.jp/c1800/PU/JP-2022-061259/D79F20534196AF1F563628F97EEDEE6F2BD230A50D932528683FE0B30A72C01C/11/ja"
"特開2022-061138","特願2020-168933","2020/10/06","2022/04/18","ガス設備トラブル発生頻度予測プログラム","ＡＳＳＥＳＴ株式会社","G06Q10/04,G06Q50/06","特開2022-061138","","","","","https://www.j-platpat.inpit.go.jp/c1800/PU/JP-2022-061138/5055E411D7769BE73FE8F39EF25F90285C74535FB997DD5AFCEA76563E16DB8C/11/ja"
"特開2022-061137","特願2020-168932","2020/10/06","2022/04/18","電気設備トラブル発生頻度予測プログラム","ＡＳＳＥＳＴ株式会社","G06Q10/04","特開2022-061137","","","","","https://www.j-platpat.inpit.go.jp/c1800/PU/JP-2022-061137/FC7B5728309CB3DAEE12B9618C36D32045F2ED7640CD2900D98A0302E7D65F9C/11/ja"
"特開2022-061136","特願2020-168931","2020/10/06","2022/04/18","空調トラブル発生頻度予測プログラム","ＡＳＳＥＳＴ株式会社","G06Q10/04","特開2022-061136","","","","","https://www.j-platpat.inpit.go.jp/c1800/PU/JP-2022-061136/26F3CAAA663781200A78EBD73439ABDCE3040F79671FDE8DF21FDE686374269C/11/ja"
"特開2022-061135","特願2020-168930","2020/10/06","2022/04/18","水回りトラブル発生頻度予測プログラム","ＡＳＳＥＳＴ株式会社","G06Q50/06,G06Q10/00,300,G06Q10/04,G06N3/02,G06Q10/20","特開2022-061135","","","","","https://www.j-platpat.inpit.go.jp/c1800/PU/JP-2022-061135/F887E5F0199E18933107145304290773CD83056AC468597757E37B7997C0C238/11/ja"
"特開2022-061134","特願2020-168929","2020/10/06","2022/04/18","水回りトラブル発生頻度予測プログラム","ＡＳＳＥＳＴ株式会社","G06Q50/06,G06Q10/00,300,G06Q10/04,G06N3/02,G06Q10/20","特開2022-061134","","","","","https://www.j-platpat.inpit.go.jp/c1800/PU/JP-2022-061134/8D79A09A18579EB42F5EF3853BFD418D5EB18F7D9BF09512907143900D71862A/11/ja"
"特開2022-060597","特願2022-029953","2022/02/28","2022/04/14","情報処理システム","正林　真之","G06Q50/10","特開2022-060597","","","","","https://www.j-platpat.inpit.go.jp/c1800/PU/JP-2022-060597/A79786D906E160B8E4D1BD028D0A30FF142790E41EFD29F4D3962841B0DBDD5C/11/ja"
"特開2022-060172","特願2021-159600","2021/09/29","2022/04/14","試料管を移送するように構成された移送インターフェースの少なくとも１つのキャビティの少なくとも１つの状態を判定する方法","エフ　ホフマン－ラ　ロッシュ　アクチェン　ゲゼルシャフト","G01N35/00@F,G01N35/04@B","特開2022-060172","","","","","https://www.j-platpat.inpit.go.jp/c1800/PU/JP-2022-060172/659AB24D8D65C51FEE5F739730E006B6483B549C845297D5873791CF9877923C/11/ja"
"特開2022-060159","特願2021-138797","2021/08/27","2022/04/14","ユーザグラフィック表現間のアドホック仮想通信","ティーエムアールダブリュー　ファウンデーション　アイピー　エスエーアールエル","H04L65/403,H04N7/14,H04N7/14,110,H04L67/141","特開2022-060159","","","","","https://www.j-platpat.inpit.go.jp/c1800/PU/JP-2022-060159/B71967AB6281D7C3C4EA831ABBE0037E539043EC7EA91755F879BCCECC64FB74/11/ja"
"特開2022-060152","特願2021-113368","2021/07/08","2022/04/14","エッジ・コンピューティング・アプリケーションをプロビジョニングするためのトークンベースのゼロタッチ登録","エヌビディア　コーポレーション","H04L9/00,601@B,H04L9/00,601@F,G06F21/44","特開2022-060152","","","","","https://www.j-platpat.inpit.go.jp/c1800/PU/JP-2022-060152/21D7C60069FF5C6F4B9AD48E4C75D19EB26616AFC99306EEF8B63E8011EB6D6C/11/ja"
"特開2022-060145","特願2021-103405","2021/06/22","2022/04/14","マルチレベル超低電力推論エンジンアクセラレータ","サンディスク　テクノロジーズ　エルエルシー","G11C11/54,G06N3/063,G11C17/16,100,G06G7/60,H01L27/112,G11C11/56,600,G06F12/00,560@F,G06N3/065,H10B20/25","特開2022-060145","","特許7152562","","","https://www.j-platpat.inpit.go.jp/c1800/PU/JP-2022-060145/571A77DC116DEDF82A8CEFB18275FC4287EFB1D2CF95D977CDFBC4F5565653C1/11/ja"
"特開2022-060143","特願2021-097563","2021/06/10","2022/04/14","外部磁場プログラミング支援を有する超小型電力推論エンジン","サンディスク　テクノロジーズ　エルエルシー","G06G7/60,G06N3/063,G06F17/16,G11C11/16,240,G11C11/54,G06N3/0495,G06N3/065","特開2022-060143","","","","","https://www.j-platpat.inpit.go.jp/c1800/PU/JP-2022-060143/C0571ED7FEACA319C0418E59F4AAA81CF4A351406EE4299A1E6B7DA50EAD60E7/11/ja"
"特開2022-059990","特願2020-167943","2020/10/02","2022/04/14","要冷機器の電力削減システム","株式会社マイカンパニー,野垣　建二","F25D11/00,101@E,F25B49/02@D","特開2022-059990","","特許7100325","","","https://www.j-platpat.inpit.go.jp/c1800/PU/JP-2022-059990/C267D2837800E701663E34DA68E2C046F79D235679984118815F4055FAD6B251/11/ja"
"特開2022-059977","特願2020-167918","2020/10/02","2022/04/14","演算装置およびプログラム","クラリオン株式会社","G01C21/36,G08G1/0969,G06T7/00,660@A,G06T7/00@P,G06T7/00,650","特開2022-059977","","","","","https://www.j-platpat.inpit.go.jp/c1800/PU/JP-2022-059977/00607747CBD4717E7B9D49EC736DB85EADBE0413C764A4A72261E17B41F9B0A1/11/ja"
"特開2022-059957","特願2020-167873","2020/10/02","2022/04/14","音声認識装置","シチズン時計株式会社","G10L15/25,G10L15/02,300@Z,G06T7/00@P,G06T7/00,660@A","特開2022-059957","","","","","https://www.j-platpat.inpit.go.jp/c1800/PU/JP-2022-059957/AC24D12586153C0B7CA202BC1AE744F6D23AA6F50B16D23CEB78CBCADFCCDD3B/11/ja"
"特開2022-059877","特願2020-167752","2020/10/02","2022/04/14","プログラム、情報処理方法及び内視鏡システム","ＨＯＹＡ株式会社","A61B1/045,622,A61B1/00,552,A61B1/04,530,A61B1/00,731,A61B1/045,610,A61B1/00,682,G02B23/24@B","特開2022-059877","","","","","https://www.j-platpat.inpit.go.jp/c1800/PU/JP-2022-059877/EE61223EAF083CC846D5C44A50866D7B87FC705552C2402D363BAF5B479D2045/11/ja"
"特開2022-059868","特願2020-167740","2020/10/02","2022/04/14","画像処理システム","シャープ株式会社","H04N1/00,350,G06F13/00,500@H,G06F3/12,305,G06F3/12,373,G06F3/12,392,B41J29/38,801,B41J29/38,401,H04N1/00,127@A,H04N1/00,127@B,H04L67/00","特開2022-059868","","","","","https://www.j-platpat.inpit.go.jp/c1800/PU/JP-2022-059868/4EFEF7C1115B098FE20BC6911C2C4230441F660F55B67F3ED237099CF0E331D1/11/ja"
"特開2022-059764","特願2020-167564","2020/10/02","2022/04/14","情報処理装置","コルデコ株式会社","G06Q50/12","特開2022-059764","","","","","https://www.j-platpat.inpit.go.jp/c1800/PU/JP-2022-059764/AB743BE4FBE42CC40B1578DAA01BCEB1FF9F16707ED620AB343956DFE4864A4E/11/ja"
"特開2022-059736","特願2020-167507","2020/10/02","2022/04/14","加熱調理器","三菱電機ホーム機器株式会社,三菱電機株式会社","F24C15/00@H,F24C7/04,301@A,F24C7/04,301@Z,H05B6/12,303,F24C15/00@D,F24C15/00@M,F24C7/02,320@F,H05B6/12,302","特開2022-059736","","","","","https://www.j-platpat.inpit.go.jp/c1800/PU/JP-2022-059736/5F3E8104F18923FC2F186874161FFBD830DFA126A3A08FE9520A8A8E8F262B74/11/ja"
"特開2022-059733","特願2020-167501","2020/10/02","2022/04/14","プロジェクトのリスク予測装置およびプロジェクトのリスク予測方法","株式会社日立ソリューションズ東日本","G06Q10/06,326,G06Q10/0635","特開2022-059733","","","","","https://www.j-platpat.inpit.go.jp/c1800/PU/JP-2022-059733/35FF9E04D962D7D1B4860AEA66152D720432E8892622D2D3DD7552D0BA1A0043/11/ja"
"特開2022-059610","特願2022-005015","2022/01/17","2022/04/13","頭蓋内に安全に細胞を投与するための総合システム","株式会社ＲＡＩＮＢＯＷ","A61B34/20,A61B5/055,390,A61M5/42,520,A61B18/04,A61M5/00,500,A61M25/06","特開2022-059610","","","","","https://www.j-platpat.inpit.go.jp/c1800/PU/JP-2022-059610/F72D6D1576A71CD6FF48563690BBD5822DCD6F2833705E7ED2BB5838B31E017D/11/ja"
"特開2022-059609","特願2022-001172","2022/01/06","2022/04/13","高速ＯＴＡ生産ラインテストプラットフォーム","稜研科技股▲ふん▼有限公司","H01Q21/06,H01Q19/06,H01Q25/00,H01Q19/185,H01Q19/17,G01R29/10","特開2022-059609","","","","","https://www.j-platpat.inpit.go.jp/c1800/PU/JP-2022-059609/6C93B1FD692F0A3CAADC7656114E6AFE7D9FDCD756392D31E27E3E5DD4D4A41F/11/ja"
"特開2022-059496","特願2020-167289","2020/10/01","2022/04/13","車両制御装置、車両制御方法、およびプログラム","本田技研工業株式会社","B60W30/08,B60W40/06,B60W40/04,G08G1/16@D","特開2022-059496","","","","","https://www.j-platpat.inpit.go.jp/c1800/PU/JP-2022-059496/FBC876DAB8F2F80BF7BDD16A34AC010076E195AB0ED2D0EDA3FFDFC0466B0398/11/ja"
"特開2022-059431","特願2020-167174","2020/10/01","2022/04/13","車両制御装置、車両制御方法、およびプログラム","本田技研工業株式会社","B60W30/08,B60W30/10,B60W60/00","特開2022-059431","","","","","https://www.j-platpat.inpit.go.jp/c1800/PU/JP-2022-059431/285751E892DD0923BB36E0B55885547731568E1D7BD9A572CB279F7AE5175D62/11/ja"
"特開2022-059430","特願2020-167173","2020/10/01","2022/04/13","車両制御装置、車両制御方法、およびプログラム","本田技研工業株式会社","B60W30/08,B60W30/14","特開2022-059430","","","","","https://www.j-platpat.inpit.go.jp/c1800/PU/JP-2022-059430/AD5F3BE5AF26B3CC0B38ED493AD6986BF000EE4183F21723F3B7A546C324ACC9/11/ja"
"特開2022-059281","特願2020-166918","2020/10/01","2022/04/13","医療レポート疎漏防止方法又は医療レポート疎漏防止システム","株式会社エムアンドエイチ","G16H15/00","特開2022-059281","","","","","https://www.j-platpat.inpit.go.jp/c1800/PU/JP-2022-059281/BF06FD8CFED4F4BC5C856B7DEAA06D3C8DFE6F3418733E406FEBD4DFB09FCE87/11/ja"
"特開2022-059245","特願2020-166857","2020/10/01","2022/04/13","ウェブページに広告宣伝機能を付与するサウンドコンテンツを評価するシステム","小林　生央","H04L12/70,100@Z,G06Q50/10,H04N21/237,H04N21/24,H04L43/06","特開2022-059245","","特許7146868","","","https://www.j-platpat.inpit.go.jp/c1800/PU/JP-2022-059245/66BE3B6FC51469244A9EBBE94152DCCECC93CE25A694CB6CD735FEA3E3062B02/11/ja"
"特開2022-059225","特願2020-166821","2020/10/01","2022/04/13","異音の発生源推定方法","トヨタ自動車株式会社","G01H17/00@Z,G01M99/00@Z","特開2022-059225","","","","","https://www.j-platpat.inpit.go.jp/c1800/PU/JP-2022-059225/03C002873083954299C3B391581A5673AF7ACF7BBC563EB141FF4055F101CCAC/11/ja"
"特開2022-059140","特願2020-166688","2020/10/01","2022/04/13","情報処理装置及びプログラム","富士ゼロックス株式会社,株式会社Ａｇａｍａ－Ｘ","G06F3/01,515,G06F21/32,A61B5/04,322","特開2022-059140","","","","","https://www.j-platpat.inpit.go.jp/c1800/PU/JP-2022-059140/9BC06FB64AF63CEF3EFD52A34EBD5B8218EE3CF05D983E868C865721BFF05F72/11/ja"
"特開2022-059095","特願2019-026289","2019/02/18","2022/04/13","認識装置、ウェアラブル文字認識デバイス、認識方法および認識プログラム","株式会社ロゼッタ","G06K9/20,340@A,G06F3/038,310@A,G06F17/28,690,G06F3/01,510,G06F3/0481,G06T7/20,300@Z,G06F40/40,G06F40/58,G06V30/14,340@A","特開2022-059095","","","","","https://www.j-platpat.inpit.go.jp/c1800/PU/JP-2022-059095/DEA9AB26D83B649A4E7B6914088FDA5FA9B7EC46E78846EB5E0A1DF94C0871C8/11/ja"
"特許7053776","特願2020-211608","2020/12/21","2022/04/12","交通事故状況分析システム、交通事故状況分析方法およびプログラム","セイコーソリューションズ株式会社","G08G1/00@D","特開2022-098200","","特許7053776","","","https://www.j-platpat.inpit.go.jp/c1800/PU/JP-7053776/73FBC71E77848A99BA47FC04C892AAE388B3C339B5526FC886E94A34119510FD/15/ja"
"特許7053077","特願2021-152987","2021/09/21","2022/04/12","シングルユーザアクションによる意思決定を支援するための方法及びシステム","ナウキャスティング．エーアイ　インコーポレイテッド","G06Q40/06,G06Q40/04,G06Q10/04","特開2022-160984","","特許7053077","","","https://www.j-platpat.inpit.go.jp/c1800/PU/JP-7053077/64E21FC17EAE59AA334FFCE1A8A9AE66DE97F73F7370B8759767569FBCAA7C2D/15/ja"
"特開2022-059021","特願2022-021790","2022/02/16","2022/04/12","モデル訓練方法および装置、テキスト予測方法および装置、電子デバイス、コンピュータ可読記憶媒体、およびコンピュータプログラム","ベイジン　バイドゥ　ネットコム　サイエンス　テクノロジー　カンパニー　リミテッド","G06N20/00,G06N3/08","特開2022-059021","","","","","https://www.j-platpat.inpit.go.jp/c1800/PU/JP-2022-059021/EE6E9202A1B8A2368059520D584B397EBC5F0B3156FCF829946AEF9F8D1D3A15/11/ja"
"特開2022-058952","特願2022-019166","2022/02/10","2022/04/12","路面凹凸領域の検出方法、装置、電子デバイス、記憶媒体、プログラム、及び車両","アポロ　インテリジェント　コネクティビティ　（ベイジン）　テクノロジー　カンパニー　リミテッド","G08G1/00@J,G06T7/62,G06T7/00,650@A,G01B11/30@W","特開2022-058952","","","","","https://www.j-platpat.inpit.go.jp/c1800/PU/JP-2022-058952/57B713F830BAB6E20A0405CD4F0880A9EE4D644EDE0281E5549EFBF6F9BA7668/11/ja"
"特開2022-058935","特願2022-018224","2022/02/08","2022/04/12","プログラム、方法、およびシステム","株式会社ＧａｍｉｎｇＤ","G06Q30/02,382,G06Q30/0242","特開2022-058935","","","","","https://www.j-platpat.inpit.go.jp/c1800/PU/JP-2022-058935/D3A4BFD80AA57F8BC280CB592BC3404679F69457999D116E92864C4029A1B965/11/ja"
"特開2022-058915","特願2022-017229","2022/02/07","2022/04/12","画像認識モデルをトレーニングするための方法および装置、画像を認識するための方法および装置、電子機器、記憶媒体、並びにコンピュータプログラム","ベイジン　バイドゥ　ネットコム　サイエンス　テクノロジー　カンパニー　リミテッド","G06N20/00,130","特開2022-058915","","","","","https://www.j-platpat.inpit.go.jp/c1800/PU/JP-2022-058915/CB141A51EFE896B8A925F00E03BBB70286F35EB972C6C6490FD263EFDBEC4352/11/ja"
"特開2022-058891","特願2022-015902","2022/02/03","2022/04/12","眼鏡および光学素子","株式会社エルシオ","G02C7/02,G02C7/10,G02B1/06,G02B1/08,G02B3/14,G02F1/13,505,G02F1/1333,G02F1/1343","特開2022-058891","","","","","https://www.j-platpat.inpit.go.jp/c1800/PU/JP-2022-058891/C7FE257607F9A3AC75E9911D7422D3CA2E32B3EDD96B7A6696279A5D61ADCBD2/11/ja"
"特開2022-058883","特願2022-015717","2022/02/03","2022/04/12","流体ポートの内部流路表面を濡らして超音波信号送信を向上させるための方法及び装置","ベクトン・ディキンソン・アンド・カンパニー","A61M5/48,510,A61M5/168,516,A61M5/168,540,A61M5/168,550,A61M5/172","特開2022-058883","","","","","https://www.j-platpat.inpit.go.jp/c1800/PU/JP-2022-058883/1C6BCD8046264CBA02C7D40264A4341A99A3D929B38FAB1A1A9C526DC68A3F2E/11/ja"
"特開2022-058796","特願2022-012527","2022/01/31","2022/04/12","周辺ＰＣＢ電子機器用液体冷却設計","バイドゥ　ユーエスエイ　エルエルシー","G06F1/20@C,G06F1/20@A,H05K7/20@N","特開2022-058796","","","","","https://www.j-platpat.inpit.go.jp/c1800/PU/JP-2022-058796/7390CDFCDB386CC5AD16A7929448678DF1D165E1E653944A4FB03AC2D6727F9B/11/ja"
"特開2022-058789","特願2022-011882","2022/01/28","2022/04/12","ＭＰ４オンライン再生方法、装置、電子機器、記憶媒体およびコンピュータプログラム","ベイジン　バイドゥ　ネットコム　サイエンス　テクノロジー　カンパニー　リミテッド","H04N21/438,H04N21/845,H04N5/765","特開2022-058789","","","","","https://www.j-platpat.inpit.go.jp/c1800/PU/JP-2022-058789/CED41D572BB979ABFCB053AF9E3DC6805944CB1FD4C69121736EB5E2691BAE51/11/ja"
"特開2022-058775","特願2022-010858","2022/01/27","2022/04/12","ターゲットオブジェクトの生成方法、装置、電子機器及び記憶媒体","ベイジン　バイドゥ　ネットコム　サイエンス　テクノロジー　カンパニー　リミテッド","G06N20/00,G06N3/04,G06N3/08,G06N3/0475","特開2022-058775","","","","","https://www.j-platpat.inpit.go.jp/c1800/PU/JP-2022-058775/F7C905D9EB584A2BDB3252BFE5B9CE56657C88CF6D14E24DBF1731981157AA98/11/ja"
"特開2022-058752","特願2022-009873","2022/01/26","2022/04/12","ファイル移動方法及び装置、電子機器並びに媒体","ベイジン　バイドゥ　ネットコム　サイエンス　テクノロジー　カンパニー　リミテッド","G06F16/185,G06F16/28","特開2022-058752","","","","","https://www.j-platpat.inpit.go.jp/c1800/PU/JP-2022-058752/7D88FF4B250C4D793131E9CA0FD0CCECAB250D6A2E300176764547B35D40170D/11/ja"
"特開2022-058737","特願2022-008585","2022/01/24","2022/04/12","データアクセス方法、装置、電子機器、記憶媒体およびコンピュータプログラム","アポロ　インテリジェント　コネクティビティ　（ベイジン）　テクノロジー　カンパニー　リミテッド","G06F16/182,100","特開2022-058737","","","","","https://www.j-platpat.inpit.go.jp/c1800/PU/JP-2022-058737/2FE7A57F7B301524337B283015CB71F688B3AC3982B90ABE6142B0F805FE380D/11/ja"
"特開2022-058696","特願2022-007346","2022/01/20","2022/04/12","敵対的ネットワークモデルのトレーニング方法、文字ライブラリの作成方法、並びにそれらの装置、電子機器、記憶媒体並びにコンピュータプログラム","北京百度網訊科技有限公司","G06F40/109,G06K9/66,G06V30/194","特開2022-058696","","","","","https://www.j-platpat.inpit.go.jp/c1800/PU/JP-2022-058696/282564CF0593057DA8918B81007632B9D447B0FA76B85AA6AF10030DA775B22C/11/ja"
"特開2022-058691","特願2022-007283","2022/01/20","2022/04/12","敵対的ネットワークモデルのトレーニング方法、文字ライブラリの作成方法、並びにそれらの装置、電子機器、記憶媒体及びプログラム","北京百度網訊科技有限公司","G06F40/109,G06N20/00,130","特開2022-058691","","","","","https://www.j-platpat.inpit.go.jp/c1800/PU/JP-2022-058691/79E8EB33C859DA55FE3BBD8B3988B3AEA657827E24B4B9970565F37C55957E3F/11/ja"
"特開2022-058659","特願2022-006161","2022/01/19","2022/04/12","信号灯状態データの検出方法及び装置","アポロ　インテリジェント　コネクティビティ　（ベイジン）　テクノロジー　カンパニー　リミテッド","G08G1/09@A","特開2022-058659","","","","","https://www.j-platpat.inpit.go.jp/c1800/PU/JP-2022-058659/A5D98E4F1FB752D706140A7B64BD7DE8943395C099FB033ABE35C6C5AC8FFC06/11/ja"
"特開2022-058617","特願2022-004124","2022/01/14","2022/04/12","漫画再生システム、その方法、そのコンピュータソフトウエアプログラム及びそれらに用いる漫画データ","株式会社吉本統合ファンド","G06F3/0485,G06F3/16,530,H04L67/02,G09G5/00,510@A,G09G5/34@A,G09G5/00,510@Q,G09G5/22,660@A","特開2022-058617","","","","","https://www.j-platpat.inpit.go.jp/c1800/PU/JP-2022-058617/D1B060A60B916931016D2F647497C847580FA90A5D4F2F46E4C7C653706C892F/11/ja"
"特開2022-058611","特願2022-003859","2022/01/13","2022/04/12","運転者及び乗客用の車載音響監視システム","バイドゥ　ユーエスエー　エルエルシー","G08G1/16@F,B60W40/08,B60W60/00","特開2022-058611","","","","","https://www.j-platpat.inpit.go.jp/c1800/PU/JP-2022-058611/0E3D7CA2ACADE7462F7ECDD24A9CBEC8EEBB445380EA6DADB7D8E2E9CB4B7D79/11/ja"
"特開2022-058591","特願2022-003274","2022/01/12","2022/04/12","環境内のコンピュータビジョン駆動型アプリケーションのためのシステムおよび方法","グラバンゴ　コーポレイション","G06Q30/06","特開2022-058591","","","","","https://www.j-platpat.inpit.go.jp/c1800/PU/JP-2022-058591/248FA56B44D541BB00525ADFE5301EB3AC090CE83CF645E4D9729CC0D30F7CB2/11/ja"
"特開2022-058579","特願2022-003035","2022/01/12","2022/04/12","車両走行の制御方法及び装置","アポロ　インテリジェント　コネクティビティ　（ベイジン）　テクノロジー　カンパニー　リミテッド","G08G1/16@C,G08G1/09@V,B60W30/08,B60W30/10,B60W60/00,B60W40/04","特開2022-058579","","","","","https://www.j-platpat.inpit.go.jp/c1800/PU/JP-2022-058579/6B1BAF8095C00BEFA535C434EFFAF5CE23F760EAE2077953BA7C4327668A165E/11/ja"
"特開2022-058543","特願2022-001862","2022/01/07","2022/04/12","幹線道路の保守のための光ファイバセンシング","エヌイーシー　ラボラトリーズ　アメリカ　インク","G01D5/353@A,E01C23/01,G06N3/02","特開2022-058543","","","","","https://www.j-platpat.inpit.go.jp/c1800/PU/JP-2022-058543/C9E0B12580B7DB734554C9D8FCA1F7D9E35DE1DE71C0509DD609074BDB282967/11/ja"
"特開2022-058521","特願2022-001140","2022/01/06","2022/04/12","遊技場における不正検知システム","エンゼルグループ株式会社","A63F1/06@Z,A63F1/18,G06T7/00,350@C,G06T7/60,110","特開2022-058521","","","","","https://www.j-platpat.inpit.go.jp/c1800/PU/JP-2022-058521/7E5B686D88374B80E2059D91AA4AFEA3C9E13A7F8B829394306C4B0C61D9C132/11/ja"
"特開2022-058487","特願2022-000354","2022/01/05","2022/04/12","拡張カードを介してハードウェアアクセラレーションを実行するための装置、システム、および方法","メタ　プラットフォームズ，　インク．","G06F1/16,312@M,G06F1/18@E,G06F1/18@F,G06F1/16,312@W,G06F1/18@D,G06F1/16,312@B","特開2022-058487","","","","","https://www.j-platpat.inpit.go.jp/c1800/PU/JP-2022-058487/AF6771C940E47D73E9ABBAB9C613EA56454D2AC2A612A09968A8D6862BD17C52/11/ja"
"特開2022-058471","特願2021-215383","2021/12/29","2022/04/12","プライバシーの保護を伴う人物の識別しおよび／または痛み、疲労、気分、および意図の識別および定量化のためのシステムおよび方法","アトラス５ディー，　インコーポレイテッド","G06T7/00,660@B,H04N7/18@K,H04N7/18@U,A61B5/16,G06T7/00,350@C,A61B5/117","特開2022-058471","","","","","https://www.j-platpat.inpit.go.jp/c1800/PU/JP-2022-058471/9CA2FAAC9497C2FEE6AE48A8F60C48981373333A832BA8E197CA74C71BDD4987/11/ja"
"特開2022-058462","特願2021-214391","2021/12/28","2022/04/12","量子アニーリング工程のための量子ハードウェアの構築およびプログラミング","グーグル　エルエルシー","G06N10/00","特開2022-058462","","","","","https://www.j-platpat.inpit.go.jp/c1800/PU/JP-2022-058462/30452C6858FD95EB57EBF98A7D6DDCC6A8F6531437FCD08CFFBDE4597E6EE5C0/11/ja"
"特開2022-058399","特願2021-209661","2021/12/23","2022/04/12","機械学習に基づくウェブインタフェース生成及びテストシステム","エボルブ　テクノロジー　ソリューションズ　インク．","H04L67/02","特開2022-058399","","","","","https://www.j-platpat.inpit.go.jp/c1800/PU/JP-2022-058399/F46410AE405ACBC5753BAE377230F9274BD0C9334AD3B4725FDA2FB05BF13B1A/11/ja"
"特開2022-058391","特願2021-208374","2021/12/22","2022/04/12","改善された視覚的検出能力を備えた自律走行車","エーアイモーティブ　ケーエフティー．","H04N5/232,990,H04N5/247,B60T8/171@Z,G08G1/00@J,G08G1/16@C,B60W60/00,B60W40/04,B60W40/06,H04N23/695,H04N23/90","特開2022-058391","","","","","https://www.j-platpat.inpit.go.jp/c1800/PU/JP-2022-058391/B61D2FDA0C6C4D585751EA72F5332A302E1AE91BA46E3CD3CDD3A65E1E75B59B/11/ja"
"特開2022-058332","特願2021-153014","2021/09/21","2022/04/12","車両用の自律型座席消毒システム","トヨタ　モーター　ノース　アメリカ，インコーポレイティド","B60N3/00@Z,A61L2/10","特開2022-058332","","","","","https://www.j-platpat.inpit.go.jp/c1800/PU/JP-2022-058332/1E71E3800BA9BECABB921E1C824058045F0D09CA8456D0DB8218C179971E2B3A/11/ja"
"特開2022-058329","特願2021-107938","2021/06/29","2022/04/12","分散式モデルトレーニング方法、装置、電子機器、記憶媒体及びコンピュータプログラム","ベイジン　バイドゥ　ネットコム　サイエンス　アンド　テクノロジー　カンパニー　リミテッド","G06N20/00","特開2022-058329","","","","","https://www.j-platpat.inpit.go.jp/c1800/PU/JP-2022-058329/2A9AF8A78D9B6DBDF0C5094C29CDBE10A7C86B4222E8992720A92A2B68FE1368/11/ja"
"特開2022-058328","特願2021-107863","2021/06/29","2022/04/12","分散型モデルトレーニング装置および方法、電子機器、記憶媒体、ならびに、コンピュータプログラム","ベイジン　バイドゥ　ネットコム　サイエンス　アンド　テクノロジー　カンパニー　リミテッド","G06N20/00,G06F9/50,150@E","特開2022-058328","","","","","https://www.j-platpat.inpit.go.jp/c1800/PU/JP-2022-058328/668A69194C02FF9A12097FD72F7A7FC91D357A2F8B965294DB1E2A1EBE1D47BD/11/ja"
"特許7051147","特願2020-209519","2020/12/17","2022/04/11","宿泊施設の客室管理システム","株式会社コンフォール","G06Q50/12,G06Q10/10,344,G06Q10/1093","特開2022-096421","","特許7051147","","","https://www.j-platpat.inpit.go.jp/c1800/PU/JP-7051147/7CAB9F29422C620FB32A70ED200F0570EDD7AEB3DD4F131420E64DA624006938/15/ja"
"特開2022-058314","特願2021-181201","2021/11/05","2022/04/11","情報処理方法、情報処理装置及びコンピュータプログラム","株式会社エクサウィザーズ","G06Q20/40,300,G06Q50/10","特開2022-058314","","","","","https://www.j-platpat.inpit.go.jp/c1800/PU/JP-2022-058314/93CBCA3092C8D8D35E44A630970D05F3152E8FDD73AA607C39BDED742868EEE5/11/ja"
"特開2022-058313","特願2021-181200","2021/11/05","2022/04/11","情報処理方法、情報処理装置及びコンピュータプログラム","株式会社エクサウィザーズ","G06Q20/40,300,G06Q50/10","特開2022-058313","","","","","https://www.j-platpat.inpit.go.jp/c1800/PU/JP-2022-058313/161455B70992DA6AF48B29EC7A6E58D93C52C27A12CECB25ABB75DD46ACFF3B4/11/ja"
"特開2022-058216","特願2021-152873","2021/09/21","2022/04/11","方法、システム及びコンピュータ・プログラム（受信データを分析し、配送用パッケージへの損傷のリスクを計算する）","インターナショナル・ビジネス・マシーンズ・コーポレーション","G06Q10/08,306,G06Q10/0833","特開2022-058216","","","","","https://www.j-platpat.inpit.go.jp/c1800/PU/JP-2022-058216/AC10711F4973103B06C7F668290C30D4BBA9B4AE0A754323CD4F039781275FDA/11/ja"
"特開2022-058215","特願2021-152829","2021/09/21","2022/04/11","音声コマンドに基づいて複数のコンピューティング・デバイス間の通信を行うための方法、コンピュータ・プログラム及びコンピュータ・システム（音声コマンドの実行）","インターナショナル・ビジネス・マシーンズ・コーポレーション","G10L15/22,453,G10L15/10,500@Z","特開2022-058215","","","","","https://www.j-platpat.inpit.go.jp/c1800/PU/JP-2022-058215/DCEAC1477B326083FB8E9030F5346CB7583C42E1BF61B68C756678A8106C1167/11/ja"
"特開2022-058135","特願2021-085748","2021/05/21","2022/04/11","ニューラル・ネットワークを使用するロバスト予測のための背景修正を含むデータ拡張","エヌビディア　コーポレーション","G06T7/00,350@C,G06T7/194,G06T7/00,660@Z,B60W40/00,B60W60/00,G06T7/00,650,G06V10/82,G06V20/40","特開2022-058135","","","","","https://www.j-platpat.inpit.go.jp/c1800/PU/JP-2022-058135/5BF7171919DEF2E2388531EBC4E50FFB8E22E0AFB312F8F1B1D1893386C55705/11/ja"
"特開2022-058098","特願2021-035943","2021/03/08","2022/04/11","世論取得及び単語粘度モデルトレーニング方法及びデバイス、サーバー並びに媒体","ベイジン　バイドゥ　ネットコム　サイエンス　アンド　テクノロジー　カンパニー　リミテッド","G06F16/58,G10L15/10,200@W,G10L15/00,200@Z,G06K9/00@S,G06V30/00@S","特開2022-058098","","","","","https://www.j-platpat.inpit.go.jp/c1800/PU/JP-2022-058098/2456F3D8510EA40CAB4345FD4E7437044C1D500F102EF5A1E20CA95F66C2195F/11/ja"
"特開2022-057864","特願2020-166323","2020/09/30","2022/04/11","情報処理装置及び情報処理プログラム","富士ゼロックス株式会社","G06N20/00","特開2022-057864","","","","","https://www.j-platpat.inpit.go.jp/c1800/PU/JP-2022-057864/9D49BF49D7656773D069B3C0CC7E87F76EEBEF47ABBF16D280C248E6E10E44FE/11/ja"
"特開2022-057493","特願2020-165778","2020/09/30","2022/04/11","情報処理装置、情報処理方法、及びプログラム","日鉄ソリューションズ株式会社","G06F40/253,G06F40/216,G06F40/279","特開2022-057493","","","","","https://www.j-platpat.inpit.go.jp/c1800/PU/JP-2022-057493/3FD771A66899795729BDB4F0F42E9E66111C691FF594CA3A196C6B6CDD73E581/11/ja"
"特開2022-057270","特願2020-165433","2020/09/30","2022/04/11","人工知能（ＡＩ）を用いた間取り図自動作成（トレース）システム","エイリーズ　ホールディングス有限責任株式会社","G06F17/50,680@B,G06F17/50,606@B,G06F17/50,606@D,G06F17/50,604@D,G06F17/50,602@J,G06F30/10,G06F30/12,G06F30/13,G06F30/27","特開2022-057270","","","","","https://www.j-platpat.inpit.go.jp/c1800/PU/JP-2022-057270/B14A8F99E272EBA78985AA6BA4E1C9B376FD569AEA560ADA9DE2E3FE3207B4C7/11/ja"
"特開2022-056744","特願2020-164661","2020/09/30","2022/04/11","アノテーション装置、アノテーション方法、及び、アノテーションプログラム","矢崎総業株式会社","H04N5/92,010,G06N20/00,130,G06T7/00,350@B,H04N5/222,G06N3/02,G06T7/00,650","特開2022-056744","","","","","https://www.j-platpat.inpit.go.jp/c1800/PU/JP-2022-056744/A4959F8421A41D8D993FFDB77EEF62C70A16977ED516A9E7DB32BA88F61356F0/11/ja"
"特開2022-056713","特願2020-164603","2020/09/30","2022/04/11","情報処理装置、情報処理方法及びプログラム","テルモ株式会社","A61B8/12,A61B1/045,621,A61B1/045,614,A61B1/00,526,A61B1/045,622,A61B1/00,551,A61B1/045,620,G16H30/00","特開2022-056713","","","","","https://www.j-platpat.inpit.go.jp/c1800/PU/JP-2022-056713/9A08093024DE4A271A6F016FC74F915D6194BB3FFA7654115D79494EE323CFB6/11/ja"
"特開2022-056602","特願2020-164441","2020/09/30","2022/04/11","車両制御装置、車両制御方法、およびプログラム","本田技研工業株式会社","B60W30/16,B60W60/00,B60K31/00@Z,B60W30/10,G08G1/00@X","特開2022-056602","","","","","https://www.j-platpat.inpit.go.jp/c1800/PU/JP-2022-056602/688B4895EC2A6BC970A86CBD8E2E12A6B69A83F93F1337DC60C249246402244E/11/ja"
"特許7050884","特願2020-199677","2020/12/01","2022/04/08","情報処理システム、情報処理方法、情報処理プログラム","グリー株式会社","G06F13/00,650@R,G06Q50/10,A63F13/55,A63F13/30,A63F13/52,H04L67/00,H04L67/131","特開2022-087631","","特許7050884","","","https://www.j-platpat.inpit.go.jp/c1800/PU/JP-7050884/6625B434EA587979C3604B7BC987AE4CC15547E39F73D89A3E80FC3A365E2BF8/15/ja"
"特許7050375","特願2021-174166","2021/10/25","2022/04/08","可搬型ドローンポートシステム","アラセ・アイザワ・アエロスパシアル合同会社","B64F3/00,B60P3/11,B64C39/02","","","特許7050375","","","https://www.j-platpat.inpit.go.jp/c1800/PU/JP-7050375/3D882C7067128B5F979330280280162A2E49301372CAE99C406F20B9C797DBEA/15/ja"
"特開2022-056412","特願2021-158544","2021/09/28","2022/04/08","機械学習モデルを選択する方法、システム、およびプログラム（モバイルＡＩ）","インターナショナル・ビジネス・マシーンズ・コーポレーション","G06N20/00","特開2022-056412","","","","","https://www.j-platpat.inpit.go.jp/c1800/PU/JP-2022-056412/21B733AC5200D905377311467822179C6B56510C986D4975E69D79FACC926AD7/11/ja"
"特開2022-056386","特願2021-155362","2021/09/24","2022/04/08","ある場所または物件における物品または資産を自動的に検出およびカタログ化するためのコンピュータ実装方法、コンピュータを用いたシステム、およびコンピュータプログラム製品（コンピュータによる資産の自動識別）","インターナショナル・ビジネス・マシーンズ・コーポレーション","G06Q50/10","特開2022-056386","","","","","https://www.j-platpat.inpit.go.jp/c1800/PU/JP-2022-056386/C90A17D661D7F4EBE5275FF47983AB8639DF2F8DB01DE4297ADBF70418DD4298/11/ja"
"特開2022-056316","特願2021-038794","2021/03/10","2022/04/08","文字構造化抽出方法及び装置、電子機器、記憶媒体並びにコンピュータプログラム","北京百度网▲訊▼科技有限公司","G06T7/11,G06T7/00,350@C,G06V20/62","特開2022-056316","","","","","https://www.j-platpat.inpit.go.jp/c1800/PU/JP-2022-056316/6A80B0E8938C917F7076BBFCF62F92A31F09FECE7A5171ED8A798D7E9AA4B225/11/ja"
"特開2022-056266","特願2020-164190","2020/09/29","2022/04/08","眼底撮影装置","株式会社ニデック","A61B3/10,100,A61B3/024","特開2022-056266","","","","","https://www.j-platpat.inpit.go.jp/c1800/PU/JP-2022-056266/5AAD619149B163DCC7EA9E8B53887D0AFB4DF3E31BB4ACBEAE809AF2EEA031E8/11/ja"
"特開2022-056028","特願2020-163800","2020/09/29","2022/04/08","電子機器","キヤノン株式会社","H04N5/225,100,G03B17/02,G03B15/00@P,H04N5/225,200,H04N23/50,H04N23/51","特開2022-056028","","","","","https://www.j-platpat.inpit.go.jp/c1800/PU/JP-2022-056028/EB02FE6723C72D1638DFE8F351069CD988E4F7FE75F17C8CD60611650C28BF45/11/ja"
"特開2022-055997","特願2020-163753","2020/09/29","2022/04/08","管理システム","ＫＹＢ株式会社","G01C21/34,G08G1/0969","特開2022-055997","","","","","https://www.j-platpat.inpit.go.jp/c1800/PU/JP-2022-055997/82BA2CB6B94614C9E055C960A9A7C74E0186E3EFC19C3F25B97D78AC756A7EE9/11/ja"
"特開2022-055955","特願2020-163689","2020/09/29","2022/04/08","入退管理システム、および、入退管理システムの管理方法","パナソニックＩＰマネジメント株式会社","G07C9/00@Z,G08B25/04@F,A61B5/1171,200,A61B5/01,100,A61B5/01,350,G07C9/00","特開2022-055955","","","","","https://www.j-platpat.inpit.go.jp/c1800/PU/JP-2022-055955/26ED8A9363AD7335193AD1F6489DB89F6266595667AFB85BB7AAB62DEC86B85A/11/ja"
"特開2022-055953","特願2020-163685","2020/09/29","2022/04/08","欠陥分類装置、欠陥分類方法及びプログラム","タカノ株式会社,株式会社神戸製鋼所","G06T7/00,350@B,G01N21/892@A,G06T7/00,300@F,G06T7/00,610","特開2022-055953","","","","","https://www.j-platpat.inpit.go.jp/c1800/PU/JP-2022-055953/2F9462D24A0406596FBE5713846E6F1E9AFF34DD3A3366F5FD31687163D08275/11/ja"
"特開2022-055736","特願2020-163322","2020/09/29","2022/04/08","状況推定装置、サーバ装置、状況推定システム、及び状況推定方法","パナソニックＩＰマネジメント株式会社","G06N20/00,A61B5/00,102@A,A61B5/01,100,A61B5/11,200,A61B5/107,300","特開2022-055736","","","","","https://www.j-platpat.inpit.go.jp/c1800/PU/JP-2022-055736/46FD427DB51CDD917E7E3B4E6172F2761DCBF8CB58791C13FC470E0E02DE569E/11/ja"
"特開2022-055734","特願2020-163319","2020/09/29","2022/04/08","情報処理装置およびプログラム","大日本印刷株式会社","G06Q50/14,G06F13/00,560@A,H04L67/00","特開2022-055734","","","","","https://www.j-platpat.inpit.go.jp/c1800/PU/JP-2022-055734/530DEC2490E1CD83A9E6F6AF854EF5DEC10EAEF6A67952351487356E0921F8A1/11/ja"
"特開2022-055721","特願2020-163304","2020/09/29","2022/04/08","情報処理システム、階層型エッジシステムおよび情報処理方法","株式会社日立製作所","H04L12/841,H04W4/38,G06N99/00,180,G06N3/02,G06N10/00,H04L12/853,H04L47/2416,H04L47/283,G06N3/044,100","特開2022-055721","","","","","https://www.j-platpat.inpit.go.jp/c1800/PU/JP-2022-055721/278D0334E4D1DBA74B22FCC03E715A360A637144940C4045F5E129B35A3A7899/11/ja"
"特開2022-055720","特願2020-163303","2020/09/29","2022/04/08","情報処理システムおよび情報処理方法","株式会社日立製作所","G06N3/04,G06N3/04,145,G06N3/044,G06N3/044,100","特開2022-055720","","","","","https://www.j-platpat.inpit.go.jp/c1800/PU/JP-2022-055720/6A07CBFD33054D1F4FC012257E0779FA049C7B222B2A68519886FD0A6A44C7D1/11/ja"
"特開2022-055683","特願2020-163244","2020/09/29","2022/04/08","位置推定システム、固定無線装置、および移動無線装置","パナソニックＩＰマネジメント株式会社","G01S5/02@Z,H04W64/00,110","特開2022-055683","","","","","https://www.j-platpat.inpit.go.jp/c1800/PU/JP-2022-055683/8494C749D8FB62D73B20892538CC5D781DD75D2D522AC0DE7B633A152066F5DF/11/ja"
"特開2022-055656","特願2020-163200","2020/09/29","2022/04/08","アシスト装置およびアシスト方法","オリンパス株式会社","H04N5/232,220,H04N5/232,930,G03B17/18@Z,G03B17/18,H04N23/60,100,H04N23/63","特開2022-055656","","","","","https://www.j-platpat.inpit.go.jp/c1800/PU/JP-2022-055656/B20168017AC8C71639787E0637C9BFF8754E23D4CA8F6A0D3E3D422F7ED08F22/11/ja"
"特表2023-502552","特願2021-564133","2021/04/29","2022/04/07","ウェアラブルデバイス、インテリジェントガイド方法及び装置、ガイドシステム、記憶媒体","深▲せん▼市商▲湯▼科技有限公司","G06T7/593,G06T7/70@Z,G01B11/00@H,G09G5/00,550@C,G09G5/10@B,G09G5/00,510@A,G09G5/00,555@D,G09G5/00,550@X","特表2023-502552","","","","","https://www.j-platpat.inpit.go.jp/c1800/PU/JP-2023-502552/272F2077C7629C061813B324A27337F09B036085A0E77EA96D86E4F88F2DA7B7/11/ja"
"特表2022-553988","特願2022-524625","2021/04/22","2022/04/07","構成生成方法、装置、電子デバイス及び記憶媒体","シェンチェン　センスタイム　テクノロジー　カンパニー　リミテッド","G06Q10/06","特表2022-553988","","","","","https://www.j-platpat.inpit.go.jp/c1800/PU/JP-2022-553988/1B2957C6A3735D1C9B65E0A49DEE0F9EF06AA7A2C6157F6F810C353AE3AC564E/11/ja"
"特開2022-055330","特願2021-151139","2021/09/16","2022/04/07","オブジェクトの変更のカテゴリの関連性に基づくオブジェクトのバックアップをトリガーする方法、コンピュータ・プログラム及びシステム","インターナショナル・ビジネス・マシーンズ・コーポレーション","G06F11/14,661,G06F11/14,651","特開2022-055330","","","","","https://www.j-platpat.inpit.go.jp/c1800/PU/JP-2022-055330/B0C132A036C57676D47BBC20D4B3FDA98F8C346B02970EE790019DB530FE0F5A/11/ja"
"特開2022-055285","特願2021-018713","2021/02/09","2022/04/07","ミニプログラムパッケージ送信方法、装置、電子機器コンピュータ可読媒体およびコンピュータプログラム製品","ベイジン　バイドゥ　ネットコム　サイエンス　テクノロジー　カンパニー　リミテッド","H04L9/00,675@B,G06F21/60,320,G06F21/60,360,H04L9/00,601@D,H04L9/00,601@F,G09C1/00,640@E,G06F21/44,350,G06F8/60,H04L9/08@D,H04L9/08@F,H04L9/32,200@B,H04L9/32,200@F","特開2022-055285","","特許7191999","","","https://www.j-platpat.inpit.go.jp/c1800/PU/JP-2022-055285/8BBE8F5AA3B22B2AF8A3A463E577D1660C7A4B427D092D1B1A18822BE648F630/11/ja"
"特開2022-055164","特願2020-162608","2020/09/28","2022/04/07","空間評価支援装置、空間評価支援システム、及び空間評価支援プログラム","株式会社竹中工務店","G06Q50/08,G06Q50/10","特開2022-055164","","","","","https://www.j-platpat.inpit.go.jp/c1800/PU/JP-2022-055164/180A3CC545481A4DC48A96CD20D719FD9D0A9A278AA01395A6461BCED6D4F0DF/11/ja"
"特開2022-055083","特願2020-162459","2020/09/28","2022/04/07","特典システム","株式会社Ｌａｎｇｏｏ","G06Q10/06,332,G06Q30/02,320,G06Q10/0639,G06Q30/0207","特開2022-055083","","","","","https://www.j-platpat.inpit.go.jp/c1800/PU/JP-2022-055083/7CA1FD66C61F33800B7585E0909B7B011366A827CA263CD71167B1C8428E9D12/11/ja"
"特開2022-054916","特願2020-162189","2020/09/28","2022/04/07","認識処理実行プログラム及び認識処理実行装置","ＬｅａｐＭｉｎｄ株式会社","G06T7/00,350@B","特開2022-054916","","","","","https://www.j-platpat.inpit.go.jp/c1800/PU/JP-2022-054916/D683DF5167B7D605DFEBCF9E571268479A3C02852053B353F270207A2A9777EA/11/ja"
"特開2022-054879","特願2020-162131","2020/09/28","2022/04/07","関連表現抽出装置及び関連表現抽出方法","株式会社日立製作所","G06F16/90,100","特開2022-054879","","","","","https://www.j-platpat.inpit.go.jp/c1800/PU/JP-2022-054879/DEFE1953AA1C3D9F1554D78288A7FEFCDF0BFA3704CBED46B4997D9E2A8DF6BF/11/ja"
"特開2022-054814","特願2020-162039","2020/09/28","2022/04/07","画像診断支援装置および画像処理方法","株式会社日立製作所","G16H30/40,A61B6/00,360@Z,A61B6/03,360@T,G06T7/00,350@B,G06T7/00,612","特開2022-054814","","","","","https://www.j-platpat.inpit.go.jp/c1800/PU/JP-2022-054814/219761590B52007B39ECAEE555B84F4996C3CC8533F090581C56B368DC5C25B9/11/ja"
"特開2022-054784","特願2020-161990","2020/09/28","2022/04/07","医療システム及び医療情報処理装置","株式会社トプコン,国立大学法人旭川医科大学","A61B3/10,100,G16H20/00,A61B3/12,300,A61B5/026,120","特開2022-054784","","","","","https://www.j-platpat.inpit.go.jp/c1800/PU/JP-2022-054784/3B636BA5759D9B65731A3238C9EA44C5A13D668DB42B27C60452D2EB5CE6C592/11/ja"
"特開2022-054671","特願2020-161829","2020/09/28","2022/04/07","音声対話装置、音声対話システム、および、音声対話方法","株式会社デンソーテン","G10L15/22,300@Z,G10L13/00,100@M,G10L15/10,500@T,G10L15/10,500@Z,G06F3/16,650,G06F3/16,610,G06T7/00,660@Z","特開2022-054671","","","","","https://www.j-platpat.inpit.go.jp/c1800/PU/JP-2022-054671/7A17195DA698B84374DD54AD28045645F3FBA3ED9C6AD483D08C0EB20C9F471D/11/ja"
"特開2022-054667","特願2020-161825","2020/09/28","2022/04/07","音声対話装置、音声対話システム、および、音声対話方法","株式会社デンソーテン","G10L15/22,300@Z,G10L13/00,100@M,G10L15/10,500@T,G10L15/10,500@Z,G06F3/16,650,G06F3/16,610,G06T7/20,300@Z","特開2022-054667","","","","","https://www.j-platpat.inpit.go.jp/c1800/PU/JP-2022-054667/9E30604C3121C8AC70AD5D00A02E41431A323F5CAF2DF17B2CA8CD341013ACC0/11/ja"
"特開2022-054652","特願2020-161798","2020/09/28","2022/04/07","エレベーター及びエレベーター制御方法","株式会社日立製作所","B66B3/00@M,B66B3/00@L","特開2022-054652","","","","","https://www.j-platpat.inpit.go.jp/c1800/PU/JP-2022-054652/8207ACFAB5277E999E6865E44AE863258AE6B45D4E708E32BEECBAD4960DAFE5/11/ja"
"特開2022-054644","特願2020-161789","2020/09/28","2022/04/07","超音波観測装置、内視鏡補助装置、超音波観測装置の作動方法、及び超音波観測装置の作動プログラム","オリンパス株式会社","A61B8/12","特開2022-054644","","","","","https://www.j-platpat.inpit.go.jp/c1800/PU/JP-2022-054644/FCD51DAA3FB50D790110A132F62B2991BDEF7C9DA3C6C158C690255AAFD31D32/11/ja"
"特開2022-054606","特願2020-161741","2020/09/28","2022/04/07","医療支援装置および医療支援システム","キヤノンメディカルシステムズ株式会社","G16H50/20,G16H20/00","特開2022-054606","","","","","https://www.j-platpat.inpit.go.jp/c1800/PU/JP-2022-054606/8CB120B542EAD928ABD4437C1CE98DFCAF96C558A1E0028DFCB3FFD994D5541C/11/ja"
"特開2022-054527","特願2020-161625","2020/09/28","2022/04/07","情報処理装置、情報処理方法及びプログラム","株式会社三菱総合研究所","G06Q10/08,302,G06Q50/10,G06Q10/0831","特開2022-054527","","特許7153695","","","https://www.j-platpat.inpit.go.jp/c1800/PU/JP-2022-054527/B362C47616864E329B5C676D2542C684F7581008B2E28F7A0E6F026033DBA14B/11/ja"
"特開2022-054500","特願2020-161590","2020/09/28","2022/04/07","情報処理プログラム、情報処理方法、情報処理装置および情報処理システム","富士通株式会社","G06F21/45,G06F21/31,G06F21/62,G06F9/455,150","特開2022-054500","","","","","https://www.j-platpat.inpit.go.jp/c1800/PU/JP-2022-054500/968CD9A7530C7CC0679DDEC745D0825580A9E8F1936C2373CA43DFE8EA111A56/11/ja"
"特許7049025","特願2021-203117","2021/12/15","2022/04/06","クリーニング受渡し管理システム、方法、及びプログラム","有限会社トゥモロークリーナーズ","G06Q50/10","","","特許7049025","","","https://www.j-platpat.inpit.go.jp/c1800/PU/JP-7049025/10FCDD64D31E2C917A616CACCB6235539222697860EC4FB22BCF1F38B2EE8067/15/ja"
"特許7048926","特願2021-577451","2021/05/20","2022/04/06","情報処理装置、情報処理方法、及びプログラム","株式会社携帯市場","G01R31/392,G01R31/367,G01R31/371,H01M10/48@P,H01M10/42@P,H02J7/00@Y","WO2021/235522","","特許7048926","","","https://www.j-platpat.inpit.go.jp/c1800/PU/JP-7048926/06CDA292E839D5D76945D4ADBF998EBE976E7CDC8EC6D3828A2B02D4011A6875/15/ja"
"特許7048140","特願2021-546830","2021/05/18","2022/04/06","非接触式の眼球物性測定装置","合同会社クオビス","A61B3/16,300,A61B3/16","","","特許7048140","","","https://www.j-platpat.inpit.go.jp/c1800/PU/JP-7048140/6A7F2C215EA516CBE3A60A243A27B95D10F419D627A8E2D0B389FEA37EA85CEF/15/ja"
"特開2022-054419","特願2021-136031","2021/08/24","2022/04/06","スキャンレジスタを備えるデータレジスタを有するマイクロセクタインフラストラクチャに基づく論理構造","インテル　コーポレイション","H03K19/17704,G06F13/38,330@Z,G06F13/38,350","特開2022-054419","","","","","https://www.j-platpat.inpit.go.jp/c1800/PU/JP-2022-054419/C90294433C69E930912A5CA600232B2D720E328365FA54D33530A26AC6E2508E/11/ja"
"特開2022-054417","特願2021-133904","2021/08/19","2022/04/06","エッジ環境における作業負荷配置のための方法、装置および製造物","インテル　コーポレイション","G06F9/50,150@C","特開2022-054417","","","","","https://www.j-platpat.inpit.go.jp/c1800/PU/JP-2022-054417/48E5EB5F1700E1B599DBCB9AA024E23AC31ED6151A3C9EBBA9C2AF7B75FAEEA2/11/ja"
"特開2022-054412","特願2021-132458","2021/08/16","2022/04/06","マイクロセクタインフラストラクチャに基づくロジックファブリック","インテル・コーポレーション","H03K19/17732","特開2022-054412","","","","","https://www.j-platpat.inpit.go.jp/c1800/PU/JP-2022-054412/4C304081452F423110CB66477C3EB7E12DBD103A491A7B1F753DEB66E0521C7E/11/ja"
"特開2022-054386","特願2021-039046","2021/03/11","2022/04/06","モデル連合訓練方法、装置、電子機器、記憶媒体並びにコンピュータプログラム","ベイジン　バイドゥ　ネットコム　サイエンス　アンド　テクノロジー　カンパニー　リミテッド","G06N20/00,G09C1/00,650@Z","特開2022-054386","","","","","https://www.j-platpat.inpit.go.jp/c1800/PU/JP-2022-054386/8549DA4968EFD4F26776FF6C6C1B9AB6AFAC36764B1221825207E9654B442424/11/ja"
"特開2022-054319","特願2020-161439","2020/09/25","2022/04/06","電子機器","キヤノン株式会社","H04N5/225,900,G03B15/00@P,G03B17/00@B,G03B17/56@A,H04N23/58","特開2022-054319","","","","","https://www.j-platpat.inpit.go.jp/c1800/PU/JP-2022-054319/FEB1A0DE73C7DA435ECDE2B0A1620EE0A8C6FDFB41CB93E8F528F17551B4B4AF/11/ja"
"特開2022-054102","特願2020-161102","2020/09/25","2022/04/06","情報処理装置、情報処理方法及びプログラム","クレディ・スイス証券株式会社","G06Q40/04,G06Q40/06","特開2022-054102","","特許7051964","","","https://www.j-platpat.inpit.go.jp/c1800/PU/JP-2022-054102/F448738F91D4A47CA1FFC7A796E32BB6323014C2C9F0F09514F90814E145625C/11/ja"
"特開2022-054073","特願2020-161061","2020/09/25","2022/04/06","管理装置、および管理方法","マクセルホールディングス株式会社","G06Q50/10,A61H7/00,323@G","特開2022-054073","","","","","https://www.j-platpat.inpit.go.jp/c1800/PU/JP-2022-054073/1F5F1187441E469532C3DD07BE22114CDD465DF4220649AB44E0DB6C37D47276/11/ja"
"特開2022-053705","特願2020-160489","2020/09/25","2022/04/06","車両の制御装置","株式会社ＳＵＢＡＲＵ","G06F3/01,510,G06F3/16,610,G06F3/16,650,B60N2/06,B60N2/10","特開2022-053705","","","","","https://www.j-platpat.inpit.go.jp/c1800/PU/JP-2022-053705/43E3C6D5138C2B435D8AB03B4E8426F2B226ADE3B713A6DC02EADE874A1B45A4/11/ja"
"特開2022-053631","特願2020-160364","2020/09/25","2022/04/06","車両事故の不整合判断装置","株式会社ＳＵＢＡＲＵ","B60R21/00,340,G08B25/10@D,G08B25/08@A,H04M11/04,H04M11/00,301,H04Q9/00,311@J,H04W4/90,H04W4/44,G08G1/00@J,G08G1/00@D","特開2022-053631","","","","","https://www.j-platpat.inpit.go.jp/c1800/PU/JP-2022-053631/83B0BA97CABBE768F7A93CEF0DA07D718C2DB7C945494925D6AB59BFF8185408/11/ja"
"特開2022-053576","特願2020-160286","2020/09/25","2022/04/06","自動通報機能を有する車両","株式会社ＳＵＢＡＲＵ","H04W4/90,G08B25/10@D,G08B25/08@A,H04W4/44,B60R21/00,340,G08G1/00@J,G08G1/00@D,H04W88/06,H04W48/16,132,H04M11/04,G08B21/00@U","特開2022-053576","","","","","https://www.j-platpat.inpit.go.jp/c1800/PU/JP-2022-053576/4B0E1417F273131A2A4A153C799C43A87F583052A81CAABF25C3E3462BF09DE2/11/ja"
"特許7048833","特願2021-576831","2020/12/28","2022/04/05","車両制御装置、車両制御方法、およびプログラム","本田技研工業株式会社","B60W50/14,B60W60/00,G01C21/26@A,G01C21/30","WO2022/144957","","特許7048833","","","https://www.j-platpat.inpit.go.jp/c1800/PU/JP-7048833/B5613125E03D01C5B2E50F1B45B0321046C65B4490C7DC19CCFD35CE7D820333/15/ja"
"特許7048832","特願2021-576463","2020/12/28","2022/04/05","車両制御装置、車両制御方法、およびプログラム","本田技研工業株式会社","B60W50/14,B60W40/02,B60W60/00","WO2022/144956","","特許7048832","","","https://www.j-platpat.inpit.go.jp/c1800/PU/JP-7048832/73994DD3C7BD6A05F9E13A558A4D540BFCB700A76302A23BD6093073F4CA81F7/15/ja"
"特許7048796","特願2021-091759","2021/05/31","2022/04/05","生活者の健康状態を把握、健康予測モデルでの生活者の健康維持、増進をサポートする方法及び情報提供方法","大塚製薬株式会社","G16H20/00,G16H50/30","特開2022-184104","","特許7048796","","","https://www.j-platpat.inpit.go.jp/c1800/PU/JP-7048796/A1EE339071FDCA4067387A0E629CC7387B7E49E662F056296D26C5A2BDCFC5EF/15/ja"
"特許7047231","特願2021-105946","2021/06/25","2022/04/05","情報処理システム、コンピュータシステム及びプログラム","株式会社Ｒｏｂｏｔ　Ｃｏｎｓｕｌｔｉｎｇ","G06Q50/18,G06N20/00","特開2023-004333","","特許7047231","","","https://www.j-platpat.inpit.go.jp/c1800/PU/JP-7047231/F599E5E5BAB09F80DE728443F8A805570B24FBC32A7F25EC302645327EF61C72/15/ja"
"特開2022-053523","特願2021-153131","2021/09/21","2022/04/05","樹木判別システム","ＡＳＳＥＳＴ株式会社","G06Q50/02,G16Y10/05,G16Y20/20,G16Y40/20","特開2022-053523","","","","","https://www.j-platpat.inpit.go.jp/c1800/PU/JP-2022-053523/B3B71E37DE9FF31EA1BE751D6F2A9EC71489685E5DC1163A11EEDE4B87BD76A4/11/ja"
"特開2022-053522","特願2021-153130","2021/09/21","2022/04/05","樹木判別システム","ＡＳＳＥＳＴ株式会社","G06Q50/02,G16Y10/05,G16Y20/20,G16Y40/20","特開2022-053522","","","","","https://www.j-platpat.inpit.go.jp/c1800/PU/JP-2022-053522/8F7F34A0993D14B8F52AA7BFBB048F1FC1E8E73E2B6982C02A69239D6D07078A/11/ja"
"特開2022-053521","特願2021-153129","2021/09/21","2022/04/05","伐採時期判別プログラム","ＡＳＳＥＳＴ株式会社","G06Q50/02","特開2022-053521","","","","","https://www.j-platpat.inpit.go.jp/c1800/PU/JP-2022-053521/85474B5C4447B3C7A18182FEA401853656802B0E0EF26E62A5A52B51F3B818F5/11/ja"
"特開2022-053520","特願2021-153128","2021/09/21","2022/04/05","伐採時期判別プログラム","ＡＳＳＥＳＴ株式会社","G06Q50/02","特開2022-053520","","","","","https://www.j-platpat.inpit.go.jp/c1800/PU/JP-2022-053520/C417451BF6732F6C440A3A23D31CF3DD1EA4841224F03BB69DCA2B3489E59AEE/11/ja"
"特開2022-053490","特願2021-128205","2021/08/04","2022/04/05","スプリンクラーシステム","ＡＳＳＥＳＴ株式会社","A01G7/00,603,A01G25/02,602@C,A01M29/00,G06T7/00,350@C","特開2022-053490","","","","","https://www.j-platpat.inpit.go.jp/c1800/PU/JP-2022-053490/27170F86CA8DD7D4464DD271CDB63C00E52C16F42C526EC472064C39D84846F0/11/ja"
"特開2022-053489","特願2021-128204","2021/08/04","2022/04/05","スプリンクラーシステム","ＡＳＳＥＳＴ株式会社","A01G7/00,603,A01G25/02,602@C,A01M29/00,G08B17/00@J","特開2022-053489","","","","","https://www.j-platpat.inpit.go.jp/c1800/PU/JP-2022-053489/9770E204EAF930630263E8E46C1E1F72B8D93D65D2C0AE659EF6E78A13442F93/11/ja"
"特開2022-053479","特願2021-106326","2021/06/28","2022/04/05","不正経費検出プログラム","ＡＳＳＥＳＴ株式会社","G06Q40/00,400,G06Q40/12","特開2022-053479","","","","","https://www.j-platpat.inpit.go.jp/c1800/PU/JP-2022-053479/C9361CE8DAB993F3F3DAB35E8C1457E9AC2B39ED637FEF591C88A98FC9101972/11/ja"
"特開2022-053478","特願2021-106325","2021/06/28","2022/04/05","不正経費検出プログラム","ＡＳＳＥＳＴ株式会社","G06Q40/00,400,G06Q40/12","特開2022-053478","","","","","https://www.j-platpat.inpit.go.jp/c1800/PU/JP-2022-053478/AF623DD3397F25F914C5014077959407C77B591DE2B2164439DBA7BF46C115D2/11/ja"
"特開2022-053470","特願2021-068776","2021/04/15","2022/04/05","温室効果ガス判別プログラム","ＡＳＳＥＳＴ株式会社","G06Q50/26,A01G23/00,551@Z","特開2022-053470","","","","","https://www.j-platpat.inpit.go.jp/c1800/PU/JP-2022-053470/921DA043453593D57A27A3FEC0C7D32AB0A3955894A9F12417D122601E93A447/11/ja"
"特開2022-053469","特願2021-068775","2021/04/15","2022/04/05","樹木判別プログラム","ＡＳＳＥＳＴ株式会社","G06T7/00,300@E,G06T7/00,640,G06T7/00,350@C,G06Q50/02","特開2022-053469","","","","","https://www.j-platpat.inpit.go.jp/c1800/PU/JP-2022-053469/C80E5CC44F25F95BF4BF7938007E31D739BAC5B4D4AB2EA0505F3CE31B3E1C09/11/ja"
"特開2022-053468","特願2021-068774","2021/04/15","2022/04/05","伐採時期判別プログラム","ＡＳＳＥＳＴ株式会社","A01G23/00,551@Z","特開2022-053468","","","","","https://www.j-platpat.inpit.go.jp/c1800/PU/JP-2022-053468/8EA50D94506D37294AA739E7570F137A2F08AAFFB368AC579E53E9951D7A45B6/11/ja"
"特開2022-053467","特願2021-068773","2021/04/15","2022/04/05","森林火事リスク判別プログラム","ＡＳＳＥＳＴ株式会社","G06T7/00,640,G06T7/00,350@C","特開2022-053467","","","","","https://www.j-platpat.inpit.go.jp/c1800/PU/JP-2022-053467/DF4584E02F42EC87988CCB3357B08F29E35EC4B28D2FA85711F11CE7B0CD1943/11/ja"
"特開2022-053466","特願2021-068772","2021/04/15","2022/04/05","森林破壊状況判別プログラム","ＡＳＳＥＳＴ株式会社","G06T7/00,640,A01G23/08@Z,G06T7/00,350@C","特開2022-053466","","","","","https://www.j-platpat.inpit.go.jp/c1800/PU/JP-2022-053466/854134398DAA706CE2B8356E964F5A32F35488182BA1B93A5348C9E644183B0A/11/ja"
"特開2022-053465","特願2021-068771","2021/04/15","2022/04/05","苗木判別プログラム","ＡＳＳＥＳＴ株式会社","A01G7/00,603,G06T1/00,285,G06T7/00,350@C,G06T7/00,640","特開2022-053465","","","","","https://www.j-platpat.inpit.go.jp/c1800/PU/JP-2022-053465/DAD8D490B18B1AD43FCD424E001C50C3611AD68E02263FE7698093A66D7FFAC9/11/ja"
"特開2022-053464","特願2021-068770","2021/04/15","2022/04/05","森林境界判別プログラム","ＡＳＳＥＳＴ株式会社","G06T7/00,640,G06T7/11","特開2022-053464","","","","","https://www.j-platpat.inpit.go.jp/c1800/PU/JP-2022-053464/B08B31381C47D84F33AFE3D0AFA967B9FA61FC381B2FEE4D9DFA0A2102A896B8/11/ja"
"特開2022-053463","特願2021-068769","2021/04/15","2022/04/05","樹木判別システム","ＡＳＳＥＳＴ株式会社","G06T7/00,350@C,A01G7/00,603,G06T1/00,285,G06T1/40,G06T7/00,640","特開2022-053463","","","","","https://www.j-platpat.inpit.go.jp/c1800/PU/JP-2022-053463/DDEBF289124666D933BFC070D23CCB938DCE81763B193C7106C9187A06240BCB/11/ja"
"特開2022-053462","特願2021-068768","2021/04/15","2022/04/05","伐採時期判別プログラム","ＡＳＳＥＳＴ株式会社","A01G7/00,603,G06T7/00,640","特開2022-053462","","","","","https://www.j-platpat.inpit.go.jp/c1800/PU/JP-2022-053462/B3607628672B0989D915EEB35CBA73559E97635CF223AC2913FB5B46C7F2843B/11/ja"
"特開2022-053461","特願2021-067083","2021/04/12","2022/04/05","伐採時期判別プログラム","ＡＳＳＥＳＴ株式会社","G06T7/00,640,G06T7/00,350@B,G06Q50/02","特開2022-053461","","","","","https://www.j-platpat.inpit.go.jp/c1800/PU/JP-2022-053461/359CF2F0490DF705E0C6176A304BF4E0C2BC0753B20E0C50316662113BB90B32/11/ja"
"特開2022-053460","特願2021-067026","2021/04/12","2022/04/05","樹木判別プログラム","ＡＳＳＥＳＴ株式会社","G06T7/00,350@C,G06Q50/10,A01G23/00,551@Z","特開2022-053460","","","","","https://www.j-platpat.inpit.go.jp/c1800/PU/JP-2022-053460/E396937047F6E3DD3650FD9B16B8C9DCE4EB9B9BE72FC1131BBD58796DCF43D2/11/ja"
"特開2022-053459","特願2021-067025","2021/04/12","2022/04/05","樹木判別プログラム","ＡＳＳＥＳＴ株式会社","G06T7/00,350@C,G06Q50/10,A01G23/00,551@Z","特開2022-053459","","","","","https://www.j-platpat.inpit.go.jp/c1800/PU/JP-2022-053459/A0106A84390BDAB01397EDACB8721B7754E85F0578675F757EF1E98C02F4C57D/11/ja"
"特開2022-053433","特願2020-178918","2020/10/26","2022/04/05","人工知能技術を活用した画像教育システムおよび学習支援方法","ワールド　ヴァーテックス　カンパニー　リミテッド","G09B19/00@G,G09B19/00@Z,G09B5/02,G06Q50/20","特開2022-053433","","特許7106159","","","https://www.j-platpat.inpit.go.jp/c1800/PU/JP-2022-053433/DBB9728C459BBDBEAE40B7D579742CA3438E4AB0F6FBC16BD42AC78546A2D59F/11/ja"
"特開2022-053374","特願2020-160177","2020/09/24","2022/04/05","ガス油分離プラントパラメータを最適化して油回収率を最大化する方法","キング　ファハド　ユニバーシティ　オブ　ペトロリアム　アンド　ミネラルズ,ヨコガワ　サウジアラビア　カンパニー","C10G7/02,G05B23/02@Z,G06Q50/02","特開2022-053374","","","","","https://www.j-platpat.inpit.go.jp/c1800/PU/JP-2022-053374/1C8600ECBA30C2A918D71587266D61ABB9A77037A9CB64186175C57156F1902A/11/ja"
"特開2022-053036","特願2020-159615","2020/09/24","2022/04/05","劣化状況予測システム、および劣化状況予測方法","ＮＴＮ株式会社,国立大学法人大阪大学","G01M13/04,G01H17/00@A,G01N17/00,G01M13/045","特開2022-053036","","","","","https://www.j-platpat.inpit.go.jp/c1800/PU/JP-2022-053036/EF77C2B24DA6C31F68A5771B3FC299FBEE606E10185E0DD5A2D6B5930D1BCD63/11/ja"
"特開2022-052880","特願2020-159386","2020/09/24","2022/04/05","不正経費検出プログラム","ＡＳＳＥＳＴ株式会社","G06Q40/00,400,G06Q40/12","特開2022-052880","","","","","https://www.j-platpat.inpit.go.jp/c1800/PU/JP-2022-052880/24A8392684508BA349A3398120A08AFEC09156C9DC42F95686DB2623C15D752D/11/ja"
"特許7047176","特願2021-148073","2021/09/10","2022/04/04","端末装置、情報処理方法、情報処理システム、及びプログラム","株式会社エクサウィザーズ","A61B5/11,200,A61B5/11","","","特許7047176","","","https://www.j-platpat.inpit.go.jp/c1800/PU/JP-7047176/D3F48450B9EF4622E1C9DAE7319AC653B6440183854CB1048888D8352ADE4825/15/ja"
"特許7046332","特願2021-106375","2021/06/28","2022/04/04","プログラム、方法、およびシステム","カラクリ株式会社","G06Q30/02,470,G06Q30/015","特開2023-004580","","特許7046332","","","https://www.j-platpat.inpit.go.jp/c1800/PU/JP-7046332/B9C5A727102C66025BED8EEDACF318CB323F8ED4AA581E2972F2678F3CE58950/15/ja"
"特開2022-052742","特願2021-151723","2021/09/17","2022/04/04","ＩＰｖ６専用ＳＩＰクライアントとＩＰｖ４専用サーバまたはクライアントとの間の通信を強化する方法およびシステム","アバイア　マネジメント　エル．ピー．","H04L61/251,H04L65/1104,H04L65/65,H04L61/4511","特開2022-052742","","","","","https://www.j-platpat.inpit.go.jp/c1800/PU/JP-2022-052742/59FC5ABDA2E7CF3D854279B57F0DCA906CFECB6CB89F7C6AE96E899635F65E2C/11/ja"
"特開2022-052716","特願2021-117559","2021/07/16","2022/04/04","非構造化文書からのセマンティックデータの照会","エスアーペー　エスエー","G06F16/33,G06K9/20,340@C,G06K9/20,340@K,G06K9/66,G06K9/00@K,G06V30/14,340@K,G06V30/194,G06V30/412,G06V30/418","特開2022-052716","","特許7174812","","","https://www.j-platpat.inpit.go.jp/c1800/PU/JP-2022-052716/333413A3AF0766BA0ED8ACD9599EDE116FC22D4B17622CF4437CEDE51AF3D283/11/ja"
"特開2022-052569","特願2020-159026","2020/09/23","2022/04/04","情報処理システム、情報処理装置、端末装置、サーバ、情報処理方法及びプログラム","一般財団法人アグリオープンイノベーション機構,学校法人慶應義塾","G06Q50/02,G10L15/22,300@Z,G10L15/22,200@Z,G10L15/22,453,G06F3/16,650,G06F3/16,690,G06F3/01,510","特開2022-052569","","","","","https://www.j-platpat.inpit.go.jp/c1800/PU/JP-2022-052569/3427A0351FF65CE99BABED65C55BBAFD4B3441887DF905F0FE2EEA38C27D0F5D/11/ja"
"特開2022-052373","特願2020-158730","2020/09/23","2022/04/04","情報処理装置、情報処理方法、及びコンピュータプログラム","株式会社ＧＳユアサ","G01R31/392,H01M10/48@P,H01M10/48,301,H01M10/42@P,G01R31/367,G01R31/379,H02J7/00@Y,G01R31/374,G01R31/382,G01R31/385","特開2022-052373","","","","","https://www.j-platpat.inpit.go.jp/c1800/PU/JP-2022-052373/FB5A26B8B68998426B57BFBF7B8630573DE5E84DF3C4FF4B1EFCDEDF073B7BBA/11/ja"
"特開2022-052171","特願2020-158384","2020/09/23","2022/04/04","統計的距離行列の計算方法、統計的距離行列の可視化方法及び装置及びプログラム","国立大学法人岩手大学","G06T7/00,300@F","特開2022-052171","","","","","https://www.j-platpat.inpit.go.jp/c1800/PU/JP-2022-052171/D112FD0F9C95E1BE89B1BB58615E69BAE88A0B30D6164326E32D014E0A185935/11/ja"
"特開2022-052167","特願2020-158379","2020/09/23","2022/04/04","Ｘ線検査装置およびＸ線検査方法","アンリツインフィビス株式会社,アンリツ株式会社","G01N23/18","特開2022-052167","","","","","https://www.j-platpat.inpit.go.jp/c1800/PU/JP-2022-052167/E15E02E7FBE39721A613733789D884375E2CE4A65AA7C3BA4223BED206C1DF81/11/ja"
"特開2022-052148","特願2020-158347","2020/09/23","2022/04/04","情報処理装置及び情報処理プログラム","富士ゼロックス株式会社","G06F17/50,614@B,G06F17/50,604@D,G06F17/50,612@C,G06F17/50,602@H,G06T7/00,300@F,G06F30/10,G06F30/12,G06F30/20,G06F30/27,G06T7/00,610","特開2022-052148","","","","","https://www.j-platpat.inpit.go.jp/c1800/PU/JP-2022-052148/2A0B804BAD4952AA54F8F41EE1F7DE1C07F02A6AD04461222D0F04B5952251E6/11/ja"
"特開2022-052022","特願2020-158167","2020/09/23","2022/04/04","制御装置、制御方法、およびプログラム","本田技研工業株式会社","G01C21/36,B60W50/14,B60W30/10,G08G1/0968","特開2022-052022","","","","","https://www.j-platpat.inpit.go.jp/c1800/PU/JP-2022-052022/028835BDDB9A487096C7B680CDF1EEA0CEE952D7C1B9AB776F4895A4FEB78374/11/ja"
"特開2022-051981","特願2019-025718","2019/02/15","2022/04/04","データ処理装置、表示制御方法","ソニー株式会社","G06N99/00,150,G06T11/80@E,G06F3/01,560,G06F3/0481,G06F3/01,510,G06F3/0481,170,G06N20/00,G06F3/04817","特開2022-051981","","","","","https://www.j-platpat.inpit.go.jp/c1800/PU/JP-2022-051981/2D7BC4BD2D7A65762525BDC999B5D805844526C77A0F04B5956BF2C978ED0C4F/11/ja"
"特許7046291","特願2021-577307","2020/12/28","2022/04/01","車両制御システム、および車両制御方法","本田技研工業株式会社","B60W60/00,B60W50/08","WO2022/144984","","特許7046291","","","https://www.j-platpat.inpit.go.jp/c1800/PU/JP-7046291/A042C0D43CEC537F86FDB3A1B85D94117AADB9C97DCAB4FAB85DC4A5C02BE83A/15/ja"
"特許7046289","特願2021-576283","2020/12/28","2022/04/01","車両制御装置、車両システム、車両制御方法、およびプログラム","本田技研工業株式会社","B60W60/00,B60W50/08","WO2022/144977","","特許7046289","","","https://www.j-platpat.inpit.go.jp/c1800/PU/JP-7046289/DDB9A3FBB214C696591D54EF14F21F59FBF0CE1835D25B8372F8A73EAD0980A2/15/ja"
"特開2022-051937","特願2022-019513","2022/02/10","2022/04/01","カイロプラクティック矯正器具システム及び方法","アクティベーター　メソッド　インターナショナル，リミテッド","A61H1/00,311@C","特開2022-051937","","","","","https://www.j-platpat.inpit.go.jp/c1800/PU/JP-2022-051937/80DBAB2A0ED0A860CCB8AF0FC883FA7A36073DCE58E7A31B3E3CDD85B4745CF8/11/ja"
"特開2022-051807","特願2022-013841","2022/02/01","2022/04/01","自動車、自動車用プログラム、自動車の利用調整システム、自動車の利用調整システムにおける携帯端末及び自動車の利用調整システムにおける携帯端末用プログラム","みこらった株式会社","G06Q10/02,300,G06Q50/10,G08G1/00@Z","特開2022-051807","","","","","https://www.j-platpat.inpit.go.jp/c1800/PU/JP-2022-051807/9060F83A617B8D7CA849D74AE488285F35A4333AC6E20306962F4145B36147BB/11/ja"
"特開2022-051777","特願2022-008997","2022/01/24","2022/04/01","車両用コクピット","トヨタ自動車株式会社","B60R11/02@S,B60R11/02@M,B60K37/04","特開2022-051777","","","","","https://www.j-platpat.inpit.go.jp/c1800/PU/JP-2022-051777/0692B2B5B7F6281E527C95B56F8DB48C7AC9EDCC9148757CBE57AD85B5D6CB23/11/ja"
"特開2022-051718","特願2021-152969","2021/09/21","2022/04/01","食肉検査装置、それを含む食肉検査システム、それを含む冷蔵庫、及び食肉検査方法","財団法人　中央大学校　産学協力団,三星電子株式会社","G01N21/64@Z,F25D23/00,307,F25D23/00,301@L,G01N21/27@A,G01N21/88@K","特開2022-051718","","","","","https://www.j-platpat.inpit.go.jp/c1800/PU/JP-2022-051718/20D2AA9BD9FBEC2D70CCA97092A1DF99C8EFD593870661CF133EBE3AF6B0BD7A/11/ja"
"特開2022-051712","特願2021-152585","2021/09/17","2022/04/01","子宮頸癌早期診断のためのモバイル膣拡大鏡装置","コシン　ユニバーシティ　インダストリー－アカデミー　コーポレーション,プキョン　ナショナル　ユニバーシティ　インダストリー－ユニバーシティ　コーポレーション　ファウンデーション","A61B1/303","特開2022-051712","","","","","https://www.j-platpat.inpit.go.jp/c1800/PU/JP-2022-051712/5C8BB7E5F04409A036A3DE344A65A580E48B013485B3A309EF35B7D0C1248E5F/11/ja"
"特開2022-051704","特願2021-151851","2021/09/17","2022/04/01","変更されたプログラムデータを識別するためのシステムおよび方法","任天堂株式会社","A63F13/75,A63F13/73,A63F13/35,G06F21/51","特開2022-051704","","","","","https://www.j-platpat.inpit.go.jp/c1800/PU/JP-2022-051704/AAB89AE00E0120D43A83D9286B41FF7E36C06878AD2E52D7C7F5F18C688E6450/11/ja"
"特開2022-051686","特願2021-144219","2021/09/03","2022/04/01","医療行為中の消耗品のモニタリング方法及び医用画像処理システム","オリンパス・ウィンター・アンド・イベ・ゲゼルシャフト・ミット・ベシュレンクテル・ハフツング","A61B50/36","特開2022-051686","","","","","https://www.j-platpat.inpit.go.jp/c1800/PU/JP-2022-051686/EA9A40C4BAFAA5DD782BAA051281E6A7F763D97B87930A0C197594B9D7845CB1/11/ja"
"特開2022-051681","特願2021-128311","2021/08/04","2022/04/01","音声情報処理装置および音声情報処理方法","アルプスアルパイン株式会社","G10L15/22,460@D,G10L15/28,230@K,G10L15/00,200@J","特開2022-051681","","","","","https://www.j-platpat.inpit.go.jp/c1800/PU/JP-2022-051681/9616683A376367A7D45B0D592DAB8EA59A0E951AE5267A56BB8159D1BFA076B1/11/ja"
"特開2022-051661","特願2021-017877","2021/02/06","2022/04/01","自動認証ＩＣチップ","渡辺　浩志","H04L9/00,601@A,H04L9/00,601@F,H04L9/00,621@Z,G06F21/44,G06F21/73,H04L9/08@A,H04L9/08@F,H04L9/10@Z","特開2022-051661","","","","","https://www.j-platpat.inpit.go.jp/c1800/PU/JP-2022-051661/B5AFB0FFF09A5E869C3D21C42698A551F7E31C26EBD333D091620CCDBC35BC6E/11/ja"
