﻿"文献番号","出願番号","出願日","公知日","発明の名称","出願人/権利者","FI","公開番号","公告番号","登録番号","審判番号","その他","文献URL"
"特許7078809","特願2022-049008","2022/03/24","2022/05/31","埋込磁石形同期モータ制御のためのシステム及び方法","ウォーロン　エレクトリック　グループ　カンパニー，リミティド","H02P21/14,H02P21/13","特開2022-159064","","特許7078809","","","https://www.j-platpat.inpit.go.jp/c1800/PU/JP-7078809/224A7505D7BD359ECD8359F651E3DDEB23D76EC934BDCE7873F39C3D3C597E0C/15/ja"
"特許7078236","特願2022-035519","2022/03/08","2022/05/31","ボール外観認識装置及びボール外観認識方法","井上株式会社,株式会社ＧＰＲＯ,日本機材株式会社","G01N21/89@Z,G01N21/95@Z","","","特許7078236","","","https://www.j-platpat.inpit.go.jp/c1800/PU/JP-7078236/50851C04FEDEC1C7C7AE812F61A2A495EA8319F003434838AF3AAF8FC2A068F3/15/ja"
"特許7077504","特願2021-534123","2021/06/14","2022/05/31","情報処理装置、プログラム、及び、情報処理装置の制御方法","株式会社ＪＳＯＬ","G06F21/84","WO2022/009611","","特許7077504","拒絶2022-001966","","https://www.j-platpat.inpit.go.jp/c1800/PU/JP-7077504/45D27BF978E9895CB35406155202F03476F4DAF43E849B76B839466DD7F5A148/15/ja"
"特開2022-081650","特願2022-043464","2022/03/18","2022/05/31","複素環化合物を用いる有害節足動物防除方法","住友化学株式会社","A01N43/90,103,A01P7/02,A01P7/04,A01N53/10,210","特開2022-081650","","","","","https://www.j-platpat.inpit.go.jp/c1800/PU/JP-2022-081650/99B81618C5CAB40EAA145BC1F5FF4489C1CDB7F09D782230308D3D51D23D26DA/11/ja"
"特開2022-081613","特願2022-037058","2022/03/10","2022/05/31","自動運転特徴の特定方法、装置、設備、媒体及びコンピュータプログラム","アポロ　インテリジェント　コネクティビティ　（ベイジン）　テクノロジー　カンパニー　リミテッド","B60W40/00,G08G1/00@D,G08G1/16@C,B60W60/00","特開2022-081613","","","","","https://www.j-platpat.inpit.go.jp/c1800/PU/JP-2022-081613/2DD1642B665436482200F9F1961FAC52A7A88533F6DA02321E4C57F069CA0478/11/ja"
"特開2022-081556","特願2022-031648","2022/03/02","2022/05/31","ハイブリッドフォトニックＶＲ／ＡＲシステム","フォトニカ，インコーポレイテッド","G09G5/00,555@D,G09G5/00,520@V,G09G5/00,520@W,G09G5/00,510@A","特開2022-081556","","","","","https://www.j-platpat.inpit.go.jp/c1800/PU/JP-2022-081556/C36E6F34E0D86C38F210CE65E863318ADB57B92B89213B0369ADAE0D09CD691C/11/ja"
"特開2022-081437","特願2021-183221","2021/11/10","2022/05/31","移動ライン構造アセンブリのための切り抜きプロセス","ザ・ボーイング・カンパニー","B64F5/10,B29C70/28","特開2022-081437","","","","","https://www.j-platpat.inpit.go.jp/c1800/PU/JP-2022-081437/9ECCD4EC77665B0E2E758F28D5DE072D9589CFB8036D9E3E5356C7BEA009DE36/11/ja"
"特開2022-081381","特願2021-083272","2021/05/17","2022/05/31","オーディオ再生方法及び装置、電子機器並びに記憶媒体","ペキン　シャオミ　パインコーン　エレクトロニクス　カンパニー，　リミテッド","H04S7/00,310","特開2022-081381","","","","","https://www.j-platpat.inpit.go.jp/c1800/PU/JP-2022-081381/9C6E96ABBFFA0E6FA5D8F5AAC364A509144327A4A7EBD1A0DE82246220CCDD50/11/ja"
"特開2022-081071","特願2020-192378","2020/11/19","2022/05/31","リモートワーク情報保護システム","シンプレクス株式会社","G06F21/32,G06T7/00,660@A,G08B25/04@E,G08B25/00,510@M","特開2022-081071","","","","","https://www.j-platpat.inpit.go.jp/c1800/PU/JP-2022-081071/20AA4035C9EDA757C4E00C5C58CEF45242BF77EB4BAC1AC0F749982FD0A177FC/11/ja"
"特開2022-081039","特願2020-192326","2020/11/19","2022/05/31","汚泥焼却設備、及び汚泥焼却方法","株式会社タクマ","F23G5/50@Q,F23G7/00,104@A,C02F11/00@N,C02F11/13","特開2022-081039","","","","","https://www.j-platpat.inpit.go.jp/c1800/PU/JP-2022-081039/F89628D2D5C3B37D54519EB3711A5AE743148AF47787BD94BAF5BFA0B1C54ACA/11/ja"
"特開2022-080981","特願2020-192221","2020/11/19","2022/05/31","表面分析装置","株式会社島津製作所","G01N23/2252,G01N23/2209,G06T7/00,610","特開2022-080981","","","","","https://www.j-platpat.inpit.go.jp/c1800/PU/JP-2022-080981/2D5C479333A5AA0CBB72615ED7E53A00105D32281D76AFDF6941FEE48510138F/11/ja"
"特許7077439","特願2021-038679","2021/03/10","2022/05/30","車種判別システム及び車種判別プログラム","ハイウェイ・トール・システム株式会社","G08G1/015@A,G08G1/04@D,G07B15/00,510","特開2022-138666","","特許7077439","異議2022-701186","","https://www.j-platpat.inpit.go.jp/c1800/PU/JP-7077439/F93E6EAFD7DFBD13DE1D163969EFB33AEC99F89EA910247F6AAC2D3A558DEE18/15/ja"
"特許7076671","特願2021-118792","2021/07/19","2022/05/30","デジタルポイントを用いた取引サービスを管理するシステム、方法、およびプログラム","株式会社クロス・デジタル・イノベーション,株式会社ユナイテッド・パートナーズ会計事務所,ＳＡＫＵＲＡ　ＪＡＰＡＮ株式会社","G06Q40/04,G06Q20/06,300,G06Q20/40","特開2023-014694","","特許7076671","","","https://www.j-platpat.inpit.go.jp/c1800/PU/JP-7076671/89D3031EC73579B0CC2CE2F36E1E6FE5317CAAEBBBD281C37193948CE17E7BEF/15/ja"
"特開2022-080880","特願2021-186068","2021/11/16","2022/05/30","電子部品用の消火システム及び方法","致茂電子股▲分▼有限公司","A62C3/06@Z,A62C2/04@Z","特開2022-080880","","","","","https://www.j-platpat.inpit.go.jp/c1800/PU/JP-2022-080880/6E7FFAD33913D833742E7EA564931B6CEE456CD3809449FF663F74DB8791E1B2/11/ja"
"特開2022-080832","特願2021-114940","2021/07/12","2022/05/30","プログラム、方法、情報処理装置、及びシステム","株式会社オプティム","G16H20/00,G06Q30/02,398,G16Y10/60,G06Q30/0251","特開2022-080832","","","","","https://www.j-platpat.inpit.go.jp/c1800/PU/JP-2022-080832/069A16DA03C6862AB71FB69FF1222A45FDF757814DD446A3A1BD393A0DF94E8F/11/ja"
"特開2022-080830","特願2021-102113","2021/06/21","2022/05/30","自律運転アプリケーションのための緊急対応車両検出","エヌビディア　コーポレーション","G08G1/0965,B60W50/14,B60W60/00","特開2022-080830","","","","","https://www.j-platpat.inpit.go.jp/c1800/PU/JP-2022-080830/7D35588B904E863C02F04B98856DD2BE06F9BB44DAC2C6DAE0E4EF85D13F4B93/11/ja"
"特開2022-080756","特願2020-191998","2020/11/18","2022/05/30","地下水環境自動予測システム、地下水環境自動予測方法","清水建設株式会社","E21D9/04@B,E21D9/14,G01N33/24@Z","特開2022-080756","","","","","https://www.j-platpat.inpit.go.jp/c1800/PU/JP-2022-080756/F1198A7A8FA195ED0868A32C35D968C94E342308B6BF1E2AAB2DE44E2588E3CD/11/ja"
"特開2022-080737","特願2020-191962","2020/11/18","2022/05/30","回転機械の異常及び異常予兆の検出方法","新晃工業株式会社","G01M99/00@A,G01H17/00@A","特開2022-080737","","","","","https://www.j-platpat.inpit.go.jp/c1800/PU/JP-2022-080737/5F231D5B8E147567BAFE1ADE8D5112D7212A2D88BA22524BD6702360630A620C/11/ja"
"特開2022-080616","特願2020-191791","2020/11/18","2022/05/30","家畜欲求判別プログラム","ＡＳＳＥＳＴ株式会社","G06Q50/02,A01K29/00@Z,G05B23/02@R","特開2022-080616","","","","","https://www.j-platpat.inpit.go.jp/c1800/PU/JP-2022-080616/3D2FA3A9CE97DF654D0219AD7317FBE49AB9741975DF493BDA7E9D898DB2F633/11/ja"
"特開2022-080474","特願2020-191565","2020/11/18","2022/05/30","作業判定システム、作業判定方法および作業判定プログラム","ヤンマーホールディングス株式会社","G06Q50/02,A01B69/00,303@Z,A01B69/00,303@G","特開2022-080474","","","","","https://www.j-platpat.inpit.go.jp/c1800/PU/JP-2022-080474/40171644A5FEE0CC91CCF4EE307EE58D76CA0229C24C6342B928B2687E53303B/11/ja"
"特開2022-080325","特願2020-191303","2020/11/18","2022/05/30","行動提案装置、行動提案方法およびコンピュータプログラム","日本電気株式会社","G06Q10/04,310,G16Y40/60,G06Q10/047","特開2022-080325","","","","","https://www.j-platpat.inpit.go.jp/c1800/PU/JP-2022-080325/9DE25248EE0458AD817874E1835BDD366CCBB2CB4CA456200FC35D755E3DAC9F/11/ja"
"特開2022-080302","特願2021-186479","2021/11/16","2022/05/27","コンピュータ実装方法、コンピュータプログラム製品、およびコンピュータシステム（ニューラルネットワークを用いたデータパーティショニング）","インターナショナル・ビジネス・マシーンズ・コーポレーション","G06F16/20,G06N3/02,G06N20/00,160,G06N3/0455","特開2022-080302","","","","","https://www.j-platpat.inpit.go.jp/c1800/PU/JP-2022-080302/7550F43F8BD1D4E413D09D98FF9390CBCC012770BE02B17A8B941AD3FB8209B7/11/ja"
"特開2022-080285","特願2021-184715","2021/11/12","2022/05/27","ディープニューラルネットワーク（ＤＮＮ）を保護するための方法、装置、およびコンピュータプログラム製品（ＤＮＮに対する敵対的攻撃の検出）","インターナショナル・ビジネス・マシーンズ・コーポレーション","G06F21/57,G06N20/00,G06N3/08,G06N3/094","特開2022-080285","","","","","https://www.j-platpat.inpit.go.jp/c1800/PU/JP-2022-080285/ACA92D4DD885C0AB2BF8FF881C008B2653E7D638E4A7526FB70104072A397F71/11/ja"
"特開2022-080001","特願2020-190925","2020/11/17","2022/05/27","高分子圧電材料の品質管理方法、樹脂組成物の製造方法、ケーブル又はチューブの製造方法、圧電素子の製造方法、焦電型センサの製造方法、及び不揮発性薄膜メモリの製造方法","日立金属株式会社","H01L41/193,H01L41/45,H01L41/09,H01L41/113,G01N21/65,H10N30/098,H10N30/20,H10N30/30,H10N30/857","特開2022-080001","","","","","https://www.j-platpat.inpit.go.jp/c1800/PU/JP-2022-080001/40943B01D74606C98F5C35355B2DA5677D92B15D14B38196D8ACB970A711AA08/11/ja"
"特開2022-079835","特願2020-190655","2020/11/17","2022/05/27","予約管理システム","アイシン精機株式会社","G06Q50/30","特開2022-079835","","","","","https://www.j-platpat.inpit.go.jp/c1800/PU/JP-2022-079835/518C8AADE201C1D29186B86F14C9EFEC8D48878D8955856DD7A1EF6EC5A6E819/11/ja"
"特開2022-079646","特願2022-058908","2022/03/31","2022/05/26","微生物ゲノム薬理学のための方法およびシステム","ソマジェン，　インコーポレイテッド","C12Q1/04,C12Q1/6869@Z,C12Q1/6844@Z,C12M1/00@A","特開2022-079646","","","","","https://www.j-platpat.inpit.go.jp/c1800/PU/JP-2022-079646/72C2D7A3D1DA5470ECCDA975255C6EEF76AE004DA94DD7595C769885E0EF2605/11/ja"
"特開2022-079555","特願2022-051656","2022/03/28","2022/05/26","交通機関の制御方法、装置、電子デバイス、コンピュータ可読記憶媒体、およびコンピュータプログラム","阿波▲羅▼智▲聯▼（北京）科技有限公司","G08G1/09@F,G08G1/09@V,G08G1/16@A,G08G1/09@H","特開2022-079555","","","","","https://www.j-platpat.inpit.go.jp/c1800/PU/JP-2022-079555/178342B9A9E3F1E35F001B4829CED25BBABADA2F34B0B6FB94F4EF9F427C0697/11/ja"
"特開2022-079529","特願2022-042618","2022/03/17","2022/05/26","画像データの修正方法、修正装置、電子機器、記憶媒体、コンピュータプログラムおよび自動運転車両","ベイジン　バイドゥ　ネットコム　サイエンス　テクノロジー　カンパニー　リミテッド","G08G1/16@A,G08G1/00@D,G06T7/70@A","特開2022-079529","","","","","https://www.j-platpat.inpit.go.jp/c1800/PU/JP-2022-079529/7358607CECEC5FEC4AA25D94E24286732498A3AC8E9CE0FF21B86E7901F86B16/11/ja"
"特開2022-079490","特願2022-037306","2022/03/10","2022/05/26","車両の通信方法、装置、記憶媒体及びプログラム","アポロ　インテリジェント　コネクティビティ　（ベイジン）　テクノロジー　カンパニー　リミテッド","H04L9/32,200@D,H04W12/06,H04W12/63,H04W12/69,H04W4/40","特開2022-079490","","","","","https://www.j-platpat.inpit.go.jp/c1800/PU/JP-2022-079490/2B2FD6C487DC9089574D1563FF1AFB445A6C5BF5EFA246A0D8DC0F9B1EF1A961/11/ja"
"特開2022-079446","特願2021-186529","2021/11/16","2022/05/26","ディープラーニングを活用した音声ベースのトラウマスクリーニング装置及び方法","イモコグ　カンパニー　リミテッド","G10L25/63,G10L25/30,G10L21/10","特開2022-079446","","","","","https://www.j-platpat.inpit.go.jp/c1800/PU/JP-2022-079446/A2C13CAEAC4CFE216B8D061B5BBDD86AD9ACEC0EC40CE21CB43A4AAA91E5E26F/11/ja"
"特開2022-079426","特願2021-180071","2021/11/04","2022/05/26","人工知能システムを訓練させるためのイメージデータを処理するように構成される電子装置","ボンワイズ株式会社","G06T7/00,350@B","特開2022-079426","","","","","https://www.j-platpat.inpit.go.jp/c1800/PU/JP-2022-079426/34E18E127334ED7FD655E9296761A1B9B18D70F90ABFD828DC6B86E555D58C21/11/ja"
"特開2022-079141","特願2020-190136","2020/11/16","2022/05/26","交通管理システム","株式会社ＶＯＬＬＭＯＮＴホールディングス","G08G1/00@C,G08G1/07@P,G16Y10/40,G16Y20/20,G16Y40/30","特開2022-079141","","","","","https://www.j-platpat.inpit.go.jp/c1800/PU/JP-2022-079141/4E6A09E14190242057B1835D4B8960D91F707226890F4DAF6FC1FF2A85458CE2/11/ja"
"特開2022-079103","特願2020-190072","2020/11/16","2022/05/26","溶接支援装置、および、溶接支援方法","日立ＧＥニュークリア・エナジー株式会社","B23K9/095,515@A,B23K31/00@M,B23K31/00@N,B23K9/167@A","特開2022-079103","","","","","https://www.j-platpat.inpit.go.jp/c1800/PU/JP-2022-079103/7EE3C9AE7DECFCED13DEDE0A6850AE86808D5C15F867F1C9DB613FD3DABA4578/11/ja"
"特開2022-079010","特願2020-189928","2020/11/15","2022/05/26","情報選択支援システム","株式会社Ｐｅｒｓｏｎａｌ　ＡＩ","G06F16/338","特開2022-079010","","","","","https://www.j-platpat.inpit.go.jp/c1800/PU/JP-2022-079010/B2F1AA73FCE18960A532F17EA35EB96464777D5EDF3ACFA0FB1AE45DA8453046/11/ja"
"特許7075550","特願2021-576850","2020/12/10","2022/05/25","車両制御装置、車両制御方法、およびプログラム","本田技研工業株式会社","B60W60/00,B60W50/08","WO2022/123727","","特許7075550","","","https://www.j-platpat.inpit.go.jp/c1800/PU/JP-7075550/00C7FDDB08230F19DA86E2DB4D70C3577F4D9F526F951791EECA23F3FF18E745/15/ja"
"特開2022-078949","特願2021-150698","2021/09/16","2022/05/25","量子デバイスをスクリーニングするための機械学習ネットワーク","ザ・ボーイング・カンパニー","G06N20/00,H01L39/00@Z,H10N60/00@Z","特開2022-078949","","","","","https://www.j-platpat.inpit.go.jp/c1800/PU/JP-2022-078949/21D75B635308593C5FD4C13DCB867F20E7573D39CE8A066EC586D4E3F058BE45/11/ja"
"特開2022-078424","特願2020-189095","2020/11/13","2022/05/25","放射線治療装置及び放射線治療方法","キヤノンメディカルシステムズ株式会社","A61N5/10@P","特開2022-078424","","","","","https://www.j-platpat.inpit.go.jp/c1800/PU/JP-2022-078424/46367038D6A1A82206099060F112D69F7AA370ED3D178B0756A110A7B8FC6848/11/ja"
"特開2022-078377","特願2019-061930","2019/03/27","2022/05/25","学習方法、判定方法、プログラム、学習システム、学習用データセットの生成方法、及び、学習用データセット","パナソニックＩＰマネジメント株式会社","G06T7/00,350@B","特開2022-078377","","","","","https://www.j-platpat.inpit.go.jp/c1800/PU/JP-2022-078377/81B199BA510303C6C77A22CCD181B069D6FE0696DE5D250F726A2BEBF716951C/11/ja"
"特開2022-078339","特願2022-043297","2022/03/18","2022/05/24","交通量の取得方法、交通量の取得装置及び電子機器","阿波▲羅▼智▲聯▼（北京）科技有限公司","G08G1/01@A","特開2022-078339","","","","","https://www.j-platpat.inpit.go.jp/c1800/PU/JP-2022-078339/FF020C4A3CC1AA5F69AFEF0AF876CED4EC9B946ECB7BBD94231E0936D6356289/11/ja"
"特開2022-078338","特願2022-043293","2022/03/18","2022/05/24","顔生体検出方法、装置、電子機器及び記憶媒体","ベイジン　バイドゥ　ネットコム　サイエンス　テクノロジー　カンパニー　リミテッド","G06T7/00,660@A,G06T7/00,350@C","特開2022-078338","","","","","https://www.j-platpat.inpit.go.jp/c1800/PU/JP-2022-078338/B72446879B1A5EB733A68D528B66366763CB308AFB1794D753F5296B0447C293/11/ja"
"特開2022-078334","特願2022-042688","2022/03/17","2022/05/24","電子装置及び方法","株式会社東芝,東芝エネルギーシステムズ株式会社","G01S5/02@Z","特開2022-078334","","","","","https://www.j-platpat.inpit.go.jp/c1800/PU/JP-2022-078334/8A47DA8B2E751E125F07C14C131D732E39145ACF096E01619B93898FDD9D61D7/11/ja"
"特開2022-078310","特願2022-041131","2022/03/16","2022/05/24","画像分類モデル生成方法、装置、電子機器、記憶媒体、コンピュータプログラム、路側装置およびクラウド制御プラットフォーム","アポロ　インテリジェント　コネクティビティ　（ベイジン）　テクノロジー　カンパニー　リミテッド","G06T7/00,350@B,G06V10/40,G06V20/40","特開2022-078310","","","","","https://www.j-platpat.inpit.go.jp/c1800/PU/JP-2022-078310/6CE1A4E280FB08E52E0C074C4B1470585C0F02475358128F0D329074B3EB0D8A/11/ja"
"特開2022-078286","特願2022-039275","2022/03/14","2022/05/24","データ処理モデルのトレーニング方法、装置、電子機器及び記憶媒体","ベイジン　バイドゥ　ネットコム　サイエンス　テクノロジー　カンパニー　リミテッド","G06N3/04,145,G06N3/08,G06N3/044","特開2022-078286","","","","","https://www.j-platpat.inpit.go.jp/c1800/PU/JP-2022-078286/AB4EA14C7BF499F00325997222E569A95D0A7BCAC7F37035CB7B66543979BB68/11/ja"
"特開2022-078269","特願2022-038442","2022/03/11","2022/05/24","ニューラルネットワーク統合のためのデータセンター制御階層","バイドゥ　ユーエスエイ　エルエルシー","H02J3/00,130,G06N3/02,H02J3/38,130,H02J3/32,H02J3/46,H02J13/00,301@A,H02J13/00,311@R","特開2022-078269","","","","","https://www.j-platpat.inpit.go.jp/c1800/PU/JP-2022-078269/D344536092EB0CE4A58521C21BF0F3C8FE8816EA8164C1693175D1DAD25CA061/11/ja"
"特開2022-078241","特願2022-035289","2022/03/08","2022/05/24","データ処理方法、装置、電子機器及び記憶媒体","ベイジン　バイドゥ　ネットコム　サイエンス　テクノロジー　カンパニー　リミテッド","G06N3/08","特開2022-078241","","","","","https://www.j-platpat.inpit.go.jp/c1800/PU/JP-2022-078241/5447725B2D129ABA40773718EB25E9A142B4F39910AEB006275CB0CBA66DD65A/11/ja"
"特開2022-078232","特願2022-034786","2022/03/07","2022/05/24","Ｘ線画像を取得するためのシステムおよび方法","ゼネラル・エレクトリック・カンパニイ","A61B6/00,330@Z,A61B6/00,320@Z","特開2022-078232","","","","","https://www.j-platpat.inpit.go.jp/c1800/PU/JP-2022-078232/46F02C171670B1F0D9A4AFCE235C71E4E588EE68D5CFBEFB4C4FAAA232E81B91/11/ja"
"特開2022-078210","特願2022-033597","2022/03/04","2022/05/24","電子ラックの相変化冷却のためのシステムおよび方法","バイドゥ　ユーエスエイ　エルエルシー","G06F1/20@C,G06F1/20@A,G06F1/20@D","特開2022-078210","","","","","https://www.j-platpat.inpit.go.jp/c1800/PU/JP-2022-078210/AE44D595F5C47907AA2A87BBBA683324554F88D189D4F12F33229A7EBDD09234/11/ja"
"特開2022-078134","特願2022-025724","2022/02/22","2022/05/24","リアルタイムのヒューマンインタラクションを関係させてオンラインで提示されるメディアにするための方法およびシステム","ライブパーソン，　インコーポレイテッド","G06Q30/02,470,G06Q30/015","特開2022-078134","","","","","https://www.j-platpat.inpit.go.jp/c1800/PU/JP-2022-078134/29E88CE58F1D2F06F95AD120DB901586C617D69F098F49A6353C6E5A95E4522A/11/ja"
"特開2022-078130","特願2022-025435","2022/02/22","2022/05/24","アプリケーションプログラミングインターフェイスのメタデータ駆動型外部インターフェイス生成ためのシステムおよび方法","オラクル・インターナショナル・コーポレイション","G06F16/907,G06F8/38,G06N20/00","特開2022-078130","","","","","https://www.j-platpat.inpit.go.jp/c1800/PU/JP-2022-078130/D2725DD6A222340711F4A314F8A1E2A468B4476B0466E624FB9BC750EC6B1461/11/ja"
"特開2022-078129","特願2022-025339","2022/02/22","2022/05/24","データラベリング方法、装置、電子デバイス、コンピュータ可読記憶媒体及びコンピュータプログラム","ベイジン　バイドゥ　ネットコム　サイエンス　テクノロジー　カンパニー　リミテッド","G06F16/908,G06F16/2458","特開2022-078129","","","","","https://www.j-platpat.inpit.go.jp/c1800/PU/JP-2022-078129/6B958C81A33D2EB8682313911FE687D56669D21E1FEF72106620F0E342BDE0BD/11/ja"
"特開2022-078093","特願2022-021331","2022/02/15","2022/05/24","分散された、非集中化されたデータ集約","エムエックス・テクノロジーズ・インコーポレーテッド","H04L67/02,H04L67/53,H04L67/2869,G06F21/31","特開2022-078093","","","","","https://www.j-platpat.inpit.go.jp/c1800/PU/JP-2022-078093/45DCA54A6CA37B70F0F0CEA4E29949B3CD93126DA7E3B270609F4AEB7008778A/11/ja"
"特開2022-078082","特願2022-020596","2022/02/14","2022/05/24","産業用のモノのインターネットのための方法およびシステム","ストロング　フォース　アイオーティ　ポートフォリオ　２０１６，エルエルシー","G01M99/00@A,G08C15/00@E,G08C15/06@F,G05B19/418@Z,G05B23/02@Z","特開2022-078082","","","","","https://www.j-platpat.inpit.go.jp/c1800/PU/JP-2022-078082/FD51285917487CAC9C617BFAF90077A11ED2EA5C7E5BE64F92B82406B9AE064F/11/ja"
"特開2022-078060","特願2022-018650","2022/02/09","2022/05/24","ラベリング能力情報決定方法、関連する装置、電子デバイス、コンピュータ可読記憶媒体およびコンピュータプログラム","ベイジン　バイドゥ　ネットコム　サイエンス　テクノロジー　カンパニー　リミテッド","G06F16/9035","特開2022-078060","","","","","https://www.j-platpat.inpit.go.jp/c1800/PU/JP-2022-078060/0E72F655DF185222F8E63C9BA79499CE006FAF0B0FDA96F47A4764A6810B9C6D/11/ja"
"特開2022-078033","特願2022-015463","2022/02/03","2022/05/24","検査システム","川崎重工業株式会社","G01N35/02@G,A61G12/00@Z,G01N33/48@S,C12M1/00@A,C12M1/34@Z,B60P3/00@N,C12N15/09@Z,C12Q1/686@Z","特開2022-078033","","","","","https://www.j-platpat.inpit.go.jp/c1800/PU/JP-2022-078033/54FA4C2031F72667E191009C1EA581E1BA8D0EC0F82293D19A6A9493D151D5D1/11/ja"
"特開2022-077969","特願2021-168929","2021/10/14","2022/05/24","データ処理方法、装置、電子デバイスおよび記憶媒体","ベイジン　バイドゥ　ネットコム　サイエンス　テクノロジー　カンパニー　リミテッド","G06Q10/06","特開2022-077969","","","","","https://www.j-platpat.inpit.go.jp/c1800/PU/JP-2022-077969/554CBBAA7082D3EA2B8F026DCEC23B69B67AA2C38AE1435DCB4DC2FA617794D2/11/ja"
"特開2022-077897","特願2020-188959","2020/11/12","2022/05/24","解析結果判定方法、妥当性判断支援方法、解析結果学習装置および解析結果判定装置","大成建設株式会社","G06T7/00,350@B,G01H1/00@E,G01V1/30","特開2022-077897","","","","","https://www.j-platpat.inpit.go.jp/c1800/PU/JP-2022-077897/00275F23064F3E60A5EF2C6114352586D4689032AEBA8C0332ED3BE296E32E57/11/ja"
"特開2022-077837","特願2020-188874","2020/11/12","2022/05/24","分析システム、サーバ、プログラム及び分析方法","ＰｗＣコンサルティング合同会社","G06Q10/06,328,G06Q10/0637","特開2022-077837","","","","","https://www.j-platpat.inpit.go.jp/c1800/PU/JP-2022-077837/0D34E3560FDC87CA643F47366ADBE2EE8F18163795214F059B3649E59F15E448/11/ja"
"特開2022-077831","特願2020-188861","2020/11/12","2022/05/24","質問推定装置、学習済みモデル生成装置、質問推定方法、学習済みモデルの生産方法、プログラム及び記録媒体","ＮＥＣソリューションイノベータ株式会社","G06F16/90,100,G06F40/56,G06F40/44","特開2022-077831","","","","","https://www.j-platpat.inpit.go.jp/c1800/PU/JP-2022-077831/E4E602F8E7AC48E933DEAA62D27537E0261EF041D3FAA2992E671A85241D4C6E/11/ja"
"特開2022-077745","特願2020-188723","2020/11/12","2022/05/24","受信装置および生成方法","東芝映像ソリューション株式会社","H04N5/93,H04N5/92,010,H04N5/765,H04N21/482,H04N21/454","特開2022-077745","","","","","https://www.j-platpat.inpit.go.jp/c1800/PU/JP-2022-077745/F3E317592D40CE9309E71D526299830A3F7F500743A7CDF462F78C36306CC8ED/11/ja"
"特開2022-077569","特願2020-188401","2020/11/12","2022/05/24","検査装置及び分析装置","オングリット株式会社","G01N29/24,G01N29/04,G01N29/265","特開2022-077569","","","","","https://www.j-platpat.inpit.go.jp/c1800/PU/JP-2022-077569/225A104EDE9A3F0C331DDF8FD3222648D884944A97B06310A775216132FB03EB/11/ja"
"特許7072956","特願2021-203907","2021/12/16","2022/05/23","カメラおよび車両","有限会社エスアンドアールプロジェクト","G03B11/04@A,B60R1/22,G03B15/00@V,G03B17/55,G03B30/00,G03B17/02,G03B17/04,G03B15/00@S,G02B7/02@D,G03B11/04@B,H04N5/225,430,B60S1/62,110@A,H04N23/52","","","特許7072956","","","https://www.j-platpat.inpit.go.jp/c1800/PU/JP-7072956/DB945FAAFB2812B95844BBEDAB4AF1E912EE12EF7DADC4A3A9B348489AE6B621/15/ja"
"特開2022-077531","特願2021-184388","2021/11/11","2022/05/23","情報処理装置、情報処理方法及び情報処理プログラム","ヤフー株式会社","G06Q40/04,G06Q40/06","特開2022-077531","","特許7077468","","","https://www.j-platpat.inpit.go.jp/c1800/PU/JP-2022-077531/BAC206ED18CA9926C173BCFD98D2946F2E4633656612C4B67B5F1ACF9D6F0AD5/11/ja"
"特開2022-077530","特願2021-184387","2021/11/11","2022/05/23","情報処理装置、情報処理方法及び情報処理プログラム","ヤフー株式会社","G06Q40/04,G06Q40/06","特開2022-077530","","","","","https://www.j-platpat.inpit.go.jp/c1800/PU/JP-2022-077530/DC971CB97D719AECA81CE11954C0461557348FC72EC31469008E2286B6CA8C1A/11/ja"
"特開2022-077510","特願2021-181497","2021/11/05","2022/05/23","クラスタ接続ニューラルネットワーク","ディープキューブ　リミテッド","G06N3/04,154,G06N3/045,G06N3/0464,G06N3/0499,G06N3/082","特開2022-077510","","","","","https://www.j-platpat.inpit.go.jp/c1800/PU/JP-2022-077510/28A952222C81BFDBF3F9D69A8F55E46AA34BB98B9AE45A8D71290E25F572961E/11/ja"
"特開2022-077498","特願2021-168950","2021/10/14","2022/05/23","観光案内方法、装置、電子機器および記憶媒体","ベイジン　バイドゥ　ネットコム　サイエンス　テクノロジー　カンパニー　リミテッド","G06Q50/14,G06T15/20,500,G06T19/00@A","特開2022-077498","","","","","https://www.j-platpat.inpit.go.jp/c1800/PU/JP-2022-077498/BDE6EB9ED29C6299BFD4015527640D7D316076F907A72E28CCA4F3CF31FDDB22/11/ja"
"特開2022-077338","特願2020-188150","2020/11/11","2022/05/23","機械学習用データ生成方法及び機械学習用データ生成装置","ミネベアミツミ株式会社","G01B11/00@H,G01B11/24@K,B25J13/00@Z","特開2022-077338","","","","","https://www.j-platpat.inpit.go.jp/c1800/PU/JP-2022-077338/F2CD087B3EA7CC5F2A278282BCC7BB68DAA46DA40C0965FA4F99898194E5FC9B/11/ja"
"特開2022-077283","特願2020-188064","2020/11/11","2022/05/23","ラベルプリンタ、および商品販売データ処理システム","株式会社寺岡精工","B41J5/30@B,G07G1/06@F,G07G1/12,361@E,B41J3/36@T","特開2022-077283","","","","","https://www.j-platpat.inpit.go.jp/c1800/PU/JP-2022-077283/C3CA73C7A04383F7700859502E9FB9A30E0DA179FAB4D162D9162A0121B39FF3/11/ja"
"特開2022-077282","特願2020-188062","2020/11/11","2022/05/23","警報システム","株式会社コムテック","G08G1/16@F,G08B21/06,G08B25/00,510@M,G06T7/00,650@Z,G06T7/00,660@A,G06T7/00,650","特開2022-077282","","","","","https://www.j-platpat.inpit.go.jp/c1800/PU/JP-2022-077282/25CAED0E632C7742A8C1F52E77EDA50EEEB07F76534A03068F009A4CBDD4A109/11/ja"
"特開2022-077281","特願2020-188061","2020/11/11","2022/05/23","検出システム","株式会社コムテック","G08G1/16@F,G08B21/06,G08B25/00,510@M,G06T7/00,660@A,G06T7/00,650","特開2022-077281","","特許7081844","","","https://www.j-platpat.inpit.go.jp/c1800/PU/JP-2022-077281/1A3F545805DBA79D344F0A81F6BE20192D4DC51314C911C474E318DB19FC325A/11/ja"
"特開2022-077195","特願2020-187931","2020/11/11","2022/05/23","うつ状態判別プログラム","ＡＳＳＥＳＴ株式会社","A61B10/00@H,H04N21/442,G10L25/66,A61B5/16,110","特開2022-077195","","","","","https://www.j-platpat.inpit.go.jp/c1800/PU/JP-2022-077195/C0B85DE5210199E881B6E90CA99882677431793DCD6199356149D19AA6CC3A38/11/ja"
"特開2022-077181","特願2020-187900","2020/11/11","2022/05/23","固体撮像装置及び電子機器","ソニーセミコンダクタソリューションズ株式会社","H01L27/146@F,H01L25/08@H,H01L27/04@E,H01L27/04@D,H04N5/369,H04N5/335,H10B80/00,H04N25/00,H04N25/70,H04N25/704,H04N25/705","特開2022-077181","","","","","https://www.j-platpat.inpit.go.jp/c1800/PU/JP-2022-077181/1723FDABE4C9541DD866EE1CCD3179C813F34E025BDF262EA366E7ABC50612E9/11/ja"
"実登3237533","実願2022-000713","2022/03/08","2022/05/20","ボール選別装置","井上株式会社,株式会社ＧＰＲＯ,日本機材株式会社","G01N21/85@Z","","","実登3237533","","","https://www.j-platpat.inpit.go.jp/c1800/PU/JP-3237533/92637B8880B4732AFC6EA6550AF85C113A429C98E588A0778AA3E35E3AAA63ED/25/ja"
"特許7072306","特願2021-184296","2021/11/11","2022/05/20","指標化システム、指標化方法、及び指標化プログラム","国立大学法人東北大学","G06Q30/02,300,G16H20/00,G06Q30/0201","","","特許7072306","","","https://www.j-platpat.inpit.go.jp/c1800/PU/JP-7072306/B72874E3690461C1929787EA73A5ADF1886B3AB2CA173C37E13067F09186CAA0/15/ja"
"特開2022-077023","特願2021-182785","2021/11/09","2022/05/20","コンピュータ実装方法、コンピュータプログラム製品およびコンピュータシステム（多言語インテント認識）","インターナショナル・ビジネス・マシーンズ・コーポレーション","G06N20/00,G06N3/08","特開2022-077023","","","","","https://www.j-platpat.inpit.go.jp/c1800/PU/JP-2022-077023/BEE27201F327DABAD885BB7B2020418E0AB60F8CB7592A0E5A99F301B7CE896C/11/ja"
"特開2022-077003","特願2021-175698","2021/10/27","2022/05/20","センサによって生成されたパルスを分類するための方法、システム、およびプログラム","株式会社デンソー","G01S7/4865,G01S17/10,G01S17/931","特開2022-077003","","","","","https://www.j-platpat.inpit.go.jp/c1800/PU/JP-2022-077003/DAC69CA20E7ADA1994B2107739BC572F5016C22F9C7F083BC1DCE3A9BB02D914/11/ja"
"特開2022-076850","特願2020-187466","2020/11/10","2022/05/20","三次元形状計測装置及びプログラム","日本放送協会","G06T7/593,G01B11/245@H","特開2022-076850","","","","","https://www.j-platpat.inpit.go.jp/c1800/PU/JP-2022-076850/F31312E56F87DA8A731DD2B12ADD0A733B2A998FF0BC85F29C8B906FF72C9A55/11/ja"
"特開2022-076791","特願2020-187359","2020/11/10","2022/05/20","情報処理装置、方法、プログラム、及び車両","トヨタ自動車株式会社","B60W50/00,B60R16/02,660@T,B60W40/10","特開2022-076791","","","","","https://www.j-platpat.inpit.go.jp/c1800/PU/JP-2022-076791/619E95419253709D114E086F95517CC469B07B9326ED4B50284F1A7F071FA59E/11/ja"
"特開2022-076790","特願2020-187358","2020/11/10","2022/05/20","情報処理装置、方法、プログラム、及び車両","トヨタ自動車株式会社","G06F9/48,370,B60R16/02,660@T","特開2022-076790","","","","","https://www.j-platpat.inpit.go.jp/c1800/PU/JP-2022-076790/8FA88EEA5AE6A4FBF287955C604A753007DEFA66167F1E7151896BFC70172A4F/11/ja"
"特開2022-076789","特願2020-187357","2020/11/10","2022/05/20","情報処理装置、方法、プログラム、及び車両","トヨタ自動車株式会社","B60W50/00,B60R16/02,660@T,G06F9/445,B60W40/02,B60W40/10","特開2022-076789","","","","","https://www.j-platpat.inpit.go.jp/c1800/PU/JP-2022-076789/76BE7E7CB8A52F3F0D8CA201C0B722F85E86289A9E743F8DDEFB9219AB1BF4A2/11/ja"
"特開2022-076761","特願2020-187318","2020/11/10","2022/05/20","管理装置、管理システムおよびプログラム","ベストリハ株式会社","G16H50/20,G16H50/30,A61B5/00@A","特開2022-076761","","","","","https://www.j-platpat.inpit.go.jp/c1800/PU/JP-2022-076761/2A4A3CFCA6A121B1364D91A543914853FB3317BA4479042EF28BAE86EF04B255/11/ja"
"特開2022-076748","特願2020-187301","2020/11/10","2022/05/20","情報処理方法及びプログラム","株式会社Ｓｐｌｉｎｋ","G16H50/30","特開2022-076748","","","","","https://www.j-platpat.inpit.go.jp/c1800/PU/JP-2022-076748/E684467EE370302A0F36F919CA59BDD92BB766A223645507EDE68231745385E3/11/ja"
"特開2022-076685","特願2020-187191","2020/11/10","2022/05/20","情報処理装置及びプログラム","富士ゼロックス株式会社","G06Q10/10,A63F13/35,A63F13/53,G06Q50/10,G06Q30/06,300,G06F3/0484,120,H04N7/15,H04N21/431,G06F3/04842,G06Q30/0601","特開2022-076685","","","","","https://www.j-platpat.inpit.go.jp/c1800/PU/JP-2022-076685/BAEB7A73E39037C8FF652202CE2802237DA667A366CD854FD08F818F21F74ACF/11/ja"
"特開2022-076546","特願2020-186942","2020/11/10","2022/05/20","半導体装置","ルネサスエレクトロニクス株式会社","G11C16/28,H01L27/11573,H01L29/78,371,H01L27/11568,G11C7/14,G11C16/04,150,G11C11/54,G06N3/063,H10B43/30,H10B43/40","特開2022-076546","","","","","https://www.j-platpat.inpit.go.jp/c1800/PU/JP-2022-076546/B992B0DEBBA1E87DF496544EEFE77CA6FB9972DAD3D94FF4A77AA3D6385CFBE9/11/ja"
"特開2022-076545","特願2020-186941","2020/11/10","2022/05/20","半導体装置","ルネサスエレクトロニクス株式会社","H01L27/11568,H01L29/78,371,H01L27/11573,G11C11/54,G11C16/04,150,G06N3/063,H10B43/30,H10B43/40","特開2022-076545","","","","","https://www.j-platpat.inpit.go.jp/c1800/PU/JP-2022-076545/A4FE89E217B077E22176F0C9608BEFA725911DBDAE5B6B4CA8E820D92B9E63CA/11/ja"
"特表2023-504956","特願2021-574990","2021/06/02","2022/05/19","性能検出方法、装置、電子機器及びコンピュータ可読媒体","バイドゥ　オンライン　ネットワーク　テクノロジー（ペキン）　カンパニー　リミテッド","G06F11/34,109,G06F11/30,140@A","特表2023-504956","","","","","https://www.j-platpat.inpit.go.jp/c1800/PU/JP-2023-504956/FD887C3239D0466FFF8D5F67A477F7086E849BDB9BF1B1109E10964C08198F60/11/ja"
"特開2022-076453","特願2021-172882","2021/10/22","2022/05/19","自律システムにおける経路決定のための安全デコンポジション","エヌビディア　コーポレーション","G08G1/0968,B60W60/00,G08G1/00@X,G01C21/28,G01C21/36","特開2022-076453","","","","","https://www.j-platpat.inpit.go.jp/c1800/PU/JP-2022-076453/E0EED4F8B2E67128258E167FAABEB0483F55A256693460ACC596544E594A9757/11/ja"
"特開2022-076252","特願2020-186581","2020/11/09","2022/05/19","医用調査装置および医用調査方法","キヤノンメディカルシステムズ株式会社","G16H50/20","特開2022-076252","","","","","https://www.j-platpat.inpit.go.jp/c1800/PU/JP-2022-076252/88567436C6B322559A607FD6DB7DBB9800148189818C9650EF9B09F9A8693A7C/11/ja"
"特開2022-076187","特願2020-186490","2020/11/09","2022/05/19","自動倉庫","株式会社イトーキ","B65G1/00,511@J,B65G1/04,555@A","特開2022-076187","","","","","https://www.j-platpat.inpit.go.jp/c1800/PU/JP-2022-076187/9129A114251506D2E929470688FBDC5A1F1D63DD8832C68E4B122411A9A04194/11/ja"
"特開2022-075925","特願2022-047878","2022/03/24","2022/05/18","ゲームシステム、ゲーム制御方法、及びゲーム制御プログラム","グリー株式会社","A63F13/426,A63F13/69,A63F13/45","特開2022-075925","","","","","https://www.j-platpat.inpit.go.jp/c1800/PU/JP-2022-075925/1D9871744BEED00764C5654014E334F0E539EA9ACFF512207844D919F77477EA/11/ja"
"特開2022-075819","特願2022-040033","2022/03/15","2022/05/18","荷物保管装置","株式会社オカムラ","B65G1/04,503","特開2022-075819","","","","","https://www.j-platpat.inpit.go.jp/c1800/PU/JP-2022-075819/01659DB8306008C98D73AE6FF818920CAA841B72A08E68FF45E0B4A1EFBAE79D/11/ja"
"特開2022-075708","特願2022-030871","2022/03/01","2022/05/18","照明器具","パナソニックＩＰマネジメント株式会社","H05B47/105,H05B47/155,H05B47/195,F21V3/00,350,F21V3/02,400,F21V9/40,400,F21Y115:10","特開2022-075708","","","","","https://www.j-platpat.inpit.go.jp/c1800/PU/JP-2022-075708/E69BC7DFFCB1F0FA4E0017590AA21000C71466F2A2400154C479B8771FA378B5/11/ja"
"特開2022-075707","特願2022-030858","2022/03/01","2022/05/18","照明器具","パナソニックＩＰマネジメント株式会社","H05B47/105,H05B47/175,H05B47/155,F21V3/00,350,F21V3/02,400,F21V9/40,400,F21Y115:10","特開2022-075707","","","","","https://www.j-platpat.inpit.go.jp/c1800/PU/JP-2022-075707/2128C293344ED2182322B8BE154EBFBFC87B8BC409DB2A730048957528D00009/11/ja"
"特開2022-075696","特願2022-027581","2022/02/25","2022/05/18","半導体装置","株式会社半導体エネルギー研究所","H02J50/20,H02J50/40,H02J7/00,301@D,H01M10/44@P,H02J50/10,H02J50/80","特開2022-075696","","","","","https://www.j-platpat.inpit.go.jp/c1800/PU/JP-2022-075696/0E4C7F1DD300C38324112DAC94CE193874DED9743A909431A00E8AB06CD63FA5/11/ja"
"特開2022-075668","特願2022-023611","2022/02/18","2022/05/18","ビデオ処理方法、装置、デバイスおよび記憶媒体","バイドゥ　ユーエスエイ　エルエルシー,ベイジン　バイドゥ　ネットコム　サイエンス　テクノロジー　カンパニー　リミテッド","G06F16/783","特開2022-075668","","","","","https://www.j-platpat.inpit.go.jp/c1800/PU/JP-2022-075668/3D16C48A646B301202EBA725490E015A8A3D5DA7507ED5A7787D719CAAC14192/11/ja"
"特開2022-075662","特願2022-013827","2022/02/01","2022/05/18","情報抽出装置","株式会社Ｉ’ｍｂｅｓｉｄｅｙｏｕ","H04N5/91,G06T7/00,660,G10L15/10,200@W,H04N21/2343","特開2022-075662","","特許7096626","","","https://www.j-platpat.inpit.go.jp/c1800/PU/JP-2022-075662/DD130079C9104F4E348BAF412CD57B78630E9C5CBA52EACAE91523C4B4C6C3EE/11/ja"
"特開2022-075661","特願2022-013826","2022/02/01","2022/05/18","情報抽出装置","株式会社Ｉ’ｍｂｅｓｉｄｅｙｏｕ","H04N5/91,G06T7/00,660,G10L15/10,200@W","特開2022-075661","","特許7130290","","","https://www.j-platpat.inpit.go.jp/c1800/PU/JP-2022-075661/5DD613DED189DD6AC848F58C66EF8F25C68EB8FCECA2F886DDF408BDD1EFC1AA/11/ja"
"特開2022-075642","特願2021-181141","2021/11/05","2022/05/18","説明可能な予測に基づく共同議論のための討論者システム","エヌイーシー　ラボラトリーズ　ヨーロッパ　ゲーエムベーハー","G06F16/90,100,G06N3/02,G06N5/02,150,G06N5/022,G06N5/025","特開2022-075642","","","","","https://www.j-platpat.inpit.go.jp/c1800/PU/JP-2022-075642/28D4C3B3058D449CA90D8BC2585CBD098D7984D145B743DA3FC7880FA69DDAE2/11/ja"
"特開2022-075641","特願2021-181133","2021/11/05","2022/05/18","高度な機能を備えたマイクロフォン","オーディオテクニカ　ユーエス　インコーポレーテッド","H04R3/00,320,H04R1/00,320@A,H04R1/40,320","特開2022-075641","","","","","https://www.j-platpat.inpit.go.jp/c1800/PU/JP-2022-075641/A247877F476A6EE2B0CC33A108454BFD61A29E39CB11BA3050DF1EC59D12437E/11/ja"
"特開2022-075589","特願2021-179250","2021/11/02","2022/05/18","記録装置のノイズ低減","バイオセンス・ウエブスター・（イスラエル）・リミテッド","A61B5/346,A61B5/367","特開2022-075589","","","","","https://www.j-platpat.inpit.go.jp/c1800/PU/JP-2022-075589/A7C0ECC61447127AAAB2D7070A673645C66EF6DF73F626FF359BAF78F1F7680A/11/ja"
"特開2022-075573","特願2021-177956","2021/10/29","2022/05/18","情報処理システム","株式会社タスキ","G06Q50/16","特開2022-075573","","","","","https://www.j-platpat.inpit.go.jp/c1800/PU/JP-2022-075573/F46A5E2730DB490F3833222B8117126CD9F1DFDB7955C9D707B4D57735E0B1D7/11/ja"
"特開2022-075565","特願2021-176559","2021/10/28","2022/05/18","協調演算装置および協調演算方法","圓剛科技股▲分▼有限公司","G06F9/50,150@D,G06T1/20@B,G06T1/00,340@A,G06T7/00,660@A,G06T7/70@A,G06F9/50,150@A","特開2022-075565","","","","","https://www.j-platpat.inpit.go.jp/c1800/PU/JP-2022-075565/43D16894A64F5B9398BBA2AB2F4380CC309749D1F1BE0A13AB33BD083E5471AE/11/ja"
"特開2022-075553","特願2021-174401","2021/10/26","2022/05/18","方法、プログラム、およびコンピュータ・システム（人工知能ベースのアプリケーション・モダナイゼーション勧告）","インターナショナル・ビジネス・マシーンズ・コーポレーション","G06N20/00","特開2022-075553","","","","","https://www.j-platpat.inpit.go.jp/c1800/PU/JP-2022-075553/501DB191995C0DCDE34AD97EBC9779D0172A81893F8B510E9B04FD3657C6082C/11/ja"
"特開2022-075548","特願2021-173555","2021/10/24","2022/05/18","トランザクション処理方法、システム、プログラム","インターナショナル・ビジネス・マシーンズ・コーポレーション","G06F11/07,196,G06F9/46,430","特開2022-075548","","","","","https://www.j-platpat.inpit.go.jp/c1800/PU/JP-2022-075548/33D55699C953885FAD11C8676B750921E533D710ADEF2355B2BE449C056E62F2/11/ja"
"特開2022-075526","特願2021-164470","2021/10/06","2022/05/18","自動運転のための速度計画方法、装置、デバイス、媒体及び車両","バイドゥ　オンライン　ネットワーク　テクノロジー　（ベイジン）　カンパニー　リミテッド","B60W30/18,B60W60/00","特開2022-075526","","","","","https://www.j-platpat.inpit.go.jp/c1800/PU/JP-2022-075526/778944B85BF586FD741C0DFB872FEC57E2CA526DC76EB296613BED4C5D0986BF/11/ja"
"特開2022-075518","特願2021-161311","2021/09/30","2022/05/18","生産ライン監視方法および生産ライン監視システム","パワーアリーナ　ホールディングス　リミテッド","G06T7/20,300@Z,G06N20/00,130,G06Q10/06,332,G06Q50/04,G06Q10/0639","特開2022-075518","","","","","https://www.j-platpat.inpit.go.jp/c1800/PU/JP-2022-075518/8751DF886052DCC6E27013BCF07FF8F4C3A3E2C29C5D7EDA777213C97DDE7CC2/11/ja"
"特開2022-075471","特願2021-070306","2021/04/19","2022/05/18","タスクネットワークを選択するための方法、並びにセンシングデータに基づいて行動を決定するためのシステム及び方法","緯創資通股▲ふん▼有限公司","G06N3/12,160,G06N20/00,G06N3/126","特開2022-075471","","特許7197624","","","https://www.j-platpat.inpit.go.jp/c1800/PU/JP-2022-075471/3ACD542D2397AAF8F497B18DDD4A7096170AB0F8E55CD89F71B036A5D36E147B/11/ja"
"特開2022-075337","特願2020-186064","2020/11/06","2022/05/18","情報処理方法、情報処理システム及びコンピュータプログラム","株式会社東芝","G06F21/62,354,G06F21/64","特開2022-075337","","","","","https://www.j-platpat.inpit.go.jp/c1800/PU/JP-2022-075337/E6E11A66F64E536FC07BBB6106A89437295AFAB44E5CE0804B6BADFCA915A647/11/ja"
"特開2022-075068","特願2020-185613","2020/11/06","2022/05/18","ゴム材料の混練工程管理システムおよびゴム材料の混練方法","横浜ゴム株式会社","B29B7/28,B29B7/18,B29B7/52","特開2022-075068","","","","","https://www.j-platpat.inpit.go.jp/c1800/PU/JP-2022-075068/009C47358FB762E2DCD8A587D8C34E738E5C6957FEDD0B19B903C698A3638A12/11/ja"
"特開2022-074943","特願2020-185396","2020/11/05","2022/05/18","プログラム、ゲームイベント処理システム及び方法","株式会社スクウェア・エニックス","A63F13/65,A63F13/216,A63F13/795","特開2022-074943","","特許7097421","","","https://www.j-platpat.inpit.go.jp/c1800/PU/JP-2022-074943/CDCC404399197F5E30DE3B095652B8D8219B4161D24FF8640A6DF400E0092E0A/11/ja"
"特開2022-074918","特願2020-185351","2020/11/05","2022/05/18","情報報知装置、移動体、及び情報報知方法","本田技研工業株式会社","B60W50/14,B60W40/02,G01C21/26@C,G01C21/34,G08G1/0969","特開2022-074918","","","","","https://www.j-platpat.inpit.go.jp/c1800/PU/JP-2022-074918/6B9A2D5BC92CB324E23A34736C96DE7267166A44DEA2EBEDD940334A23FFD8B1/11/ja"
"特開2022-074819","特願2020-185190","2020/11/05","2022/05/18","情報処理システム","コルデコ株式会社","G06Q10/08,G16H20/10","特開2022-074819","","","","","https://www.j-platpat.inpit.go.jp/c1800/PU/JP-2022-074819/2C00BF67CA6081C6CF5EA5DCBCDE09BF039773502C9616820235DE0CEE5B19FF/11/ja"
"特開2022-074795","特願2020-185153","2020/11/05","2022/05/18","生体情報管理システム","テルモ株式会社","A61B5/00,102@A,A61B5/01,100,G16H50/00,G08B25/04@K,G08B21/02,G06F3/01,510","特開2022-074795","","","","","https://www.j-platpat.inpit.go.jp/c1800/PU/JP-2022-074795/564EAEF9D6B185C888EF61445FF0D3CB3023FDCE26CAC3A94D0DC06CBC52DA37/11/ja"
"特開2022-074707","特願2020-185000","2020/11/05","2022/05/18","情報伝達システム","ＣＭＮ株式会社","G08B21/10,G08B25/04@K,H04Q9/00,311@J,H04W4/02,H04W4/90,G01W1/02@Z,G06Q50/26","特開2022-074707","","","","","https://www.j-platpat.inpit.go.jp/c1800/PU/JP-2022-074707/03CDD59C6592B53FDE066611DF97AEBDEBF7C11E2285C613C5C2634F27BEFE98/11/ja"
"特開2022-074519","特願2020-184627","2020/11/04","2022/05/18","作業機","本田技研工業株式会社","A01D34/74","特開2022-074519","","","","","https://www.j-platpat.inpit.go.jp/c1800/PU/JP-2022-074519/9E6DC932D6C4C649108E1C9FCCD9CB374372982D7BD2A045EB6FE476D26BFFCD/11/ja"
"特開2022-074260","特願2020-184159","2020/11/04","2022/05/18","診断支援システム","ＴＸＰ　Ｍｅｄｉｃａｌ株式会社","G16H50/20","特開2022-074260","","","","","https://www.j-platpat.inpit.go.jp/c1800/PU/JP-2022-074260/B4E410C02FD4CE5145F1A5E3E814E01EF8D5CC8B71722687366B23F8DBE2DF49/11/ja"
"特開2022-074249","特願2020-184133","2020/11/04","2022/05/18","白杖利用入構者駅員報知システム","株式会社エクシオテック","B61L23/00@Z,G08B21/02,G08B25/04@K,G08B25/00,510@M,B61B1/02,H04N7/18@D","特開2022-074249","","","","","https://www.j-platpat.inpit.go.jp/c1800/PU/JP-2022-074249/B9565C046FB1D23E71C4E086B7899F510BA02697A5B4C696B196509950F62451/11/ja"
"特開2022-074241","特願2020-184120","2020/11/04","2022/05/18","非接触式水分計、及びごみ焼却施設","株式会社タクマ","G01N22/04@Z,F23G5/50@Q","特開2022-074241","","","","","https://www.j-platpat.inpit.go.jp/c1800/PU/JP-2022-074241/DDB4681170A8EF91CA93E441658179375D9320396B93EC426CB644CB33B178B3/11/ja"
"特開2022-074240","特願2020-184119","2020/11/04","2022/05/18","ごみクレーン、及びごみ焼却施設","株式会社タクマ","B66C13/32@A,B66C3/02@A,F23G5/50@G,F23G5/50@H,F23G5/50@Q,F23G5/44@B,F23G5/02@Z","特開2022-074240","","","","","https://www.j-platpat.inpit.go.jp/c1800/PU/JP-2022-074240/6AD091909306F66C765D57E896D68D9DBB0C4845929EC2B81F211ED84D11ADFD/11/ja"
"特開2022-074230","特願2020-184101","2020/11/04","2022/05/18","プロフィール情報表示方法、プロフィール情報表示プログラム","富士通株式会社","G06F16/9035,G06F3/0481,G06F16/906","特開2022-074230","","","","","https://www.j-platpat.inpit.go.jp/c1800/PU/JP-2022-074230/3E46B72092F2EF24353920524C5366E23A9534C3FF4AFD49C4D5629409822A68/11/ja"
"特許7069439","特願2022-010320","2022/01/26","2022/05/17","管理システム、管理装置及び方法","株式会社トレッタキャッツ","A01K1/01,801@Z,A01K29/00@B,A01K11/00@E","","","特許7069439","","","https://www.j-platpat.inpit.go.jp/c1800/PU/JP-7069439/B755911502E2E940A514FB7DB7283D8C3A4B55B755AA90EB9808B4065F1FD266/15/ja"
"特許7069435","特願2021-563348","2021/05/31","2022/05/17","情報処理装置","三菱電機株式会社","G06N20/00,G06N3/02,G06T7/00,350@C,G06V10/30","","","特許7069435","","","https://www.j-platpat.inpit.go.jp/c1800/PU/JP-7069435/A6D5F543130A94251B096B8BCFC53C6CD238A3A6118F349264D048C7942DB2A6/15/ja"
"特開2022-074122","特願2021-177616","2021/10/29","2022/05/17","やる気状態判定方法、やる気状態判定装置、人工知能装置及びその製造方法","株式会社電通サイエンスジャム,日本たばこ産業株式会社","A61B5/16,120,A61B5/374","特開2022-074122","","","","","https://www.j-platpat.inpit.go.jp/c1800/PU/JP-2022-074122/108896D5E8EE14493DF28110C70256287CD2970BBDC2BD1C8DBC6E87A8EA308B/11/ja"
"特開2022-074101","特願2021-176809","2021/10/28","2022/05/17","３Ｄのｚ方向の病変の接続性を決定するためのロジスティック・モデルのための方法、コンピュータ・プログラム、および装置（３Ｄのｚ方向の病変の接続性を決定するためのロジスティック・モデル）","インターナショナル・ビジネス・マシーンズ・コーポレーション","A61B6/03,360@D,A61B6/03,360@G,A61B6/03,360@Z,G06T7/00,350@B,G06T7/62,G06T7/00,612,G06T7/60,180@D","特開2022-074101","","","","","https://www.j-platpat.inpit.go.jp/c1800/PU/JP-2022-074101/C9F77F7140C0E4826647B2B85D0ECF058A7196C7F4AA2E7BD7760D70FAE8DB84/11/ja"
"特開2022-074092","特願2021-176328","2021/10/28","2022/05/17","医用画像のシードに基づくセグメント化のシードの再ラベル付けのための方法、コンピュータ・プログラムおよび装置（医用画像のシードに基づくセグメント化のシードの再ラベル付け）","インターナショナル・ビジネス・マシーンズ・コーポレーション","A61B6/03,360@J,G06T7/00,350@B,G06T7/11,A61B6/03,360@T","特開2022-074092","","","","","https://www.j-platpat.inpit.go.jp/c1800/PU/JP-2022-074092/C845D76B2F7BD6C2F1AA71A6FA609A83A2AB78EA72CB7940A20C8CE4EAF7874A/11/ja"
"特開2022-074088","特願2021-176183","2021/10/28","2022/05/17","病変検出人工知能パイプライン・コンピューティング・システムのための方法、コンピュータ・プログラム、および装置（病変検出人工知能パイプライン・コンピューティング・システム）","インターナショナル・ビジネス・マシーンズ・コーポレーション","A61B6/03,360@D,A61B6/03,360@J,A61B6/03,375,A61B6/03,360@Z,A61B5/055,380,G06T7/00,350@C,G06T7/00,612,A61B6/03,360@T","特開2022-074088","","","","","https://www.j-platpat.inpit.go.jp/c1800/PU/JP-2022-074088/43BE18840B927072D94EC7B7AF6DF43D6D75DA4A51E6BD30F5CA5C357CF3E12F/11/ja"
"特開2022-074024","特願2021-170424","2021/10/18","2022/05/17","方法、コンピュータ・プログラム製品、およびコンピュータ・システム（聴衆フィードバックを用いたパーソナル・スピーチ提案）","インターナショナル・ビジネス・マシーンズ・コーポレーション","G09B19/00@H,G06N20/00,G10L15/22,453,G10L25/51,G09B19/04","特開2022-074024","","","","","https://www.j-platpat.inpit.go.jp/c1800/PU/JP-2022-074024/47F8FEFB00A2DEA8DFA2421280F78DF0CA6A60D497CF47E231B86AD5356EA628/11/ja"
"特開2022-074019","特願2021-170044","2021/10/18","2022/05/17","階層構造を有する意思決定エージェント","アジャイルソーダ　インコーポレイテッド","G06N20/00,G06N20/00,160","特開2022-074019","","特許7219986","","","https://www.j-platpat.inpit.go.jp/c1800/PU/JP-2022-074019/D515694B18A8E80F502C8AF9EA55A0D378BD5A84349F155FA793A64BEBA5AE15/11/ja"
"特開2022-074017","特願2021-169643","2021/10/15","2022/05/17","熱抵抗を調節するための電熱変換器を備えた測定機器、および動作方法","アントン　パール　ゲーエムベーハー","G01N25/00@M,G01N25/20@E","特開2022-074017","","","","","https://www.j-platpat.inpit.go.jp/c1800/PU/JP-2022-074017/B9EF6550B531EF4B54DA4283B7F4DAF79DF9DBF3468F9913D81D5539C78D8797/11/ja"
"特開2022-074012","特願2021-168078","2021/10/13","2022/05/17","自己追加型スマートカードリーダシステム","ゼロックス　コーポレイション","G06F8/30,G06F8/60","特開2022-074012","","","","","https://www.j-platpat.inpit.go.jp/c1800/PU/JP-2022-074012/985B4EB50BB378F6A67442BC3DED39401317F744C50C65328E7574E8BF49279E/11/ja"
"特開2022-074011","特願2021-168073","2021/10/13","2022/05/17","ディープラーニング演算実行方法及び電子装置","インダストリー－アカデミック　コーペレーション　ファウンデーション，ヨンセイ　ユニバーシティ,三星電子株式会社","G06N3/04,G06N3/063,G06F9/50,150@E","特開2022-074011","","","","","https://www.j-platpat.inpit.go.jp/c1800/PU/JP-2022-074011/841338EBA5DB9653CB9C1B6F4BC8DBBE1BBD159E2CF7A6CB2058C370F901F31F/11/ja"
"特開2022-073949","特願2021-135948","2021/08/23","2022/05/17","セキュリティＩＤの会話文検索システム","ソプラ株式会社","G06F16/35,G06F16/383,G06F40/279","特開2022-073949","","特許7132576","","","https://www.j-platpat.inpit.go.jp/c1800/PU/JP-2022-073949/841DBD2B0AADC0316AD7DF19E54232BB1C7F54D2CA6350DCA4E7882D8D8C3794/11/ja"
"特開2022-073944","特願2021-130618","2021/08/10","2022/05/17","品質検査装置","ダックエンジニアリング株式会社","G01N21/892@A","特開2022-073944","","","","","https://www.j-platpat.inpit.go.jp/c1800/PU/JP-2022-073944/6E74588DBEEF3D7CF61D97E73E04294862833E47AB21168995148CF0805C4D67/11/ja"
"特開2022-073872","特願2021-006882","2021/01/20","2022/05/17","侵害情報抽出システム、方法及びプログラム","株式会社ＩＰＳＩＧＮ","G06Q50/18,310","特開2022-073872","","","","","https://www.j-platpat.inpit.go.jp/c1800/PU/JP-2022-073872/6CBC86249750F2634FFD1331B298DC66361B3D41C9CBEC97B51DE0547BF64BFA/11/ja"
"特開2022-073649","特願2020-183775","2020/11/02","2022/05/17","判定装置、判定方法、プログラム及び回収装置","大日本印刷株式会社","G01N21/90@A,G06T7/00,350@C,B65F1/16,B65F1/14@B,B09B5/00@Q,G06T7/00,610,B09B101:75","特開2022-073649","","","","","https://www.j-platpat.inpit.go.jp/c1800/PU/JP-2022-073649/B2909D774AB7EB408DA942966FBBE3A342E26A28E8A268F65C7FC9A9EEAE5004/11/ja"
"特開2022-073269","特願2020-183147","2020/10/30","2022/05/17","状態推定装置および状態推定プログラム","株式会社エクォス・リサーチ,株式会社アイシン","A61B5/16,120,A61B5/1455,A61B10/00@E","特開2022-073269","","","","","https://www.j-platpat.inpit.go.jp/c1800/PU/JP-2022-073269/FE4731D15CDB3E2C4BD8BBAAD4FC524BE00AC31317F0419627AA819EA4279CC4/11/ja"
"特開2022-073257","特願2020-183127","2020/10/30","2022/05/17","合鍵受注方法およびプログラム","美和ロック株式会社","G06Q10/00,300,G06Q10/20","特開2022-073257","","","","","https://www.j-platpat.inpit.go.jp/c1800/PU/JP-2022-073257/4196886CCCCCA2857AA0A50F5253AE7B75074A5C6725F3A72F18B1677C17C8D2/11/ja"
"特開2022-073206","特願2020-183036","2020/10/30","2022/05/17","情報処理装置、情報処理システムおよび情報処理方法","株式会社デンソーテン","G06Q10/04,G06Q30/02,370,G06Q50/10,G01C21/34,G01C21/26@P,G08G1/005,G08G1/01@F,G16Y40/60,G06Q30/0235","特開2022-073206","","","","","https://www.j-platpat.inpit.go.jp/c1800/PU/JP-2022-073206/EC4979B12E6DD920116BF129A9181B677DFDEB5A23F26DAF3CB3726169969D75/11/ja"
"特開2022-073176","特願2020-182992","2020/10/30","2022/05/17","酸素濃度予測システムおよび酸素濃度制御システム","グローバルウェーハズ・ジャパン株式会社,国立研究開発法人理化学研究所","C30B29/06,502@H,C30B15/20","特開2022-073176","","","","","https://www.j-platpat.inpit.go.jp/c1800/PU/JP-2022-073176/80EBCFC243133C2076E6BDEDFC60400130F792F78E1D78F08297940053779638/11/ja"
"特開2022-072875","特願2020-182558","2020/10/30","2022/05/17","音声対話装置、音声対話装置の制御方法及びプログラム","キヤノン株式会社","G10L15/28,500,G10L15/10,200@W,G10L15/10,500@N,G06F3/16,630,G06F3/16,640,G06F3/16,650","特開2022-072875","","","","","https://www.j-platpat.inpit.go.jp/c1800/PU/JP-2022-072875/CE435C35639862AECB52C09436A037718CAD4FA44B411A0921F24ADF78FBD7A5/11/ja"
"特開2022-072826","特願2020-182478","2020/10/30","2022/05/17","物品管理装置、物品管理方法およびプログラム","日立ＧＥニュークリア・エナジー株式会社","B65G1/137@B,G21C17/06,080,G21C3/30,200,G21C19/02,010,G06K9/00@S,G06V30/00@S","特開2022-072826","","","","","https://www.j-platpat.inpit.go.jp/c1800/PU/JP-2022-072826/4AF3187C5E26AD71844E3E11FCBFE4285DAB91252D9D9C4EF4793F02A5532858/11/ja"
"特開2022-072804","特願2020-182449","2020/10/30","2022/05/17","無人確認システムと方法","ＩＨＩ運搬機械株式会社","E04H6/18,601@G,E04H6/42@H,B65G1/06,511@Z","特開2022-072804","","","","","https://www.j-platpat.inpit.go.jp/c1800/PU/JP-2022-072804/0AE42E27E40F267A4B2ED0547998405DE9762724C75E8F161E0BFC243FA1A228/11/ja"
"特開2022-072645","特願2020-182202","2020/10/30","2022/05/17","検査装置","Ｄ－テック合同会社","G01N21/64@Z,G01N33/483@C,G01N21/64@F,G01N21/78@C","特開2022-072645","","","","","https://www.j-platpat.inpit.go.jp/c1800/PU/JP-2022-072645/22C511BAA3925A0E0E449F5487961E610730D40B497A098B5AD2016561845852/11/ja"
"特開2022-072483","特願2020-181946","2020/10/29","2022/05/17","引出物提供支援システム","デジタルバード株式会社","G06Q50/10","特開2022-072483","","特許7104993","","","https://www.j-platpat.inpit.go.jp/c1800/PU/JP-2022-072483/F240C24CCF1C4584A88A25ADB9C187FD3BF764F1C608540011B8FB6B1E010A2A/11/ja"
"特開2022-072383","特願2020-181776","2020/10/29","2022/05/17","侵害情報抽出システム、方法及びプログラム","株式会社ＩＰＳＩＧＮ","G06Q50/18,310","特開2022-072383","","","拒絶2021-009319","","https://www.j-platpat.inpit.go.jp/c1800/PU/JP-2022-072383/EE26C64DE04768FA5781BFAE41A4AC83695EF75108B0A1671AFE305569AF3C81/11/ja"
"特開2022-072326","特願2020-181689","2020/10/29","2022/05/17","車両制御装置、車両制御方法、およびプログラム","本田技研工業株式会社","B62D6/00,G08G1/16@C,B62D5/04,B62D113:00,B62D117:00,B62D119:00","特開2022-072326","","特許7186206","","","https://www.j-platpat.inpit.go.jp/c1800/PU/JP-2022-072326/F6F39683E24992A252D900AC7177A9673DF30A18BB7220134CF7947EC48C0BAD/11/ja"
"特開2022-072323","特願2020-181686","2020/10/29","2022/05/17","車両制御装置、車両制御方法、およびプログラム","本田技研工業株式会社","B62D6/00,G08G1/16@C,B62D5/04,B60W30/12,B60W50/08,B60W40/06,B62D113:00,B62D117:00,B62D119:00","特開2022-072323","","","","","https://www.j-platpat.inpit.go.jp/c1800/PU/JP-2022-072323/8FBA8F5EE0DDF1ED5D8919A828D9C5B197ADF3B9F11C0ED55278D23FC360CBB2/11/ja"
"特開2022-072116","特願2020-181380","2020/10/29","2022/05/17","支援システム、支援方法及びプログラム","ＮＥＣプラットフォームズ株式会社,日本電気株式会社","G06Q10/06,G06Q50/04,G06Q10/06,332,G06Q10/0639","特開2022-072116","","特許7157119","","","https://www.j-platpat.inpit.go.jp/c1800/PU/JP-2022-072116/F64917AF188206AB037D7B609D1903AEB9F8257BE5041409A3E968EB693E6562/11/ja"
"特開2022-071949","特願2020-181094","2020/10/29","2022/05/17","コンピュータプログラム及びコンピュータプログラムを含むサービス提供方法","株式会社オフィスダイナマイツ","G06Q10/08,G06Q50/10","特開2022-071949","","","","","https://www.j-platpat.inpit.go.jp/c1800/PU/JP-2022-071949/F90654625811CF193EBC36B3439F17B41F0366F5667F525E8335BE703684C838/11/ja"
"特許7067709","特願2022-029948","2022/02/28","2022/05/16","スキンモデルから骨格に基づく体長を統計的に分析するプログラム、装置及び方法","株式会社ＯｒｂｉｓＢｒａｉｎ,株式会社ワコール","A61B5/107,100,A41H1/02,G06T7/00,350@B,G06T7/70@A,G06T7/00,660@Z","","","特許7067709","","","https://www.j-platpat.inpit.go.jp/c1800/PU/JP-7067709/FE8E857E4ED16F20A5971B8A1DA276B242E41A8A5E76FF11BDB2674613DA5D6D/15/ja"
"特開2022-071853","特願2021-174623","2021/10/26","2022/05/16","携帯用空気呼吸装置","ダニエル　カンパニー　リミテッド","A62B7/10","特開2022-071853","","","","","https://www.j-platpat.inpit.go.jp/c1800/PU/JP-2022-071853/4066F94199F927E60BE66A6A5B3E39006C70EE5F467BDC09BEBB7EDAA690A9A6/11/ja"
"特開2022-071827","特願2021-154187","2021/09/22","2022/05/16","トラステッド環境の遠隔検証方法、装置、機器、システムおよび媒体","バイドゥ　オンライン　ネットワーク　テクノロジー　（ベイジン）　カンパニー　リミテッド","H04L9/00,675@B,G09C1/00,640@D,G06F21/57","特開2022-071827","","","","","https://www.j-platpat.inpit.go.jp/c1800/PU/JP-2022-071827/CECFF94D2CAAD12A6D0A62F258C2105C3D69B20F36F91CCE3FACA51170ED5900/11/ja"
"特開2022-071800","特願2021-020128","2021/02/10","2022/05/16","情報処理装置及び感情誘導方法","株式会社日本総合研究所","G01C21/26@A,B60W40/08","特開2022-071800","","","","","https://www.j-platpat.inpit.go.jp/c1800/PU/JP-2022-071800/44C136E26888720BECC67D3E5AC7946E6E6D0F47588C99A726567204F11CC3EB/11/ja"
"特開2022-071518","特願2020-180535","2020/10/28","2022/05/16","ＣＯ２回収システム","イビデン株式会社","B01D53/62,F23J15/00@Z,B01D53/82,B01D53/96,B01D53/04,110,C01B32/50","特開2022-071518","","","","","https://www.j-platpat.inpit.go.jp/c1800/PU/JP-2022-071518/F75D69DC38C3C6369FCB2DC304C3C15D44E6622D7BF8D96B0555CADA72B6F803/11/ja"
"特開2022-071405","特願2020-180350","2020/10/28","2022/05/16","コンビニの店内にて早期に、安価に、簡便に待ち時間が０（ゼロ）にて新型コロナウイルス（ＣＯＶＩＤ－１９）などの診察をして、治療するオンライン診療を行なって病名を特定する方法。","長浦　善昭","G16H10/40","特開2022-071405","","","","","https://www.j-platpat.inpit.go.jp/c1800/PU/JP-2022-071405/188FEEFDDD8DE238057B1C305701015824C25BA8F6B9B33BFAD15EA6831556A4/11/ja"
"特開2022-071393","特願2020-180327","2020/10/28","2022/05/16","車両制御装置、車両制御方法、およびプログラム","本田技研工業株式会社","B60W30/09,B60W40/04,B60W60/00,G08G1/16@D,G01C21/36","特開2022-071393","","特許7125969","","","https://www.j-platpat.inpit.go.jp/c1800/PU/JP-2022-071393/BAD11A83D924B344674A387F658E097ADBB2C2C60F81756291D2B69FB35B7806/11/ja"
"特開2022-071255","特願2020-180105","2020/10/28","2022/05/16","運動療法サポートシステム及び運動療法サポート方法","一般社団法人日本遠隔運動療法協会","A63B69/00@C,A63B71/06@J,A63B22/06@G,G16H20/00,G16Y10/60,G16Y10/65,G16Y40/10,G16Y40/20","特開2022-071255","","","","","https://www.j-platpat.inpit.go.jp/c1800/PU/JP-2022-071255/9DEE182869F0884ADEBCC6B7FB12AAE3DC3933FA13F08678B50B28399BEEA7E2/11/ja"
"特許7066248","特願2022-008285","2022/01/21","2022/05/13","害獣罠捕獲検知システム","有限会社澤里土木工業","A01M23/00@Z,A01M23/20","","","特許7066248","","","https://www.j-platpat.inpit.go.jp/c1800/PU/JP-7066248/6B1FBC9BABC1B3D7E3649E127445C78BED2772E77474E09D709025BB38700A75/15/ja"
"特開2022-071199","特願2022-037278","2022/03/10","2022/05/13","スマートプラグの動作のシステムおよび方法","センス　ラブズ　インコーポレイテッド","H02J13/00,301@A","特開2022-071199","","","","","https://www.j-platpat.inpit.go.jp/c1800/PU/JP-2022-071199/3D6D1A23FC27CB1413432D8DECB06F8F06EB20D5C79F5AFE2E72B6C759561A83/11/ja"
"特開2022-071170","特願2022-035290","2022/03/08","2022/05/13","対話状態の生成方法、装置、電子機器及び記憶媒体","ベイジン　バイドゥ　ネットコム　サイエンス　テクノロジー　カンパニー　リミテッド","G06F16/90,100","特開2022-071170","","","","","https://www.j-platpat.inpit.go.jp/c1800/PU/JP-2022-071170/F7D7DDBC01B223AFAF33F12D02F7CD2A277F751FBC85470DDC8EFD726A4C767C/11/ja"
"特開2022-071108","特願2022-031755","2022/03/02","2022/05/13","量子ニューラルネットワークの訓練方法及び装置、電子機器並びに媒体","ベイジン　バイドゥ　ネットコム　サイエンス　テクノロジー　カンパニー　リミテッド","G06N20/00,G06N10/00,G06N3/08","特開2022-071108","","","","","https://www.j-platpat.inpit.go.jp/c1800/PU/JP-2022-071108/B79514162996A2754C77CB98037DCD3017A974592EC9C8A6F82B61F2D8849B49/11/ja"
"特開2022-070997","特願2022-024183","2022/02/18","2022/05/13","収音装置","ヤマハ株式会社","H04R1/00,320@A,G09F13/00@B,G09F13/00@R,H04R1/00,310,H04R3/00,320,H04R1/04@B","特開2022-070997","","","","","https://www.j-platpat.inpit.go.jp/c1800/PU/JP-2022-070997/C7230CE02B53FBE9B9CEDD3D33C4C833B0D1D22AA74BDCFC1963F0D300CD7BDA/11/ja"
"特開2022-070992","特願2022-023682","2022/02/18","2022/05/13","データ生成装置、スキャナシステム、データ生成方法、およびデータ生成用プログラム","株式会社モリタ製作所","G06F30/27,G06F30/10,100,A61C5/77,A61C13/00@Z","特開2022-070992","","特許7195466","","","https://www.j-platpat.inpit.go.jp/c1800/PU/JP-2022-070992/D8B8DD8DDED28D30769FE51E128A3A1957114F952FF1F0CD324653E1DD5736A1/11/ja"
"特開2022-070968","特願2022-021333","2022/02/15","2022/05/13","分散された、非集中化されたデータ集約","エムエックス・テクノロジーズ・インコーポレーテッド","H04L67/02,H04L67/53,H04L67/2869,G06F21/31","特開2022-070968","","","","","https://www.j-platpat.inpit.go.jp/c1800/PU/JP-2022-070968/99FAAD74DA871ED398F0FBF9A0B51EE2F4D1395F2312957B9518DF02955C9AEC/11/ja"
"特開2022-070805","特願2021-102313","2021/06/21","2022/05/13","プログラム、情報処理装置及び方法","株式会社ＴＨＥＡＴＥＲ　ＧＵＩＬＤ","G06Q50/10,H04N21/258","特開2022-070805","","","","","https://www.j-platpat.inpit.go.jp/c1800/PU/JP-2022-070805/BBA0D9B3249E209BF387556A1091AE33F1E574B92F1A0FC77D4D16A7B43EA3EC/11/ja"
"特開2022-070766","特願2020-180026","2020/10/27","2022/05/13","情報処理システムおよび情報処理方法","株式会社日立製作所","G06N5/02,120,G06N20/00,130,G06F16/903,G06N5/022","特開2022-070766","","","","","https://www.j-platpat.inpit.go.jp/c1800/PU/JP-2022-070766/2140E2252DC595F9175EE5D6501230AC299C31D9C1CF87590263A3350DBB53AF/11/ja"
"特開2022-070635","特願2020-179803","2020/10/27","2022/05/13","水中検査装置および水中検査方法","日立ＧＥニュークリア・エナジー株式会社","G01N29/11,G01N29/265,G01N21/88@Z","特開2022-070635","","","","","https://www.j-platpat.inpit.go.jp/c1800/PU/JP-2022-070635/58E9BBC3A88EAB212D37023F58FB8FAC425C39348F9EEA154F2243D15EB5DB91/11/ja"
"特開2022-070582","特願2020-179719","2020/10/27","2022/05/13","建築図面用自動数量積算プログラム及び建築図面用自動数量積算方法","ＩＴＳ工房株式会社,国立大学法人千葉大学","G06Q50/08","特開2022-070582","","","","","https://www.j-platpat.inpit.go.jp/c1800/PU/JP-2022-070582/7400F89F42E3ECDE6F2AE48C876C0430435A2690C3B552FFDA7A433CCECC4088/11/ja"
"特開2022-070534","特願2020-179642","2020/10/27","2022/05/13","計測管理システム","株式会社デンソー","A01D46/30","特開2022-070534","","","","","https://www.j-platpat.inpit.go.jp/c1800/PU/JP-2022-070534/BA1F05BC2091EC0A8D9DCC8E3B9CE85B28E66FC000F7CCF14BED45E775C00C30/11/ja"
"特開2022-070512","特願2020-179612","2020/10/27","2022/05/13","作業管理システム及び教師データの生成方法","株式会社コジマプラスチックス","G06Q10/06,332,G06Q50/04,G06Q10/0639","特開2022-070512","","特許7217996","","","https://www.j-platpat.inpit.go.jp/c1800/PU/JP-2022-070512/DC55565A67E6583FAE8EDA133EB72B70AFD3829166912537631EFEDC6C041E22/11/ja"
"特開2022-070422","特願2020-179478","2020/10/27","2022/05/13","観光案内システム、写真撮影装置、サイネージ装置、サーバ、観光案内方法、及びプログラム","大日本印刷株式会社","G06Q50/14","特開2022-070422","","","","","https://www.j-platpat.inpit.go.jp/c1800/PU/JP-2022-070422/D97BF39C630F86401CC0D58638CDDDFF064956AEF76D71573BE556FF022C67C0/11/ja"
"特表2023-504319","特願2021-549893","2021/06/28","2022/05/12","人体と人手を関連付ける方法、装置、機器及び記憶媒体","センスタイム　インターナショナル　ピーティーイー．リミテッド","G06T7/00,660@Z,G06T7/11","特表2023-504319","","","","","https://www.j-platpat.inpit.go.jp/c1800/PU/JP-2023-504319/D36EC1852DD58AD359044731955AE86834EF3D39DFAE38F82E337D8322F06743/11/ja"
"特表2023-503736","特願2021-557033","2021/06/28","2022/05/12","シーン検出方法及び装置、電子機器、コンピュータ記憶媒体","センスタイム　インターナショナル　ピーティーイー．リミテッド","G06F11/07,196,G06F16/783,G06F11/07,140@A,G06Q50/10","特表2023-503736","","","","","https://www.j-platpat.inpit.go.jp/c1800/PU/JP-2023-503736/0C98479FBE21E0B24F91A8F6B7FE0E16A3A43B911B563E7F177E8C5160860B4E/11/ja"
"特表2022-551005","特願2022-524603","2021/10/20","2022/05/12","疾患の発症を予測するための方法及び装置","オンタクト　ヘルス　カンパニー　リミテッド","G16H50/50","特表2022-551005","","","","","https://www.j-platpat.inpit.go.jp/c1800/PU/JP-2022-551005/44CB9DDBCD511246CADA78CEFEB7B145A80EE9B31B1D71ED5EE196A1BB9A3DD5/11/ja"
"特開2022-070229","特願2021-173122","2021/10/22","2022/05/12","ＳＯＣアーキテクチャの分解","インテル　コーポレイション","H01L25/04@Z,G06F15/78,570,G06F15/78,520,H10B80/00","特開2022-070229","","","","","https://www.j-platpat.inpit.go.jp/c1800/PU/JP-2022-070229/359F7FA9F68B803D5F7138F4AB381B6FA384CEF7AAFD62EFB7874E874FE08843/11/ja"
"特開2022-070202","特願2021-118857","2021/07/19","2022/05/12","買物支援システム、買物支援方法","東芝テック株式会社","G06Q30/06","特開2022-070202","","","","","https://www.j-platpat.inpit.go.jp/c1800/PU/JP-2022-070202/EDF228E95CD2B1D7CF5CD7D43B9907A6AEE232BFE977B2252B7DABA2C04226AC/11/ja"
"特開2022-069949","特願2020-178917","2020/10/26","2022/05/12","優先度判定装置、優先度判定方法及び優先度判定システム","株式会社日立製作所","G06Q50/26","特開2022-069949","","","","","https://www.j-platpat.inpit.go.jp/c1800/PU/JP-2022-069949/2D7B723871546A43D06A9D9659D6DCF4F1CE4D974C52DB1E853D8DB614F3E967/11/ja"
"特開2022-069938","特願2020-178901","2020/10/26","2022/05/12","産業機械の異常を判定するための方法及びシステム","コマツ産機株式会社","G06F17/18@D,G06F17/14","特開2022-069938","","","","","https://www.j-platpat.inpit.go.jp/c1800/PU/JP-2022-069938/C37F390A0ACD171E9158015B0A4C0DC9F84399B180A03455E8E2C9567EB2E8BF/11/ja"
"特開2022-069818","特願2020-178706","2020/10/26","2022/05/12","健康インセンティブ・サポート・システム","長瀬産業株式会社","G16H20/00","特開2022-069818","","","","","https://www.j-platpat.inpit.go.jp/c1800/PU/JP-2022-069818/2C12F51438D16D72EDC8F1DE9B88C8BDD5F3F062A7078E5F83FB2181DB6A40E5/11/ja"
"特許7064680","特願2021-123178","2021/07/28","2022/05/11","プログラムコード自動生成システム","ＳＯＰＰＲＡ　Ｄｉｇｉｔａｌ　ｔｒａｎｓｆｏｒｍａｔｉｏｎ株式会社","G06F8/35,G06F40/211,G06F40/151","特開2023-018851","","特許7064680","","","https://www.j-platpat.inpit.go.jp/c1800/PU/JP-7064680/166A2EAB88DDEA2580A5738946955812C1A2E7256E313A1670C8CC77295301CD/15/ja"
"特開2022-069685","特願2022-043465","2022/03/18","2022/05/11","複素環化合物を用いる有害節足動物防除方法","住友化学株式会社","A01N43/90,103,A01P5/00,A01P7/00,A01N47/02,A01N53/10,210","特開2022-069685","","","","","https://www.j-platpat.inpit.go.jp/c1800/PU/JP-2022-069685/7F45FFBF20AC86A5A54E93EF6FD05FBE9E8CA36652601F5858BE91A11B473768/11/ja"
"特開2022-069534","特願2022-036892","2022/03/10","2022/05/11","投影シーンの表示制御方法、装置、設備、媒体及びプログラム製品","アポロ　インテリジェント　コネクティビティ　（ベイジン）　テクノロジー　カンパニー　リミテッド","G06F3/16,620,G06F3/16,650,G06F3/01,510,G06F3/0481,G10L15/22,300@Z,G10L15/28,230@K,G10L15/10,500@T,G09G5/00,550@C,G09G5/00,530@T,G09G5/00,510@V,G09G5/00,555@A,G09G5/00,530@M,G09G5/00,510@X,B60R11/02@C","特開2022-069534","","","","","https://www.j-platpat.inpit.go.jp/c1800/PU/JP-2022-069534/0F6DDED4A4AFA2FA3B709C2715DB1F6856F0BB7559FD4045EB82614A3B042F6E/11/ja"
"特開2022-069527","特願2022-035929","2022/03/09","2022/05/11","カメラを用いた車両環境モデリング","モービルアイ　ヴィジョン　テクノロジーズ　リミテッド","G06T7/00,350@C,G06T1/00,315,G06N3/04,G06N3/08","特開2022-069527","","","","","https://www.j-platpat.inpit.go.jp/c1800/PU/JP-2022-069527/0CD99DB629EE524CF4FDA0773FF331ECE73C5B1A0709E75C163681DD7B811200/11/ja"
"特開2022-069438","特願2021-181202","2021/11/05","2022/05/11","学習モデルの生成方法、コンピュータプログラム及び情報処理装置","株式会社エクサウィザーズ","G06Q20/42,G06Q50/10","特開2022-069438","","","","","https://www.j-platpat.inpit.go.jp/c1800/PU/JP-2022-069438/2A3DA172373D31DFF4DA95CEA0F7BBB5DB3896B9FD5EB575ED29C8C8F1E78C55/11/ja"
"特開2022-069411","特願2021-170655","2021/10/19","2022/05/11","会場の無線アクセスネットワークに関連する通信デバイスモビリティを監視するための方法およびシステム","アバイア　マネジメント　エル．ピー．","H04W4/029,H04W12/03,H04W12/0431,H04W12/06,H04W12/02,H04W12/63,H04W12/71","特開2022-069411","","","","","https://www.j-platpat.inpit.go.jp/c1800/PU/JP-2022-069411/D8038A295B37EFE6866B1B0F00D2EAE839990484E7B44555892D865292E6DAC3/11/ja"
"特開2022-069285","特願2020-178384","2020/10/23","2022/05/11","データ取得方法、データ取得装置、及びデータ取得プログラム","国立大学法人東海国立大学機構","G01H17/00@Z,G01M7/02@B,G01M99/00@Z","特開2022-069285","","","","","https://www.j-platpat.inpit.go.jp/c1800/PU/JP-2022-069285/591F6FAE430CD2AF1EFDC48F276296C8ABF911165788D4C37C9AB8E54CFA3E9F/11/ja"
"特開2022-069278","特願2020-178371","2020/10/23","2022/05/11","管理装置及び管理プログラム","株式会社アネムホールディングス","G06Q50/20","特開2022-069278","","","","","https://www.j-platpat.inpit.go.jp/c1800/PU/JP-2022-069278/8E8EED506003C2EE3CC86B01619D575DF7575EF2F73C76D47A5EB899115BF4A1/11/ja"
"特開2022-069112","特願2020-178099","2020/10/23","2022/05/11","車両制御装置、車両制御方法、およびプログラム","本田技研工業株式会社","G08G1/16@C,B60W30/10,B60W40/072,B60W60/00","特開2022-069112","","特許7183237","","","https://www.j-platpat.inpit.go.jp/c1800/PU/JP-2022-069112/933BA20CE23FE0CF41B1DFDDA7E9DD8DA329F2C1BC70B025D52375A7BED6BAD2/11/ja"
"特開2022-069059","特願2020-178009","2020/10/23","2022/05/11","異常判定システムおよび異常判定方法","株式会社的","G06T7/00,350@B,G06T7/00,610@C,G06T1/00,300,G06T7/00,610","特開2022-069059","","","","","https://www.j-platpat.inpit.go.jp/c1800/PU/JP-2022-069059/AC1948F07E703D227987803BE841A9387BF5637056A69FF3524D81480FE29AA0/11/ja"
"特開2022-069028","特願2020-177950","2020/10/23","2022/05/11","バイオマス燃焼設備、及びバイオマス燃焼方法","株式会社タクマ","F23G5/50@Q","特開2022-069028","","","","","https://www.j-platpat.inpit.go.jp/c1800/PU/JP-2022-069028/660EC1653AD35A516A76FCE6FF1348BEEFF35C2DA9AE28C29584F347ABF4CA7F/11/ja"
"特開2022-068892","特願2020-177703","2020/10/23","2022/05/11","眼科観察装置、眼科画像処理装置、眼科画像処理方法、プログラム、及び記録媒体","株式会社トプコン","A61B3/10","特開2022-068892","","","","","https://www.j-platpat.inpit.go.jp/c1800/PU/JP-2022-068892/7120A243EFD6C85112598D49C5CC23311793277CF8528DF10B6E33016D430B55/11/ja"
"特許7064208","特願2022-012130","2022/01/28","2022/05/10","シート状海苔の異物除去装置","株式会社ザ鈴木,小浅商事株式会社","A23L17/60,103@F","","","特許7064208","","","https://www.j-platpat.inpit.go.jp/c1800/PU/JP-7064208/420CB8BDCD67106C142FF7A1BE96E596EF2F241779EC9A3996570A1CC75B35B0/15/ja"
"特開2022-068863","特願2021-172220","2021/10/21","2022/05/10","冠状静脈洞静脈内のカテーテルの基準電極の移動の信号分析","バイオセンス・ウエブスター・（イスラエル）・リミテッド","A61B5/367,100,A61B5/287,200","特開2022-068863","","","","","https://www.j-platpat.inpit.go.jp/c1800/PU/JP-2022-068863/3E794D6FC682CA16B16E41790526A3A579A9E61BAC3A07BEC02924B44BC4864E/11/ja"
"特開2022-068786","特願2020-177666","2020/10/22","2022/05/10","タクシー予約支援システム","矢崎総業株式会社","G06Q50/30,G06Q10/02","特開2022-068786","","","","","https://www.j-platpat.inpit.go.jp/c1800/PU/JP-2022-068786/34B6E970F29506EB9F0BBDDCF3EA1E52D11D5A5CB09AEFAA9DB30E3ADC5615B4/11/ja"
"特開2022-068784","特願2020-177664","2020/10/22","2022/05/10","タクシー予約支援システム","矢崎総業株式会社","G06Q50/30,G06Q10/02,300","特開2022-068784","","","","","https://www.j-platpat.inpit.go.jp/c1800/PU/JP-2022-068784/496AD5F063FAD475E5F79FCF8637FBD478A34E0445F54531F391282761D02925/11/ja"
"特開2022-068639","特願2020-177426","2020/10/22","2022/05/10","医用画像処理装置","キヤノンメディカルシステムズ株式会社,キヤノン株式会社","A61B6/00,360@Z,A61B6/00,350@Z","特開2022-068639","","","","","https://www.j-platpat.inpit.go.jp/c1800/PU/JP-2022-068639/A5B86521C05C4051D78B618966310406EE72B47337A14BD5B627949F442F93CC/11/ja"
"特開2022-068577","特願2020-177332","2020/10/22","2022/05/10","歩行者装置、情報収集装置、基地局装置、測位方法、利用者管理方法、情報収集方法、及び施設監視方法","パナソニック株式会社","G01C21/26@P","特開2022-068577","","","","","https://www.j-platpat.inpit.go.jp/c1800/PU/JP-2022-068577/9345E5613FDB291E7587D139CF72EB92F85AE3191E45B77784E0A163F7BA016F/11/ja"
"特開2022-068567","特願2020-177320","2020/10/22","2022/05/10","情報提示装置、情報提示方法及び情報提示プログラム","パイオニア株式会社","B60R11/02@C,A61B5/16,120,G10L15/10,500@N","特開2022-068567","","","","","https://www.j-platpat.inpit.go.jp/c1800/PU/JP-2022-068567/E4DD605688F4869BFEE2227CF6F8CD8140FC1C32B0FF4738D618860483D65BA0/11/ja"
"特開2022-068488","特願2020-177197","2020/10/22","2022/05/10","眼科装置、その制御方法、プログラム、及び記録媒体","株式会社トプコン","A61B3/10,100","特開2022-068488","","","","","https://www.j-platpat.inpit.go.jp/c1800/PU/JP-2022-068488/9FAFB28A243B4A4A048458C1024ED7F1387C1CC06C961CF13966FA31D0242767/11/ja"
"特開2022-068457","特願2020-177140","2020/10/22","2022/05/10","医用画像処理装置、医用画像処理システム、医用画像処理方法及びプログラム","キヤノン株式会社","A61B3/14,A61B6/00,350@Z,A61B6/03,360@Z","特開2022-068457","","","","","https://www.j-platpat.inpit.go.jp/c1800/PU/JP-2022-068457/060489CD3F77E0379B0C3CD9044B39D1923E18EB0CF4E48D0A1C4C6F46A05DB4/11/ja"
"特許7063515","特願2021-563731","2021/08/30","2022/05/09","人間工学的視野に基づく光学顕微鏡システム","有限会社ウィン","G02B21/34,G01N33/48@M,C12M1/34@A,C12Q1/04,G02B21/00","WO2022/097356","","特許7063515","","","https://www.j-platpat.inpit.go.jp/c1800/PU/JP-7063515/6A5D017CCA0C1C4296EFEF52CBA3CA8AB310E3CABBD617ED65671742FC0AF563/15/ja"
"特開2022-068363","特願2022-028959","2022/02/28","2022/05/09","量子ゲートの較正方法および装置、電子機器ならびに媒体","ベイジン　バイドゥ　ネットコム　サイエンス　テクノロジー　カンパニー　リミテッド","G06N10/00","特開2022-068363","","","","","https://www.j-platpat.inpit.go.jp/c1800/PU/JP-2022-068363/DA0104565EFA4BD17DB0F64EBD904134CE47AD2DD89FB4A45E085C45DF6B4775/11/ja"
"特開2022-068362","特願2022-028867","2022/02/28","2022/05/09","医療システム及びそれを実行する方法","学校法人早稲田大学,株式会社　バイオミメティクスシンパシーズ,ロゴスサイエンス株式会社","G16H20/70","特開2022-068362","","","","","https://www.j-platpat.inpit.go.jp/c1800/PU/JP-2022-068362/29EE4D0AA688F8CEF841EE754DC7DCDA1E019FF3669AC1859A47C8C3EE211577/11/ja"
"特開2022-068351","特願2022-027684","2022/02/25","2022/05/09","車両の測位情報の決定方法、装置、記憶媒体及びプログラム","ベイジン　バイドゥ　ネットコム　サイエンス　テクノロジー　カンパニー　リミテッド","G01C21/28,G08G1/0969,G01S19/45,G01S19/47","特開2022-068351","","","","","https://www.j-platpat.inpit.go.jp/c1800/PU/JP-2022-068351/EDAAC568C3CEB635AE40F3F5796B9949859EE4DA8D54325BA3BAA2A230B97663/11/ja"
"特開2022-068327","特願2022-026006","2022/02/22","2022/05/09","ノードグループ化方法、装置及び電子機器","ベイジン　バイドゥ　ネットコム　サイエンス　テクノロジー　カンパニー　リミテッド","G06N10/00","特開2022-068327","","","","","https://www.j-platpat.inpit.go.jp/c1800/PU/JP-2022-068327/72F02C4278C408AB7BD3B7DFFA19D78EF8A2A8AA99DD6449A1D9BD5B9A0A8D64/11/ja"
"特開2022-068292","特願2022-023348","2022/02/18","2022/05/09","公共交通ルートの決定方法及び装置","アポロ　インテリジェント　コネクティビティ　（ベイジン）　テクノロジー　カンパニー　リミテッド","G08G1/00@D,G01C21/34,G06Q50/10,G06F16/909","特開2022-068292","","","","","https://www.j-platpat.inpit.go.jp/c1800/PU/JP-2022-068292/A3F7228C1DA3989056B96C6D2C43A00A3EE711204CD3BA92295350A36BA88541/11/ja"
"特開2022-068277","特願2022-021792","2022/02/16","2022/05/09","化合物属性予測モデル訓練方法および装置、化合物属性予測方法及び装置、電子デバイス、コンピュータ可読記憶媒体およびコンピュータプログラム","ベイジン　バイドゥ　ネットコム　サイエンス　テクノロジー　カンパニー　リミテッド","G16C20/30,G16C20/70","特開2022-068277","","","","","https://www.j-platpat.inpit.go.jp/c1800/PU/JP-2022-068277/947ABC0A77A8CB86481E0467DEC8ED97B9A61B38602740A70078E626AD3E0372/11/ja"
"特開2022-068271","特願2022-021337","2022/02/15","2022/05/09","分散された、非集中化されたデータ集約","エムエックス・テクノロジーズ・インコーポレーテッド","H04L67/02,H04L67/2869,H04L67/53,G06F21/31","特開2022-068271","","","","","https://www.j-platpat.inpit.go.jp/c1800/PU/JP-2022-068271/8B2EFF99B5838F9B34B99EA9F91C0131D8EBBC8F8122AA14D8A619CB58115960/11/ja"
"特開2022-068270","特願2022-021232","2022/02/15","2022/05/09","遊技用代用貨幣、検査装置、遊技用代用貨幣の製造方法、及びテーブルゲームの管理システム","エンゼルグループ株式会社","A63F1/06@Z,G07D5/10,G07D5/08","特開2022-068270","","","","","https://www.j-platpat.inpit.go.jp/c1800/PU/JP-2022-068270/DEBBAB34D218E8F04EF479C35B7E164E03CA930131EEC81E1974B175CD895FB1/11/ja"
"特開2022-068264","特願2022-020564","2022/02/14","2022/05/09","モデル訓練方法、モデル訓練プラットフォーム、電子機器及び記憶媒体","ベイジン　バイドゥ　ネットコム　サイエンス　テクノロジー　カンパニー　リミテッド","G06N20/00,G06N3/08,G06F8/30,G06F9/445,130","特開2022-068264","","","","","https://www.j-platpat.inpit.go.jp/c1800/PU/JP-2022-068264/3153F25BFD3BE1347BC9CFC4128DB16814E800C5655A6B6F5A84B5B1AABA6DB0/11/ja"
"特開2022-068258","特願2022-019737","2022/02/10","2022/05/09","情報処理システム","本郷飛行機株式会社","B64F3/00,B64C39/02","特開2022-068258","","","","","https://www.j-platpat.inpit.go.jp/c1800/PU/JP-2022-068258/A77FC422B047E2285F24018D3864517AF5B69FABFC9633D6804B35482CA7D70B/11/ja"
"特開2022-068257","特願2022-019736","2022/02/10","2022/05/09","情報処理システム","本郷飛行機株式会社","B64F3/00,B64C39/02","特開2022-068257","","","","","https://www.j-platpat.inpit.go.jp/c1800/PU/JP-2022-068257/D11D4B20B6D1384C2B46430E7D5AB695D0CB6FA08AA4712666BB87DD3F5A08E1/11/ja"
"特開2022-068215","特願2022-015504","2022/02/03","2022/05/09","ユーザ健康分析のための拡張現実システムおよび方法","マジック　リープ，　インコーポレイテッド","A61B5/00,102@A,A61B3/113,A61B5/11,200,A61B3/11,A61B3/16,300,A61B5/02,310@B,A61B5/0245,G02B27/02@Z,G02B26/10,109,G02B26/10@C","特開2022-068215","","","","","https://www.j-platpat.inpit.go.jp/c1800/PU/JP-2022-068215/256B9F1F1DE56618AAB17B55A7DBB8F71B893D66D50579159788CDEA0CDE2BD6/11/ja"
"特開2022-068146","特願2022-004875","2022/01/17","2022/05/09","データ注釈方法、装置、電子機器、記憶媒体およびコンピュータプログラム","ベイジン　バイドゥ　ネットコム　サイエンス　テクノロジー　カンパニー　リミテッド","G06N20/00","特開2022-068146","","","","","https://www.j-platpat.inpit.go.jp/c1800/PU/JP-2022-068146/36B410F722A4DAC574500D28E415CEF2918F41AE2001AD389DAC22CD9D6ED216/11/ja"
"特開2022-068141","特願2022-003612","2022/01/13","2022/05/09","トランスクリプトームによる医薬成分の特徴分析法および分類","国立研究開発法人医薬基盤・健康・栄養研究所","G01N33/50@P,C12N15/12,C12Q1/6834@Z,G01N33/15@Z,G01N33/68,G01N33/50@Z","特開2022-068141","","","","","https://www.j-platpat.inpit.go.jp/c1800/PU/JP-2022-068141/989C18228A7454EDD4B359DB09140B8D8BE62F4FE23D0F32CBF84D0FCCD048B4/11/ja"
"特開2022-068110","特願2021-165307","2021/10/07","2022/05/09","データ処理方法、データ処理装置及びデータ処理装置を含む電子装置","三星電子株式会社","G06F9/50,120@A,G06N3/02","特開2022-068110","","","","","https://www.j-platpat.inpit.go.jp/c1800/PU/JP-2022-068110/D80313666B944DA8921C2224FFC3D3CED5AE5900A6FBED9FAF4FB9417854252B/11/ja"
"特開2022-068087","特願2021-082051","2021/05/14","2022/05/09","自律及び半自律運転アプリケーションのための乗員注意力及び認知負荷監視","エヌビディア　コーポレーション","G08G1/16@F,B60W60/00,B60W40/08","特開2022-068087","","","","","https://www.j-platpat.inpit.go.jp/c1800/PU/JP-2022-068087/D734DE54725D593E96DDC884323AD825780DE9395BBC27E47208916E99F9916E/11/ja"
"特開2022-067823","特願2020-176641","2020/10/21","2022/05/09","情報再生プログラム、情報再生方法、情報処理装置及びデータ構造","学校法人早稲田大学","H04N21/438","特開2022-067823","","","","","https://www.j-platpat.inpit.go.jp/c1800/PU/JP-2022-067823/C471DD0D2850D3DB3F81EBAF1F9FA04637F9D9B5AD8EA6C5EC919FEAC8EEBBCA/11/ja"
"特開2022-067684","特願2020-176396","2020/10/21","2022/05/09","対話型コミュニケーション装置、機器説明支援システム及び機器説明提供方法","東京瓦斯株式会社","G06F3/0487,H04M11/00,302,G06F3/16,650,G06F3/16,690,G10L13/00,100@M,G10L15/00,200@T","特開2022-067684","","","","","https://www.j-platpat.inpit.go.jp/c1800/PU/JP-2022-067684/CB7E7EBB5D94E374D9810996BA3A5CB93A6940FC718B3CA735CC33D7AE65CFDD/11/ja"
"特開2022-067683","特願2020-176395","2020/10/21","2022/05/09","トラブルサポート方法、対話型コミュニケーション装置、コミュニケーションシステム及びプログラム","東京瓦斯株式会社","G06Q10/00,300,G06Q50/10,G10L13/00,100@M,G10L15/22,300@U,G06Q10/20","特開2022-067683","","","","","https://www.j-platpat.inpit.go.jp/c1800/PU/JP-2022-067683/5A75E1AA3F2FCF507AC9E45B48C21DBFD1397C131C9DC3DAC2447288EA5936CA/11/ja"
"特開2022-067642","特願2021-169273","2021/10/15","2022/05/06","マイクロサービス識別を向上させるためにリファクタリングを識別および優先順位付するためのコンピュータシステム、コンピュータプログラムおよび方法（マイクロサービス識別を向上させるためにリファクタリングを識","インターナショナル・ビジネス・マシーンズ・コーポレーション","G06F8/72,G06N3/12,160,G06N3/126","特開2022-067642","","","","","https://www.j-platpat.inpit.go.jp/c1800/PU/JP-2022-067642/50AE4A3A09295D0E408B47ABE455E97F1FCE10C99FFBD14C6D8E819266119B37/11/ja"
"特開2022-067639","特願2021-168847","2021/10/14","2022/05/06","プロセッサを備えるシステム、コンピュータ実装方法、プログラム（合成システム障害生成）","インターナショナル・ビジネス・マシーンズ・コーポレーション","G06F11/07,151,G06F11/07,140@A","特開2022-067639","","","","","https://www.j-platpat.inpit.go.jp/c1800/PU/JP-2022-067639/E7502E8495CA787B5504B391A67087C2EB779C6F632529313E8F14362F363403/11/ja"
"特開2022-067544","特願2020-176291","2020/10/20","2022/05/06","動物の検体検査結果の報告方法、その報告システム及びその報告手段","どうぶつ検査センター株式会社,石井　聡志,堀　泰智","G16H10/60,G01N33/48@N,G01N33/48@Z,G16H10/40,G16H15/00","特開2022-067544","","","","","https://www.j-platpat.inpit.go.jp/c1800/PU/JP-2022-067544/937DFE924141241C96AEFD02B99466CD5597F6B1FBE7F07DB7388EDC06351B4C/11/ja"
"特開2022-067527","特願2020-176270","2020/10/20","2022/05/06","ポートフォリオ管理システム、ポートフォリオ管理装置およびポートフォリオ管理方法","山上　洋平","G06Q40/06","特開2022-067527","","","","","https://www.j-platpat.inpit.go.jp/c1800/PU/JP-2022-067527/F99AC4EAE3DC5E7D08FB579BBAE8485E28944D2247643D21ED508BA948635212/11/ja"
"特開2022-067144","特願2020-175699","2020/10/20","2022/05/06","画像管理システム、管理サーバ、プログラム、および提出物の評価方法","大日本印刷株式会社","G06Q50/20","特開2022-067144","","","","","https://www.j-platpat.inpit.go.jp/c1800/PU/JP-2022-067144/D9EDFD79AE6B7BD487A88860DC8C310411685AA0F82278599B1B092353DF2023/11/ja"
"特許7199610","特願2022-552129","2020/10/29","2022/05/05","セキュリティ対策支援装置、セキュリティ対策支援方法、及びプログラム","三菱電機株式会社","G06Q40/08","WO2022/091289","","特許7199610","","","https://www.j-platpat.inpit.go.jp/c1800/PU/JP-7199610/AF0516D265BB34E3663DCE7740FC30256CADB0A599C3A009C1C5D4C84F1BB72B/15/ja"
"特表2023-503781","特願2022-519681","2021/08/17","2022/05/05","眼底画像認識方法及び装置並びに設備","北京至真互聯網技術有限公司","A61B3/14,G06T7/00,350@C,G06V10/82","特表2023-503781","","","","","https://www.j-platpat.inpit.go.jp/c1800/PU/JP-2023-503781/653F9FDA85EBD0C7C2F4EDCEC3B4E3BC77C800A6FA1CB1EAA594236B4AD80789/11/ja"
"特表2023-503750","特願2021-566028","2021/04/08","2022/05/05","ロボットの位置決め方法及び装置、機器、記憶媒体","ベイジン・センスタイム・テクノロジー・デベロップメント・カンパニー・リミテッド","G06T7/20,100","特表2023-503750","","","","","https://www.j-platpat.inpit.go.jp/c1800/PU/JP-2023-503750/B2B7A15D7AC598AE88F994006AADEB3E97343AE84AD8EF16A250ECE0834B32FF/11/ja"
"特表2023-503748","特願2021-564386","2021/08/31","2022/05/05","仮想キーの位置調整方法及び装置、並びコンピュータ装置及びプログラム","テンセント・テクノロジー・（シェンジェン）・カンパニー・リミテッド","G06F3/04886,A63F13/426,A63F13/2145,A63F13/53,A63F13/52","特表2023-503748","","","","","https://www.j-platpat.inpit.go.jp/c1800/PU/JP-2023-503748/DD0D359F8D1841353A94788570225781C7BAF086BF9027241A4D30A6B0B1CE21/11/ja"
"特表2023-502863","特願2022-524182","2020/12/04","2022/05/05","画像の増分クラスタリング方法及び装置、電子機器、記憶媒体並びにプログラム製品","浙江商▲湯▼科技▲開▼▲発▼有限公司","G06V10/762","特表2023-502863","","","","","https://www.j-platpat.inpit.go.jp/c1800/PU/JP-2023-502863/45135AFA79CB78C020F7EDBC42593E478E4FE759432ADC4DEA928635BA0705B9/11/ja"
"特表2023-502827","特願2022-505247","2021/01/20","2022/05/05","地理知識取得方法","南京師範大学","G06F16/29,G06F16/28,G06N5/02,120","特表2023-502827","","","","","https://www.j-platpat.inpit.go.jp/c1800/PU/JP-2023-502827/1E55D7CBD4A33196F012422D3300884040270999BC2232C991CDC9F21E23A71C/11/ja"
"特表2023-502813","特願2021-576590","2021/03/04","2022/05/05","モデル訓練方法、画像処理及びレジストレーション方法、装置、デバイス、媒体","上▲海▼商▲湯▼智能科技有限公司","G06T7/00,350@C,A61B6/03,360@Z,A61B6/03,377","特表2023-502813","","","","","https://www.j-platpat.inpit.go.jp/c1800/PU/JP-2023-502813/1E4201D7583FB47E189EF4FAB164D01BC35A953A2AF9F030889BF2DCDFEDFF49/11/ja"
"特許7062107","特願2021-018872","2021/02/09","2022/05/02","自己定義ネットワークのカバレッジを最適化する基地局及び方法","財團法人工業技術研究院","H04W16/18,H04W24/10,H04W92/20,H04W24/02","特開2022-096573","","特許7062107","","","https://www.j-platpat.inpit.go.jp/c1800/PU/JP-7062107/0536C3045075772BDA9D3B6330F20DFECCEE33F16F325C9891879FA348817F35/15/ja"
"特許7061778","特願2020-204242","2020/12/09","2022/05/02","ファッション提供装置及びプログラム","株式会社ＴＯＥ　ＴＨＥ　ＬＩＮＥ","G06Q30/06,350,G06Q50/10,G06Q30/02,320,G06Q50/14,G06Q30/06,330,G06Q30/0207,G06Q30/0601,330,G06Q30/0645","特開2022-091417","","特許7061778","","","https://www.j-platpat.inpit.go.jp/c1800/PU/JP-7061778/054736CBD73F3CC89E9D8201DBD98728444A5071CB3EA2A8AC9F16052696813F/15/ja"
"特開2022-067115","特願2022-031143","2022/03/01","2022/05/02","プログラム、情報処理方法及び情報処理装置","株式会社Ｍｉｚｋａｎ　Ｈｏｌｄｉｎｇｓ","G16H20/60,G06Q30/06","特開2022-067115","","","","","https://www.j-platpat.inpit.go.jp/c1800/PU/JP-2022-067115/B4ECC9221086533C6AD29020F09F9FB7A5B47ADAB60A05F032B8517B06B5530D/11/ja"
"特開2022-067095","特願2021-178828","2021/11/01","2022/05/02","建物修理方法推定プログラム","ＡＳＳＥＳＴ株式会社","G06Q50/16,300,G06Q50/08","特開2022-067095","","","","","https://www.j-platpat.inpit.go.jp/c1800/PU/JP-2022-067095/4B0460E82B1B90BBF89DF9BD4D71640F213CE080EA6932452290464917C6C892/11/ja"
"特開2022-067051","特願2021-111649","2021/07/05","2022/05/02","建物修理期間推定プログラム","ＡＳＳＥＳＴ株式会社","G06Q50/16,G06Q10/04","特開2022-067051","","","","","https://www.j-platpat.inpit.go.jp/c1800/PU/JP-2022-067051/47126B7DD89A55C1BE330B7336887C3A90DD23EC87106AFB44FBFD3A095B5C90/11/ja"
"特開2022-067050","特願2021-111648","2021/07/05","2022/05/02","建物修理費推定プログラム","ＡＳＳＥＳＴ株式会社","G06Q50/16,300","特開2022-067050","","","","","https://www.j-platpat.inpit.go.jp/c1800/PU/JP-2022-067050/4031F45083E110E56241E2BB07EAF86A604645251956ED29579330B6FE1E34B7/11/ja"
"特開2022-067049","特願2021-111647","2021/07/05","2022/05/02","不動産取引価格提案プログラム及びシステム","ＡＳＳＥＳＴ株式会社","G06Q50/16","特開2022-067049","","","","","https://www.j-platpat.inpit.go.jp/c1800/PU/JP-2022-067049/51836F7DEE94D9703FD7A9A3D082C74F6725A5181E428FC8C5CF1A7F777E1426/11/ja"
"特開2022-067014","特願2020-175693","2020/10/19","2022/05/02","預託品の輸送および保管システム","佐藤　恒","G06Q50/10,G06Q10/08","特開2022-067014","","","","","https://www.j-platpat.inpit.go.jp/c1800/PU/JP-2022-067014/002031B606FB882ADA5E38948A1C8A9240423EFEE643D60AE65B3A2C6F3D74FD/11/ja"
"特開2022-066998","特願2020-175660","2020/10/19","2022/05/02","ディープラーニング等による物体検知システム、及び、これを用いたゴミ収集車","株式会社パル技研,極東開発工業株式会社","G06T7/70@Z,G06T7/00,660@B,G06T7/246,H04N7/18@D,B65F3/00@L","特開2022-066998","","","","","https://www.j-platpat.inpit.go.jp/c1800/PU/JP-2022-066998/D0E8F49AB7A4CC6B0966B0A17F0454A1B1BEF80A293328EB6EE69A653A1A98DA/11/ja"
"特開2022-066936","特願2020-175556","2020/10/19","2022/05/02","判定装置、自律移動型装置、判定方法及びプログラム","旭化成ホームズ株式会社","A61B10/00@H,A61B5/11,230,G10L15/00,200@Z,G10L15/10,500@T,G16H10/00","特開2022-066936","","","","","https://www.j-platpat.inpit.go.jp/c1800/PU/JP-2022-066936/AB58325634F26E66C772D547DDC63B2CCAC06F84046A57B8CA6346948F392F63/11/ja"
"特開2022-066717","特願2020-175223","2020/10/19","2022/05/02","鳥類忌避装置","新生電子株式会社","A01M29/16,A01M29/10,H02G7/00,G06T7/00,350@B","特開2022-066717","","特許7166655","","","https://www.j-platpat.inpit.go.jp/c1800/PU/JP-2022-066717/38A07C4CCC98A959413941B455FCB548766812ECF3107D2C3C1E917892C674E6/11/ja"
"特開2022-066713","特願2020-175215","2020/10/19","2022/05/02","空き家取引価格提案プログラム","ＡＳＳＥＳＴ株式会社","G06Q50/16","特開2022-066713","","","","","https://www.j-platpat.inpit.go.jp/c1800/PU/JP-2022-066713/87EFD3CBBDAAD9D54A7A002709C17F2EE3A7CDF4AAD93875462C85015A900C74/11/ja"
"特開2022-066712","特願2020-175214","2020/10/19","2022/05/02","不動産騰落率予測プログラム及びシステム","ＡＳＳＥＳＴ株式会社","G06Q50/16,G06Q10/04","特開2022-066712","","","","","https://www.j-platpat.inpit.go.jp/c1800/PU/JP-2022-066712/9E6009D9900FE457A3C27FE79AC697EE0BC6FC44CF38FA69FD4D245E122EE124/11/ja"
