﻿"文献番号","出願番号","出願日","公知日","発明の名称","出願人/権利者","FI","公開番号","公告番号","登録番号","審判番号","その他","文献URL"
"特開2022-192037","特願2022-096442","2022/06/15","2022/12/28","印刷機を用いて印刷ジョブを印刷するための方法","ハイデルベルガー　ドルツクマシーネン　アクチエンゲゼルシヤフト","B41F33/00,280","特開2022-192037","","","","","https://www.j-platpat.inpit.go.jp/c1800/PU/JP-2022-192037/57BD75D2F9637C52586C9BF247AA195CCDC6253F6B91E232E0C3844DBCC86F2C/11/ja"
"特開2022-191572","特願2021-099864","2021/06/16","2022/12/28","電子顕微鏡および電子顕微鏡システム","ＮａｎｏＳｕｉｔ株式会社","H01J37/18,H01J37/28@B,H01J37/16,H01J37/20@D,G01N23/2251,G01N23/2204,G01N23/203","特開2022-191572","","","","","https://www.j-platpat.inpit.go.jp/c1800/PU/JP-2022-191572/344A92978BAEB79FB24DC8DADAA5217C60F37B9FD0DEA41A25A390F324D1FDCE/11/ja"
"特許7196982","特願2021-171235","2021/10/19","2022/12/27","在庫管理方法、プログラム及び在庫管理装置","カシオ計算機株式会社","G06Q10/08,330,G05B19/418@Z,G06Q30/06,320,G06Q10/087","","","特許7196982","","","https://www.j-platpat.inpit.go.jp/c1800/PU/JP-7196982/1A57532725AFE75AB27A0E24E69F4FB6DD795A3316AF3D3507A431C4130EEA9A/15/ja"
"特開2022-191516","特願2022-172935","2022/10/28","2022/12/27","車両ＥＣＵソフトウェアのためのソフトウェアデルタ更新の構築およびツールチェーンに基づく異常検出","オーロラ　ラブズ　リミテッド","G06F8/658","特開2022-191516","","","","","https://www.j-platpat.inpit.go.jp/c1800/PU/JP-2022-191516/B96505AB18B4E676B85F94114EF2FCC74B3C7FA7A58699C725526E0BF3F2C877/11/ja"
"特開2022-191470","特願2022-169573","2022/10/24","2022/12/27","モデルトレーニング、文字認識方法、装置、機器及び記憶媒体","ベイジン　バイドゥ　ネットコム　サイエンス　テクノロジー　カンパニー　リミテッド","G06V30/194,G06V10/70,G06T7/00,350@B","特開2022-191470","","","","","https://www.j-platpat.inpit.go.jp/c1800/PU/JP-2022-191470/A2D214DCF32B22358ECE1F4001340618F8A73CB0A1AF75B86ACCD3FDF26B526E/11/ja"
"特開2022-191456","特願2022-168843","2022/10/21","2022/12/27","遊技用代用貨幣の管理システム","エンゼルグループ株式会社","A63F1/06@Z,B42D25/29","特開2022-191456","","","","","https://www.j-platpat.inpit.go.jp/c1800/PU/JP-2022-191456/75351D971A18C8A8E916AB8DB9BF6DD50021F1D8E0C396FE03DE1745E3E8575C/11/ja"
"特開2022-191435","特願2022-167594","2022/10/19","2022/12/27","人の色覚を改善する光学素子","ヒュー　エーアイ　エルエルシー","G02B5/22,G02C7/00,G02B1/14,G02B1/18,G02B1/11,G02B5/08@A","特開2022-191435","","","","","https://www.j-platpat.inpit.go.jp/c1800/PU/JP-2022-191435/5C16369BB519A4CB037F77B28EE13EB408BC605BBC27FCD7251C93AD1DEDDB32/11/ja"
"特開2022-191412","特願2022-165363","2022/10/14","2022/12/27","マルチターゲット画像テキストマッチングモデルのトレーニング方法、画像テキスト検索方法と装置","ベイジン　バイドゥ　ネットコム　サイエンス　テクノロジー　カンパニー　リミテッド","G06V10/82,G06T7/00,350@C,G06F16/532","特開2022-191412","","","","","https://www.j-platpat.inpit.go.jp/c1800/PU/JP-2022-191412/D87C2724C09A0BC7293AE9819CC99F80A8AA4F4EDCF86B7175D2676A0C062105/11/ja"
"特開2022-191384","特願2022-164229","2022/10/12","2022/12/27","情報処理システム","ＴＯＴＯ株式会社","G01N33/483@C,E03D9/00@Z,A47K13/24,G01N33/48@Z","特開2022-191384","","","","","https://www.j-platpat.inpit.go.jp/c1800/PU/JP-2022-191384/17FDCB5AB74CFF75C09A1D63EA7AD90CA75CB6A2366678ADC4C83EE33218CEE0/11/ja"
"特開2022-191381","特願2022-164011","2022/10/12","2022/12/27","無線通信の方法および装置","インテル　コーポレイション","H04W24/02,H04W84/00,110,H04W16/26,H04W8/08,H04W64/00,150","特開2022-191381","","","","","https://www.j-platpat.inpit.go.jp/c1800/PU/JP-2022-191381/6C3D5A8223211946FC85462CB459E18290CF1482376E70C91604E30AB5562CC6/11/ja"
"特開2022-191361","特願2022-163094","2022/10/11","2022/12/27","シングマシン","ノースラップ，チャールズ","G06F8/30","特開2022-191361","","","","","https://www.j-platpat.inpit.go.jp/c1800/PU/JP-2022-191361/883FF380F51CD7FC01BC0B8F0CA048CF7B66C39EDF37A55FE656BE3A0CB65551/11/ja"
"特開2022-191336","特願2022-160997","2022/10/05","2022/12/27","記憶の協調的回想の適応提示のためのキュー・データ・モデルの実装","キューバック・テクノロジー，インコーポレーテッド","G06Q50/00,300,G06F3/0484","特開2022-191336","","","","","https://www.j-platpat.inpit.go.jp/c1800/PU/JP-2022-191336/5B2ABC4996C977B6CF98D6301893778D2CA92B4E978B9320756F8A0CC2D36B6C/11/ja"
"特開2022-191330","特願2022-160366","2022/10/04","2022/12/27","仮想環境におけるアクセサリー選択方法及びその装置、機器並びにコンピュータプログラム","▲騰▼▲訊▼科技（深▲セン▼）有限公司","A63F13/53,A63F13/533,A63F13/837,A63F13/525,A63F13/2145,A63F13/426,G06F3/04842,G06F3/0488","特開2022-191330","","","","","https://www.j-platpat.inpit.go.jp/c1800/PU/JP-2022-191330/1DA83BBE9EC5BCF7B18783C573469D60D023B8B2F718277AD50991F3F54F1E33/11/ja"
"特開2022-191313","特願2022-157574","2022/09/30","2022/12/27","双方向性拡張または仮想現実装置","ヴイアールジニアズ　インコーポレイテッド","H04N13/344,H04N13/327,H04N13/239,H04N13/383,G09G5/00,510@A,G09G5/00,510@V,G09G5/00,550@C,G09G5/00,555@D,G02B27/02@Z","特開2022-191313","","","","","https://www.j-platpat.inpit.go.jp/c1800/PU/JP-2022-191313/51F78D49E398583AA85C761AE6D06DF4B770B1ED6E2B4743AE1266E3E48ECAEC/11/ja"
"特開2022-191300","特願2022-155279","2022/09/28","2022/12/27","遊技場における不正検知システム","エンゼルグループ株式会社","A63F1/06@Z,G06T7/00,300@F,G06T7/00,350@B,G06Q50/34","特開2022-191300","","","","","https://www.j-platpat.inpit.go.jp/c1800/PU/JP-2022-191300/089C033660088C345E662609ADB1C3B707AD6AB64E2D7F9669B7B8724DA4600E/11/ja"
"特開2022-191299","特願2022-155276","2022/09/28","2022/12/27","遊技場における不正検知システム","エンゼルグループ株式会社","A63F1/06@Z,G06T7/00,350@B,G06T7/00,300@F,G06Q50/34","特開2022-191299","","","","","https://www.j-platpat.inpit.go.jp/c1800/PU/JP-2022-191299/7325A7A8EAF8ED1543D29E8A0A159A74C5D28604ACA88F5F9981E517031B52DD/11/ja"
"特開2022-191286","特願2022-154421","2022/09/28","2022/12/27","情報処理システム、情報処理方法、情報処理プログラム","グリー株式会社","G06T19/00,300@A,A63F13/52,A63F13/79,A63F13/85","特開2022-191286","","","","","https://www.j-platpat.inpit.go.jp/c1800/PU/JP-2022-191286/296548AF16F5372D390373929C6B61E7BFA4DD16DD015E1A0AB9A21A3D8D9049/11/ja"
"特開2022-191230","特願2022-145758","2022/09/14","2022/12/27","遊技用代用貨幣トレイ、テーブルゲームの管理システム、遊技用代用貨幣トレイシステム、及び遊技用代用貨幣管理方法","エンゼルグループ株式会社","A63F13/80@F,A63F9/00,512@C,A63F9/00,512@Z,A63F9/00,513,A63F11/00@Z,G06Q50/34,G06Q20/06,G06K7/10,264,G06K19/04,070,G06K19/077,200,G07D9/00,481@A","特開2022-191230","","","","","https://www.j-platpat.inpit.go.jp/c1800/PU/JP-2022-191230/BBEA0B12C70FD346CE67632D9BDB74D41ED25F63F70D16235B37054E1604F601/11/ja"
"特開2022-191188","特願2022-094548","2022/06/10","2022/12/27","予測システムを訓練するためのシステムと方法","トヨタ自動車株式会社","G06T7/00,350@C,G06T7/50,G06N3/08,180","特開2022-191188","","","","","https://www.j-platpat.inpit.go.jp/c1800/PU/JP-2022-191188/8B59C6363A419E0D8EAA83D6D21B911F0E6D0D1AAE9D62E5DD3600426DB43F10/11/ja"
"特開2022-191169","特願2022-089572","2022/06/01","2022/12/27","ニューラル・ネットワーク経路計画","エヌビディア　コーポレーション","G06T7/00,350@C,G06T7/00,650@Z,G06V10/82,G06N3/02,G01C21/34,G01C21/26@P,G08G1/005","特開2022-191169","","","","","https://www.j-platpat.inpit.go.jp/c1800/PU/JP-2022-191169/F2DF198C3204F117FD3906F19BB64CB3F52C388E7F8993060C8F81FCBF73DF6B/11/ja"
"特開2022-191163","特願2022-081348","2022/05/18","2022/12/27","レジスト材料及びパターン形成方法","信越化学工業株式会社","G03F7/004,503@A,G03F7/039,601,G03F7/038,601,G03F7/004,501,G03F7/20,521","特開2022-191163","","","","","https://www.j-platpat.inpit.go.jp/c1800/PU/JP-2022-191163/CE686D819B6DEB9D04DED7FDC41093403DBBFE4B6A6AAE395BAF20DD76C28D85/11/ja"
"特開2022-190983","特願2021-099554","2021/06/15","2022/12/27","ワーク検査装置およびワーク検査方法","トヨタ車体株式会社,日本テクニカルサービス株式会社","G01N21/88@Z","特開2022-190983","","","","","https://www.j-platpat.inpit.go.jp/c1800/PU/JP-2022-190983/AC9C21177783A510517FAB75F66D2D976660DE03715925C8988B2AEBB329847F/11/ja"
"特開2022-190896","特願2021-099407","2021/06/15","2022/12/27","予測システム","東芝ライテック株式会社","G06Q10/04,G06Q30/06","特開2022-190896","","","","","https://www.j-platpat.inpit.go.jp/c1800/PU/JP-2022-190896/942B7C786204F92615F7F4A1C7B60F3672C5CAEA1D7B1A3084842E05FEF0E8C9/11/ja"
"特開2022-190831","特願2021-099288","2021/06/15","2022/12/27","基板洗浄装置、基板処理装置、ブレークイン装置、基板に付着する微粒子数の推定方法、基板洗浄部材の汚染度合い判定方法およびブレークイン処理の判定方法","株式会社荏原製作所","H01L21/304,648@G,H01L21/304,644@C,H01L21/304,644@Z","特開2022-190831","","","","","https://www.j-platpat.inpit.go.jp/c1800/PU/JP-2022-190831/76F078F32B6D5EEA5CAF7674D2F742357B2258CBA1790132062FADE5051AA02E/11/ja"
"特開2022-190733","特願2021-099128","2021/06/15","2022/12/27","医用情報処理装置、医用情報処理方法、およびプログラム","キヤノンメディカルシステムズ株式会社","A61B6/03,360@D,A61B6/03,375,G06T7/00,612","特開2022-190733","","","","","https://www.j-platpat.inpit.go.jp/c1800/PU/JP-2022-190733/D702C91E742EA89F3EA1C661FBF5D8EB4EA4BF3B5A3BBCCDF21320EFB8E4FB1D/11/ja"
"特許7196357","特願2022-142973","2022/09/08","2022/12/26","自動炉壁清掃システム","三菱重工環境・化学エンジニアリング株式会社","F23J1/00@Z,B08B5/00@A,B08B7/02,F23J3/00@Z,F23J3/02@A","","","特許7196357","","","https://www.j-platpat.inpit.go.jp/c1800/PU/JP-7196357/29D3996CFF2FE5362D00487E64CCA6D28AA31AF3FE874583846C44BBB61A7C42/15/ja"
"特許7196355","特願2022-130237","2022/08/17","2022/12/26","遠隔制御装置、遠隔制御プログラム、及び遠隔制御方法","東京瓦斯株式会社","F24F11/63,F24F11/89,F24F11/56,F24F11/46,F24F11/80,F24F110:10,F24F110:12,F24F110:20,F24F140:60,F24F120:10","","","特許7196355","","","https://www.j-platpat.inpit.go.jp/c1800/PU/JP-7196355/B4BEC72B1CE47C48AC7F37BBEEB8DC8C37BE55B8A41F08950159810D37DA3052/15/ja"
"特許7195681","特願2022-143698","2022/09/09","2022/12/26","鉄筋納入支援システム、及び、鉄筋納入支援方法","株式会社ベクトル・ジャパン","G06Q50/08,G06F30/13","","","特許7195681","","","https://www.j-platpat.inpit.go.jp/c1800/PU/JP-7195681/6F3C3CC2F83DC1F2E8B33706FEB0EC90A8AEDFC7EB7402AA616B6F8D6209ECFC/15/ja"
"特許7195558","特願2022-049403","2022/03/25","2022/12/26","プログラム、サーバ、システム及び方法","ＡＩ　ｉｎｓｉｄｅ株式会社","G06F9/50,150@A,G06F9/50,150@E","","","特許7195558","","","https://www.j-platpat.inpit.go.jp/c1800/PU/JP-7195558/4E8D8CF1A573FDF1A57B416DC6B6F3832CF1F71B3D9AC26022F9F6C990288BDD/15/ja"
"特開2022-190646","特願2021-167137","2021/10/12","2022/12/26","自律マシン・アプリケーションのための複数の周波数範囲にわたる電圧監視","エヌビディア　コーポレーション","G06F1/28,B60W60/00,B60W50/02,H02J1/00,309@V,H02J1/00,309@U,B60R16/03@S,B60R16/02,660@M,G06F1/30,305,B60R16/03@Z","特開2022-190646","","","","","https://www.j-platpat.inpit.go.jp/c1800/PU/JP-2022-190646/6571CCB8E027FF369531C6BA9680981189D0C2E41BF772304BE0A58E848EDA70/11/ja"
"特開2022-190547","特願2021-098918","2021/06/14","2022/12/26","音声対話装置、音声対話方法","キヤノン株式会社","G10L15/22,300@Z,G10L13/00,100@M,G06F3/16,610,G06F3/16,650,G06F3/16,690,G06F3/16,620","特開2022-190547","","","","","https://www.j-platpat.inpit.go.jp/c1800/PU/JP-2022-190547/E3DE60B735DC156B0DDCC091D93FBC322DD0980005B370FD45163AB092A320DC/11/ja"
"特開2022-190186","特願2022-174722","2022/10/31","2022/12/23","植物病害防除組成物及び植物病害の防除方法","住友化学株式会社","A01N43/58@A,A01P3/00,A01C1/08","特開2022-190186","","","","","https://www.j-platpat.inpit.go.jp/c1800/PU/JP-2022-190186/CCF29C2F3BD701BAA3AB446F698DE43B4F04705F3C95E65744804273877BBB22/11/ja"
"特開2022-190181","特願2021-098380","2021/06/13","2022/12/23","作業療法支援装置、作業療法支援装置のための人工知能学習装置、作業療法支援方法、作業療法支援装置のための人工知能学習方法、作業療法支援プログラム、及び人工知能学習プログラム","Ｒｅｈａｂｉｌｉｔａｔｉｏｎ３．０株式会社,株式会社ＮＴＴドコモ","G16H10/00,A61B5/00,102@A,A61H1/02@Z,G16H20/00","特開2022-190181","","","","","https://www.j-platpat.inpit.go.jp/c1800/PU/JP-2022-190181/B138EC35B59C56676E6B4A6AF7C84A8F146D4EDA9848632D1829FE72B94036E9/11/ja"
"特開2022-189963","特願2022-174606","2022/10/31","2022/12/22","眼科装置","株式会社トプコン","A61B3/10,100,A61B3/107","特開2022-189963","","","","","https://www.j-platpat.inpit.go.jp/c1800/PU/JP-2022-189963/2EA33843F9C080ED4A8FB5BE6786733D351444572AC51CDD135686517B54CC8D/11/ja"
"特開2022-189956","特願2022-174375","2022/10/31","2022/12/22","量子コンピュータの性能特徴付け方法、装置、電子機器、及び媒体","ベイジン　バイドゥ　ネットコム　サイエンス　テクノロジー　カンパニー　リミテッド","G06N10/20","特開2022-189956","","","","","https://www.j-platpat.inpit.go.jp/c1800/PU/JP-2022-189956/5355D343812EA2B2D1253CBC2143E294A950B5EDDC16AE720A6CE34FB0C37AD2/11/ja"
"特開2022-189904","特願2022-168570","2022/10/20","2022/12/22","車載機器等","株式会社ユピテル","G08G1/09@F,G08G1/00@D,G07C5/00@Z","特開2022-189904","","","","","https://www.j-platpat.inpit.go.jp/c1800/PU/JP-2022-189904/B99A3F9DB9A25D3992BE0F04ED1DD1AEF388C0D5EDDC83BEE70D1E1DED591D37/11/ja"
"特開2022-189902","特願2022-168273","2022/10/20","2022/12/22","グラフィック処理のためのアセット認識コンピューティングアーキテクチャ","ソニー・インタラクティブエンタテインメント　エルエルシー","G06T15/00,501,A63F13/52","特開2022-189902","","","","","https://www.j-platpat.inpit.go.jp/c1800/PU/JP-2022-189902/FCE0E7D4A373636947313BD4668CE30C477116DF92BD922A4BFE2A3E9A8F64ED/11/ja"
"特開2022-189877","特願2022-166728","2022/10/18","2022/12/22","ＲＰＡ保守支援装置","株式会社日本総合研究所","G06Q10/00,300,G06F8/65","特開2022-189877","","","","","https://www.j-platpat.inpit.go.jp/c1800/PU/JP-2022-189877/49D9E02ED222E39B8C850A290166302BB94C6B4588B1D4548466AE0A533B3E4A/11/ja"
"特開2022-189837","特願2022-160757","2022/10/05","2022/12/22","音方向探知センサー","三星電子株式会社","G01S3/803,G01H3/00@Z,H04R17/10","特開2022-189837","","","","","https://www.j-platpat.inpit.go.jp/c1800/PU/JP-2022-189837/3FEF4E16837F14CB6A39724C9D78B99B5C92BE49E9F7D7BF7ACB02A23525E674/11/ja"
"特開2022-189820","特願2022-094512","2022/06/10","2022/12/22","インビトロ診断実験室においてインビトロ診断用容器を取り扱うための自動化された方法","エフ　ホフマン－ラ　ロッシュ　アクチェン　ゲゼルシャフト","G01N35/02@C,G01N35/00@A","特開2022-189820","","","","","https://www.j-platpat.inpit.go.jp/c1800/PU/JP-2022-189820/834E6E79D5AB03B7A354E44677A3C813A392E07BC5355171C41BAE2B82E8CC58/11/ja"
"特開2022-189805","特願2022-094053","2022/06/10","2022/12/22","コンピュータ実装方法、情報処理システム、コンピュータプログラム（ＩＴ環境向けのアノマリ検出ドメインにおけるパフォーマンスモニタリング）","インターナショナル・ビジネス・マシーンズ・コーポレーション","G06F11/07,151,G06F16/903","特開2022-189805","","","","","https://www.j-platpat.inpit.go.jp/c1800/PU/JP-2022-189805/ABF9A38A6DD923AE3DE565F29F9C6B2F9B741BCBAFA9AC51E2980FB5521F1B83/11/ja"
"特開2022-189744","特願2022-083552","2022/05/23","2022/12/22","ブロックチェーンシステム起動方法、装置、機器および記憶媒体","ベイジン　バイドゥ　ネットコム　サイエンス　テクノロジー　カンパニー　リミテッド","G06F9/445","特開2022-189744","","特許7217376","","","https://www.j-platpat.inpit.go.jp/c1800/PU/JP-2022-189744/E0E2452A237B555072250639F8EF03A66E8366BD5C0E551D7CD70AB8DC975ED4/11/ja"
"特開2022-189593","特願2021-098253","2021/06/11","2022/12/22","情報処理装置、マッチングシステム、マッチング方法、及びプログラム","Ｃｏ－Ｓｔｕｄｉｏ株式会社","G06Q10/06,302,G06Q10/0631","特開2022-189593","","","","","https://www.j-platpat.inpit.go.jp/c1800/PU/JP-2022-189593/459BCDDBD38EA7DE9BABAB308DF1402D3C1F116438E31769626C96B4458BEFC9/11/ja"
"特開2022-189524","特願2021-098146","2021/06/11","2022/12/22","ワークの両面研磨方法及びワークの両面研磨装置","株式会社ＳＵＭＣＯ","B24B37/005@B,B24B37/08,B24B49/10,H01L21/304,621@A","特開2022-189524","","","","","https://www.j-platpat.inpit.go.jp/c1800/PU/JP-2022-189524/EF336926E8AB1FD8AD2BFB6DA24D0693D54BC29309E5C75C60462E6ED1C9E014/11/ja"
"特開2022-189513","特願2021-098130","2021/06/11","2022/12/22","選択支援装置、選択支援方法、記憶媒体及びプログラム","本田技研工業株式会社","G06Q50/02","特開2022-189513","","","","","https://www.j-platpat.inpit.go.jp/c1800/PU/JP-2022-189513/DCF9A50CD02C1539922A4E3B5EA0BC54C8E02B638F940C4A2C38D235A9242054/11/ja"
"特開2022-189502","特願2021-098113","2021/06/11","2022/12/22","情報処理装置、情報処理方法および情報処理プログラム","富士通株式会社","G06Q50/22,G06Q10/04,G06N20/00,G06N5/02,150,G06N5/022,G06N5/025","特開2022-189502","","","","","https://www.j-platpat.inpit.go.jp/c1800/PU/JP-2022-189502/FBA2A6C4561FD28A1F2DDC88124D5486208C62D3AA9D5A2208EA0AF3678D7BE3/11/ja"
"特開2022-189462","特願2021-098047","2021/06/11","2022/12/22","ＡＩ品質監視システム","株式会社日立ソリューションズ","G06N20/00","特開2022-189462","","","","","https://www.j-platpat.inpit.go.jp/c1800/PU/JP-2022-189462/2C9157BDEE14B0846BEE3FEC0E6AA1AFC57D5F18433E9840A922EAA6A3D61372/11/ja"
"特開2022-189449","特願2021-098026","2021/06/11","2022/12/22","情報処理装置及び情報処理システム","大日本印刷株式会社","G06Q50/10","特開2022-189449","","","","","https://www.j-platpat.inpit.go.jp/c1800/PU/JP-2022-189449/F17EA54BBAB75852F6D3927335B89C30824E1C31B30786189CF1EFEC153DEAA1/11/ja"
"特開2022-189402","特願2021-097958","2021/06/11","2022/12/22","災害発生予測装置及び災害発生予測プログラム","株式会社竹中工務店","G06Q10/04,G06Q50/08","特開2022-189402","","","","","https://www.j-platpat.inpit.go.jp/c1800/PU/JP-2022-189402/7A5280DD0B3CF311EC18A5847BCC8704F291B3F1136D32346E7E1A05C6494377/11/ja"
"特開2022-189237","特願2021-097719","2021/06/11","2022/12/22","問合せ対応システム","株式会社野村総合研究所","G06Q50/10,G09B5/00,G06F13/00,650@B,H04L51/04,H04L67/00","特開2022-189237","","","","","https://www.j-platpat.inpit.go.jp/c1800/PU/JP-2022-189237/713A40219314A0665824C6327718E9492A49C3BD555C3C49714541A454FF637A/11/ja"
"特開2022-189127","特願2021-097519","2021/06/10","2022/12/22","情報処理装置、情報処理方法、及び情報処理プログラム","ヤフー株式会社","G06F16/906","特開2022-189127","","","","","https://www.j-platpat.inpit.go.jp/c1800/PU/JP-2022-189127/5EA14D8C9BE01CF8DB50BAB99A69F75ACF7C55EBC1BD331211F4640B3C6A7255/11/ja"
"特開2022-188966","特願2021-097277","2021/06/10","2022/12/22","情報処理装置及び情報処理方法","中国電力株式会社","G06Q50/06","特開2022-188966","","","","","https://www.j-platpat.inpit.go.jp/c1800/PU/JP-2022-188966/C0D320BE7833916EF743F573EC6DA1C0DDD3E5A1CC16A44709F43AE7EC36C345/11/ja"
"特許7194303","特願2022-097392","2022/06/16","2022/12/21","ディオファントス方程式及び人工知能が関与する暗号、復号、及び鍵生成の装置並びに方法","エアーズ　インベストメント　ホールディングス　プライベート　リミテッド","G09C1/00,610@Z","","","特許7194303","","","https://www.j-platpat.inpit.go.jp/c1800/PU/JP-7194303/3BD352DEA83B9AB4AB8F7091AD33F9EECCA2BBB9A4B179D1F1E08C96520CD08A/15/ja"
"特許7193824","特願2022-099566","2022/06/21","2022/12/21","森林計測用ドローン、ドローンシステム、及び、プログラム","株式会社アドイン研究所","G01C5/00@Z,G01S17/88,G01S17/10","","","特許7193824","","","https://www.j-platpat.inpit.go.jp/c1800/PU/JP-7193824/7240CC9AB85B88C066B37BEE4170DA7888D2E4BC312957A5E8CACAD74B967412/15/ja"
"特開2022-188750","特願2022-081054","2022/05/17","2022/12/21","画像処理装置、画像処理方法及び非一時的コンピュータ可読記憶媒体","キヤノンメディカルシステムズ株式会社","A61B6/03,360@Z,A61B6/03,360@T,G06T3/40,725,G06T1/00,290","特開2022-188750","","","","","https://www.j-platpat.inpit.go.jp/c1800/PU/JP-2022-188750/70804201CEEBA5956FA525F4B33ECA50985244FDC9BABEBE68556046852A7867/11/ja"
"特開2022-188706","特願2021-096953","2021/06/09","2022/12/21","人力駆動車用の制御装置","株式会社シマノ","B62M25/08,B62M6/45","特開2022-188706","","","","","https://www.j-platpat.inpit.go.jp/c1800/PU/JP-2022-188706/E6B877E2062E85ACE39B826E6479D272C7CFDAC1B30E9FA1A743F21A0A9ED428/11/ja"
"特開2022-188705","特願2021-096951","2021/06/09","2022/12/21","人力駆動車用の制御装置","株式会社シマノ","B62M6/45,B62M25/08","特開2022-188705","","","","","https://www.j-platpat.inpit.go.jp/c1800/PU/JP-2022-188705/B0E5F97BEDA7FC731F1B8EC9516175B31C70B3E454AD764415DB00D9F5EBBDEA/11/ja"
"特開2022-188556","特願2021-096687","2021/06/09","2022/12/21","電子ゲーム提供システム、電子ゲーム提供方法及び電子ゲーム提供プログラム","株式会社　ディー・エヌ・エー","A63F13/67,A63F13/79,G06N20/00,A63F13/80@A","特開2022-188556","","","","","https://www.j-platpat.inpit.go.jp/c1800/PU/JP-2022-188556/E330B0F5E096E3C5726A08D512F160372EA678E227E3EEA37CECF94F74897152/11/ja"
"特開2022-188439","特願2021-096467","2021/06/09","2022/12/21","運送管理装置、運送管理システム及び運送管理方法","株式会社デンソーテン","G06Q10/08,306,G16Y10/40,G06Q10/0833","特開2022-188439","","","","","https://www.j-platpat.inpit.go.jp/c1800/PU/JP-2022-188439/3AC688A0E04396756F066F43DF277881BA95F9A8CC6378AC663C11E27B135F5D/11/ja"
"特開2022-188336","特願2021-096283","2021/06/09","2022/12/21","電気エネルギ発生装置及び電気エネルギ発生方法","アンドレア　ロッシ","H01J21/18,H01J21/02,H01J19/04","特開2022-188336","","","","","https://www.j-platpat.inpit.go.jp/c1800/PU/JP-2022-188336/783E23FF4D70A838474B47FC4649169279A8CA21B560CD6F873D3B4495368FA9/11/ja"
"特開2022-188275","特願2022-165572","2022/10/14","2022/12/20","量子チャンネルクラシック容量の推定方法及び装置、電子機器と媒体","ベイジン　バイドゥ　ネットコム　サイエンス　テクノロジー　カンパニー　リミテッド","H04B10/70,H04B10/07","特開2022-188275","","","","","https://www.j-platpat.inpit.go.jp/c1800/PU/JP-2022-188275/A23C3B0FA9184D4A171B6511DE9D4622F94D97803CE8531BDF82713693BEE479/11/ja"
"特開2022-188269","特願2022-165112","2022/10/14","2022/12/20","管理装置及び保管システム","本田技研工業株式会社","H01M8/04313,H01M8/04694,H01M8/04858,H01M8/043,H01M8/249,H01M8/04701,H01M8/04828,H01M8/04791,H01M8/04746","特開2022-188269","","","","","https://www.j-platpat.inpit.go.jp/c1800/PU/JP-2022-188269/FE9D0EC87765062D95B94283905907FEA1A7F1F1F1C7CB928725180B136716DC/11/ja"
"特開2022-188248","特願2022-163853","2022/10/12","2022/12/20","レストレスレッグス症候群または過活動神経治療","ノクトリックス　ヘルス　インコーポレイテッド","A61N1/36,A61N1/06","特開2022-188248","","","","","https://www.j-platpat.inpit.go.jp/c1800/PU/JP-2022-188248/EE8C007868542E5097EBFE2F540B512F9EA465DF90A8063C595AB15968F08A52/11/ja"
"特開2022-188188","特願2022-160412","2022/10/04","2022/12/20","プログラム、情報処理方法及び情報処理装置","株式会社Ｍｅｄｉｃａｌ　Ｏｐｔｆｅｌｌｏｗ","A61B5/08,A61B5/113,A61B5/22,100,A61B5/1455,A61B5/11,200,A61B5/397,A61B10/00@L,A61B7/04@A,G16H50/30","特開2022-188188","","","","","https://www.j-platpat.inpit.go.jp/c1800/PU/JP-2022-188188/2CBA42E36E4B47F00970ABA09E9335935BAE22EDACA002620BA5981A398ACE70/11/ja"
"特開2022-188158","特願2022-156455","2022/09/29","2022/12/20","拡張現実ディスプレイシステム","ビュージックス　コーポレーション","G02B27/02@Z,G02C5/00,G02C5/14,G02B5/18","特開2022-188158","","","","","https://www.j-platpat.inpit.go.jp/c1800/PU/JP-2022-188158/78E69A2F40A685A5984F5E9B7B37C6DE9185F695F0AE61107E1EBAF15A2B5873/11/ja"
"特開2022-188009","特願2022-092854","2022/06/08","2022/12/20","コンピュータ実装方法、コンピュータプログラム、コンピュータシステム（情報技術動作のための人工知能に関する確率論的事象トリアージ）","インターナショナル・ビジネス・マシーンズ・コーポレーション","G06N7/00,150,G06N20/00,G06F11/34,176,G06N7/01","特開2022-188009","","","","","https://www.j-platpat.inpit.go.jp/c1800/PU/JP-2022-188009/01177BB5C1FF7DF8FC1884C23097E84F598D61672B30C3252B9BC2B943E825F2/11/ja"
"特開2022-187999","特願2022-091431","2022/06/06","2022/12/20","クラスタ化されたコンピューティング環境内の処理を容易にするためのコンピュータプログラム、コンピュータシステムおよびコンピュータ実装方法（クラスタ化されたコンピューティング環境にわたるリソースロック所有","インターナショナル・ビジネス・マシーンズ・コーポレーション","G06F9/52,120","特開2022-187999","","","","","https://www.j-platpat.inpit.go.jp/c1800/PU/JP-2022-187999/F301D1E720185B6C3B3B78FCA3E640827D6B8C1B0AB0C24A59D2DEAC489D7ADC/11/ja"
"特開2022-187977","特願2022-064434","2022/04/08","2022/12/20","ウェイクアップテスト方法、装置、電子機器、及び読み取り可能な記憶媒体","アポロ　インテリジェント　コネクティヴィティ　（ベイジン）　テクノロジー　カンパニー　リミテッド","G10L15/01,200,G10L15/10,200@W,G10L15/20,370@D,G10L15/20,380","特開2022-187977","","","","","https://www.j-platpat.inpit.go.jp/c1800/PU/JP-2022-187977/2AF154450C6D76C93E41632595B0DCB08FE7FD9773DEC81BB2FF5B87958004F6/11/ja"
"特開2022-187923","特願2021-096179","2021/06/08","2022/12/20","工具システム、判定システム、判定方法及びプログラム","パナソニック株式会社","B25B23/14,620@G,B25B21/02@G,B25B23/14,620@C,B25B23/14,620@A,G05B19/418@Z","特開2022-187923","","","","","https://www.j-platpat.inpit.go.jp/c1800/PU/JP-2022-187923/35F96521CBDD8B6DF28F356A36C45BF85A50E3B3A8A3B1C052CE9D38DD69A9AF/11/ja"
"特開2022-187922","特願2021-096178","2021/06/08","2022/12/20","工具システム、判定システム、判定方法及びプログラム","パナソニック株式会社","B25B21/00@B,G05B19/418@Z,B25B21/02@G","特開2022-187922","","","","","https://www.j-platpat.inpit.go.jp/c1800/PU/JP-2022-187922/3EA0748CE849301F8F3A04D19682D5AF31B07B44A523D7D8F5437A8E8AA86534/11/ja"
"特開2022-187821","特願2021-096018","2021/06/08","2022/12/20","対話型意図情報抽出プログラム、装置および方法","ソフネック株式会社,株式会社電通","G06F16/90,100,G06Q10/00","特開2022-187821","","","","","https://www.j-platpat.inpit.go.jp/c1800/PU/JP-2022-187821/5298C81F00847997FFBB2DCE0D508B4C541C31908F7CA52B8330A17290DAE177/11/ja"
"特開2022-187739","特願2021-095900","2021/06/08","2022/12/20","情報処理システム、情報処理方法、プログラム","キヤノンＩＴソリューションズ株式会社,キヤノンマーケティングジャパン株式会社","G06F3/0481,G06N20/00","特開2022-187739","","","","","https://www.j-platpat.inpit.go.jp/c1800/PU/JP-2022-187739/1D2DE7547A8BC5847ECD0C277BD16DB1CE724E0CC28B6CEF8B7531601D9A1C02/11/ja"
"特開2022-187679","特願2021-095798","2021/06/08","2022/12/20","学習認識装置","株式会社日立製作所","G06N3/08,G06N3/04,154,G06N3/045,G06N3/0475,G06N3/094","特開2022-187679","","","","","https://www.j-platpat.inpit.go.jp/c1800/PU/JP-2022-187679/964EC5066FD3014E057CB13CFCC9F7E285A2E5EAF8128DE390E21F9D5621750D/11/ja"
"特開2022-187664","特願2021-095769","2021/06/08","2022/12/20","表面検査装置及びプログラム","富士フイルムビジネスイノベーション株式会社","G01N21/88@Z","特開2022-187664","","","","","https://www.j-platpat.inpit.go.jp/c1800/PU/JP-2022-187664/1F52BF15E1903DCE2269DC94A8E71ACAA398E8AC55E745CC5C97CC3DA55A18FB/11/ja"
"特開2022-187663","特願2021-095768","2021/06/08","2022/12/20","表面検査装置及びプログラム","富士フイルムビジネスイノベーション株式会社","G01N21/88@J","特開2022-187663","","","","","https://www.j-platpat.inpit.go.jp/c1800/PU/JP-2022-187663/552D462D6E3F055D4EBBB6762DD5847D61D16EDB2214A1AC4D1743078C1E8F00/11/ja"
"特開2022-187662","特願2021-095767","2021/06/08","2022/12/20","表面検査装置及びプログラム","富士フイルムビジネスイノベーション株式会社","G01N21/88@J","特開2022-187662","","","","","https://www.j-platpat.inpit.go.jp/c1800/PU/JP-2022-187662/29A9E1D3F3162B1ADA64744085379EE77B25A31BE91D96D3C3499FBA4FFAF587/11/ja"
"特開2022-187661","特願2021-095766","2021/06/08","2022/12/20","表面検査装置及びプログラム","富士フイルムビジネスイノベーション株式会社","G01N21/88@J","特開2022-187661","","","","","https://www.j-platpat.inpit.go.jp/c1800/PU/JP-2022-187661/89DC2DB20103A81D7E55EC09020A0B2CE621DFC9C7C400E1BDB8AF5C4D50CBA8/11/ja"
"特開2022-187514","特願2021-095526","2021/06/08","2022/12/20","センサ装置、センサシステム、およびセンサ装置の制御方法","株式会社アスコ,株式会社シーズウェア","G06F3/01,570,G06F3/041,580","特開2022-187514","","","","","https://www.j-platpat.inpit.go.jp/c1800/PU/JP-2022-187514/4C7068B32DBD3C228B7222B3E0798F07ED9B6D8B592FBC3A5C25791D0B4411AC/11/ja"
"特開2022-187399","特願2021-095417","2021/06/07","2022/12/19","組立手順生成装置","株式会社デンソー","B25J13/00@Z,B23P21/00,307@Z","特開2022-187399","","","","","https://www.j-platpat.inpit.go.jp/c1800/PU/JP-2022-187399/68E562D6523501F4430684CBAFF1EAACE11C6A46774B3187C0E748623FA894F4/11/ja"
"特開2022-187392","特願2021-095409","2021/06/07","2022/12/19","駐車料金設定システム","日本信号株式会社","G06Q50/10,G07B15/00@N","特開2022-187392","","","","","https://www.j-platpat.inpit.go.jp/c1800/PU/JP-2022-187392/B5E920B8D3043C3B91ED6E510F599BF8A8983296EDB6A23E1E3B01893F0BF0A9/11/ja"
"特開2022-187301","特願2021-095271","2021/06/07","2022/12/19","撮像装置、制御方法、プログラム","キヤノン株式会社","H04N5/232,220,H04N5/232,300,H04N5/232,930,H04N23/60,100,H04N23/60,300,H04N23/63","特開2022-187301","","","","","https://www.j-platpat.inpit.go.jp/c1800/PU/JP-2022-187301/9B8A2391940F96EF81EE9E1C00275D26139E1394B9C9C3D6750738E7A676677D/11/ja"
"特開2022-187294","特願2021-095253","2021/06/07","2022/12/19","捜索計画生成装置、捜索計画生成システム、捜索計画生成方法、および、捜索計画生成プログラム","三菱電機株式会社","G06F16/9035","特開2022-187294","","","","","https://www.j-platpat.inpit.go.jp/c1800/PU/JP-2022-187294/4F3E42559413918E6E70CB64D1A1667F845F2394E7362CF4C153232D4D2F70CF/11/ja"
"特開2022-187269","特願2021-095211","2021/06/07","2022/12/19","自然体験ツアー運営管理方法およびシステム","佐藤　智之","G06Q50/14","特開2022-187269","","","","","https://www.j-platpat.inpit.go.jp/c1800/PU/JP-2022-187269/9125BE23C41AB3CA9CC434C01D16DEB86059F17FA2442B6EEA33A802130398D9/11/ja"
"特開2022-187267","特願2021-095205","2021/06/07","2022/12/19","学習モデルの生成方法、情報処理方法、コンピュータプログラム及び情報処理装置","大日本印刷株式会社","G06T7/00,350@C,G06T7/20,300@Z,G06N20/00,130","特開2022-187267","","","","","https://www.j-platpat.inpit.go.jp/c1800/PU/JP-2022-187267/407CFC5980B7CF4E209D45EFA39A88E064FDF2B18B7D5E05B9959664E9C5EA3D/11/ja"
"特開2022-187258","特願2021-095191","2021/06/07","2022/12/19","情報処理装置、情報処理システムおよびＸＲ酔いに関する情報処理方法","株式会社デンソーテン","G06F3/01,510,G01C21/26@C","特開2022-187258","","","","","https://www.j-platpat.inpit.go.jp/c1800/PU/JP-2022-187258/482370D1505B766C474DF4C93FA752BB5E7C7E5769B1B04371414F47AA2E4C0B/11/ja"
"特開2022-187237","特願2021-095154","2021/06/07","2022/12/19","群集流動分析装置、群集流動分析方法およびプログラム","清水建設株式会社","G06T7/20,300@Z","特開2022-187237","","","","","https://www.j-platpat.inpit.go.jp/c1800/PU/JP-2022-187237/F194DFE202333D892A1234A2553F4107F359D29D1FDCEFDE7BEBE3B93780B86A/11/ja"
"特開2022-187211","特願2021-095104","2021/06/07","2022/12/19","乗車支援装置、乗車支援方法、プログラム及び乗車支援システム","ルノー　エス．ア．エス．,日産自動車株式会社","G08G1/123@A,G06Q50/30","特開2022-187211","","","","","https://www.j-platpat.inpit.go.jp/c1800/PU/JP-2022-187211/DEFD7BF4FD540796682B0A12ED89100F415F95B1BE1C6DFE7762702B947569C8/11/ja"
"特開2022-187159","特願2021-095016","2021/06/07","2022/12/19","自動ドア、自動ドアの画像制御装置","ナブテスコ株式会社","E05F15/73,E05F7/00@F,G09F19/00@Z","特開2022-187159","","","","","https://www.j-platpat.inpit.go.jp/c1800/PU/JP-2022-187159/6F340A371DE3D856E700FED588A3C701D5DB00F10864BCF06FB0D470518F1E61/11/ja"
"特開2022-187064","特願2021-094870","2021/06/07","2022/12/19","利用者の移動支援システム","東日本旅客鉄道株式会社","G05D1/02@P,B61L27/00@A,G06Q50/10,G06Q50/22","特開2022-187064","","","","","https://www.j-platpat.inpit.go.jp/c1800/PU/JP-2022-187064/22DEB07D999DEBFDFA4DC0C3F4FF7D3D138C878E42227827B443A47EE5683F74/11/ja"
"特許7190147","特願2022-014874","2022/02/02","2022/12/15","３次元形状記述子抽出器の製造方法、３次元形状検索方法及び３次元形状検索システム","株式会社アストライアーソフトウエア","G06T7/00,350@C,G06T7/00@C,G06N20/00","","","特許7190147","","","https://www.j-platpat.inpit.go.jp/c1800/PU/JP-7190147/B7894C8959FAE8A2165E89CAF30F3418C7DB2DDE25CC298E50D1BA11A85F8AE1/15/ja"
"特開2022-187004","特願2022-173024","2022/10/28","2022/12/15","制御方法","学校法人麻布獣医学園","A01K29/00@B","特開2022-187004","","","","","https://www.j-platpat.inpit.go.jp/c1800/PU/JP-2022-187004/C39E196DF15A9037AC889D472B0C194ED3B5F9B7E67CF58835DDB25E9A36489A/11/ja"
"特開2022-186955","特願2022-171955","2022/10/27","2022/12/15","検索方法、装置、電子機器及び記憶媒体","ベイジン　バイドゥ　ネットコム　サイエンス　テクノロジー　カンパニー　リミテッド","G06F16/38","特開2022-186955","","","","","https://www.j-platpat.inpit.go.jp/c1800/PU/JP-2022-186955/64D4A668EA7B983CA8825A3FAE6A0041AE66418B0B279405849713DB89536D3E/11/ja"
"特開2022-186838","特願2022-167572","2022/10/19","2022/12/15","半導体装置","株式会社半導体エネルギー研究所","H01L29/78,619@A,H01L27/06,102@A,H01L27/088@E,H01L27/088,331@E,H01L29/78,616@V,H01L29/78,618@B,H01L27/108,321,H01L27/108,621@Z,H01L27/108,671@C,H01L27/108,671@Z,H01L27/1156,H01L21/316@X,H01L21/318@B","特開2022-186838","","","","","https://www.j-platpat.inpit.go.jp/c1800/PU/JP-2022-186838/E4D276434BFEE6770E57E81046E3AF912966E42C4C407CD40A59255DD7D0253A/11/ja"
"特開2022-186777","特願2022-163810","2022/10/12","2022/12/15","スタンド、電子機器、通信システム、情報処置装置、情報処理方法及びプログラム","高橋　綾子","A47J31/02,G06F3/01,510","特開2022-186777","","","","","https://www.j-platpat.inpit.go.jp/c1800/PU/JP-2022-186777/06839D0F79D51ADB6086CF8876AA80B6F050D37D44EDB8FFE00C0FA6675B87EA/11/ja"
"特開2022-186677","特願2022-091832","2022/06/06","2022/12/15","試験測定システム","テクトロニクス・インコーポレイテッド","G01R13/00@Z","特開2022-186677","","","","","https://www.j-platpat.inpit.go.jp/c1800/PU/JP-2022-186677/442E67D6CD7EFAACE2701E77832B830322442281B11A6D2339695818DA4A67BB/11/ja"
"特開2022-186645","特願2022-088668","2022/05/31","2022/12/15","インタラクティブ型知育玩具","コミュニケーション　ユニバーシティ　オブ　チョーチアン,トンシアン　リサーチ　インスティテュート，コミュニケーション　ユニバーシティ　オブ　チョーチアン","A63H33/00,302@Z,A63H3/00@Z,A63H33/00@Q,A63H3/50@C","特開2022-186645","","","","","https://www.j-platpat.inpit.go.jp/c1800/PU/JP-2022-186645/A20FFC01202E783386D82AC52A29B94E599BE713D8EB23105D3DBADAC4B0E7BB/11/ja"
"特開2022-186596","特願2022-059933","2022/03/31","2022/12/15","データ検証方法、装置、機器および記憶媒体","阿波▲羅▼智▲聯▼（北京）科技有限公司","G08G1/082,G08G1/01@A","特開2022-186596","","","","","https://www.j-platpat.inpit.go.jp/c1800/PU/JP-2022-186596/DDB8612EDDED9242428079372858DD53B40F5FCD0A26862DD7C753A996686631/11/ja"
"特開2022-186595","特願2022-057840","2022/03/31","2022/12/15","再構成可能なサンプラを備えたベイジアン演算ユニット並びにそれを動作させる方法及び装置","インテル　コーポレイション","G06N3/063,G06N3/04","特開2022-186595","","","","","https://www.j-platpat.inpit.go.jp/c1800/PU/JP-2022-186595/9D2071132D513CD29491BF80F53928AB5B4491FCED4BE4AC39DEA937C4CB7AD7/11/ja"
"特開2022-186569","特願2021-152961","2021/09/21","2022/12/15","加齢による黄斑変性症用の分類モデルを学習させる電子機器及び方法","エイサー　インコーポレイテッド,國立臺灣大學醫學院附設醫院,宏碁智醫股▲ふん▼有限公司","G06N20/00,G16H50/20,A61B3/14","特開2022-186569","","","","","https://www.j-platpat.inpit.go.jp/c1800/PU/JP-2022-186569/9D1C015274FD8CA300D0AA45B9C48E5E3998F30F925036D04F4455CB0ECECA87/11/ja"
"特開2022-186568","特願2021-152457","2021/09/17","2022/12/15","加齢による黄斑変性症用の分類モデルを学習させる電子機器及び方法","エイサー　インコーポレイテッド,國立臺灣大學醫學院附設醫院,宏碁智醫股▲ふん▼有限公司","G06N20/00,G16H50/20,A61B3/14","特開2022-186568","","","","","https://www.j-platpat.inpit.go.jp/c1800/PU/JP-2022-186568/2B3566EF7213B510D8E52B45A3E7CE0FFA5D30E840C0977BBADE36A247D32CA7/11/ja"
"特開2022-186566","特願2021-146361","2021/09/08","2022/12/15","メッセージ伝達シナリオ生成装置、メッセージ伝達シナリオ生成方法、及びメッセージ伝達シナリオ生成プログラム","株式会社アクリート","G06F13/00,650@B","特開2022-186566","","","","","https://www.j-platpat.inpit.go.jp/c1800/PU/JP-2022-186566/108F387136A8DAF92EB94E74CBF56FF3AE9F57BF48EEADF0842AFAAE262F1FB9/11/ja"
"特開2022-186221","特願2021-094333","2021/06/04","2022/12/15","情報処理方法、情報処理装置、及びプログラム","株式会社ＳｍａｒｔＨＲ","G06Q10/06,300,G06Q10/063","特開2022-186221","","","","","https://www.j-platpat.inpit.go.jp/c1800/PU/JP-2022-186221/AF687549C65A2EF3B37997EE35C49B32812AE8F4AEC7D5EA2B1F618E7F00E300/11/ja"
"特開2022-186143","特願2021-094221","2021/06/04","2022/12/15","環境データ生成装置、建設機械、環境データ生成方法、およびプログラム","清水建設株式会社","G06Q50/08","特開2022-186143","","","","","https://www.j-platpat.inpit.go.jp/c1800/PU/JP-2022-186143/25573C2F0E65074363268783DD599164AEBF99AF0F52BDEFE041E627EB88DC53/11/ja"
"特開2022-186138","特願2021-094215","2021/06/04","2022/12/15","画像処理装置","株式会社カーメイト","H04N7/18@J,H04N7/18@U,H04N5/232,290,G07C5/00@Z,H04N23/60,500","特開2022-186138","","","","","https://www.j-platpat.inpit.go.jp/c1800/PU/JP-2022-186138/84B0ED2A238BD84B6301090D0C4A32A98087EDD6E7365A8BA18753E24BDB79DF/11/ja"
"特開2022-186068","特願2021-094097","2021/06/04","2022/12/15","２次電池の診断装置","アクソンデータマシン株式会社","G01R31/392,G01R31/367,H01M10/48@P","特開2022-186068","","","","","https://www.j-platpat.inpit.go.jp/c1800/PU/JP-2022-186068/46ED1E50F325079D75D8E1EDA2642BDC470C46383B1793CC2FC278A6DE9E8FD5/11/ja"
"特開2022-185970","特願2021-093934","2021/06/03","2022/12/15","質問応答システム、質問応答プログラム及び質問応答方法","株式会社日立製作所","G06F16/90,100,G06F40/279,G06F40/56","特開2022-185970","","","","","https://www.j-platpat.inpit.go.jp/c1800/PU/JP-2022-185970/2B540167639362B151A34EAEA608EDD0F54D5D6657F5EC8E297E14EF4CD3711E/11/ja"
"特開2022-185947","特願2021-093891","2021/06/03","2022/12/15","配車装置、制御方法、および、制御プログラム","トヨタ紡織株式会社","G08G1/123@A,G08G1/16@F,G08G1/09@F,G06Q50/30","特開2022-185947","","","","","https://www.j-platpat.inpit.go.jp/c1800/PU/JP-2022-185947/5388CCC21FB0B5D50DDE88FC4F0EE288405ED387BDBB2C2C3D54520BBF9C7F9A/11/ja"
"特開2022-185926","特願2021-093863","2021/06/03","2022/12/15","交通トラブル対応システム及びその製造方法","株式会社プレステージ・インターナショナル","G06Q50/30,G08G1/00@D,G06Q40/08,G07C5/00@Z","特開2022-185926","","","","","https://www.j-platpat.inpit.go.jp/c1800/PU/JP-2022-185926/828F701AFAFEE2A5F091DCDA1F358529119A3E77B844B68AB6046188B765A823/11/ja"
"特開2022-185899","特願2021-093811","2021/06/03","2022/12/15","タッチパネルコントローラ、タッチパネルモニタ、およびタッチパネルコントローラの制御方法","株式会社アスコ,株式会社シーズウェア,株式会社ディ・エム・シー","G05B19/05@L","特開2022-185899","","","","","https://www.j-platpat.inpit.go.jp/c1800/PU/JP-2022-185899/9DD5A32B49CD65B479190176FFE81204A1EAEB1AA915400CE8D324C1AB06662C/11/ja"
"特開2022-185853","特願2021-093741","2021/06/03","2022/12/15","コンテンツ再生装置、コンテンツ再生方法、及びプログラム","シャープ株式会社","G10L15/00,200@G,G10L15/10,200@W,G10L15/28,230@K,H04N5/93,G11B20/10,321@Z,G06F3/16,650","特開2022-185853","","","","","https://www.j-platpat.inpit.go.jp/c1800/PU/JP-2022-185853/2C7F2A4105DC7543DB6643482657D758D1AD2A0AC4AFCAADD5689DE9477349E7/11/ja"
"特開2022-185787","特願2021-093625","2021/06/03","2022/12/15","車両制御装置、車両制御方法、およびプログラム","本田技研工業株式会社","B60W30/10,B60W60/00,B60W40/06,G08G1/16@C","特開2022-185787","","","","","https://www.j-platpat.inpit.go.jp/c1800/PU/JP-2022-185787/A05A018DB22AB59AE6043B9BDF05B3B32C12A4A37553A9756845B44E29239314/11/ja"
"特開2022-185634","特願2021-093375","2021/06/03","2022/12/15","端末装置、情報処理装置、情報処理方法、情報処理プログラムおよび情報処理システム","ソフトバンク株式会社","G06Q10/00","特開2022-185634","","","","","https://www.j-platpat.inpit.go.jp/c1800/PU/JP-2022-185634/3A16A80097D9C5ED7E9A372DE21BE69711D8C70FA29DDBB718F16F20353CB6EA/11/ja"
"特開2022-185622","特願2021-093351","2021/06/03","2022/12/15","物品認識方法および物品認識システム","東京都公立大学法人","G06T7/49,G06K19/06,009,G06K7/14,G06T7/70@B,G06T7/00,350@B,G07G1/00,311@D","特開2022-185622","","","","","https://www.j-platpat.inpit.go.jp/c1800/PU/JP-2022-185622/D4F4F3973EFE2099BE48810897E3AAB69F27BCAB47AE03266D958E068D0BD47B/11/ja"
"特許7190081","特願2022-535147","2021/05/25","2022/12/14","認証システム、認証方法、及びプログラム","楽天グループ株式会社","G06F21/34","","","特許7190081","","","https://www.j-platpat.inpit.go.jp/c1800/PU/JP-7190081/164BBE3EC31230684CA24A39415C32C333EE9AC1462E0F938D76D6A575A36E98/15/ja"
"特開2022-185572","特願2022-083497","2022/05/23","2022/12/14","ニューラル・ネットワークを用いた分類のための技法","エヌビディア　コーポレーション","G06V10/774,G06T7/00,350@C","特開2022-185572","","","","","https://www.j-platpat.inpit.go.jp/c1800/PU/JP-2022-185572/2BF89157CDA4664A71CC1148E6AC27A1BB4BA87BA4F31A1EE6DF76EE39007C2C/11/ja"
"特開2022-185520","特願2021-093262","2021/06/02","2022/12/14","車両用表示装置及び車両用表示方法","日産自動車株式会社","G06F3/0481,B60R16/02,640@K,G01C21/26@B,G08G1/0969,G09B29/00@A","特開2022-185520","","","","","https://www.j-platpat.inpit.go.jp/c1800/PU/JP-2022-185520/80D6B99576E8EE89BDB54D15334BCA9BDE16D1D00804A317B972EEE0FDD921F9/11/ja"
"特開2022-185439","特願2021-093135","2021/06/02","2022/12/14","判定方法、受光装置およびプログラム","ＡＰＢ株式会社,株式会社キャプテックス,三洋化成工業株式会社,長瀬産業株式会社","G08C15/00@D,G01R31/3835,G01R31/396,H01M10/48@P,H01M10/48,301","特開2022-185439","","","","","https://www.j-platpat.inpit.go.jp/c1800/PU/JP-2022-185439/D77ECA6DC52FBAF5AB27DCC6736BD285AD99A1066BBB161413EB83B9CA84878A/11/ja"
"特開2022-185426","特願2021-093109","2021/06/02","2022/12/14","着座姿勢時目高さ測定装置および該方法ならびに運転姿勢設定装置および該方法","マツダ株式会社","B60N2/90,B60N2/12,B60N2/16,B60N2/22,A61B5/1171,200","特開2022-185426","","","","","https://www.j-platpat.inpit.go.jp/c1800/PU/JP-2022-185426/094D194CB05CA44DAEABCD016D17B6F2E1CF02B4E053571B3F36B875E7CB4F4B/11/ja"
"特開2022-185415","特願2021-093093","2021/06/02","2022/12/14","道路構造物の状態監視システム及び方法","株式会社ＩＨＩインフラシステム","G08G1/00@K,G08G1/13,E01D22/00@A,G16Y40/10","特開2022-185415","","","","","https://www.j-platpat.inpit.go.jp/c1800/PU/JP-2022-185415/3EFC82B7AA99B0309343A190A0F021C6C8CBE702CD4CEF170E3ED1A2A24B1DA8/11/ja"
"特開2022-185300","特願2021-092888","2021/06/02","2022/12/14","歩行道路データベースの作成装置および作成方法","パナソニックＩＰマネジメント株式会社","G01C21/26@B,G01C21/26@P,G08G1/00@J,G08G1/005,G09B29/10@A,G09B29/00@Z","特開2022-185300","","","","","https://www.j-platpat.inpit.go.jp/c1800/PU/JP-2022-185300/B3AD8ACFB9D777F13A8EC83F64383A455C1AAE940526DDAED37B30661D834D6A/11/ja"
"特開2022-185298","特願2021-092883","2021/06/02","2022/12/14","歩行者装置およびその測位方法","パナソニック株式会社","G01C21/26@P,G08G1/005","特開2022-185298","","","","","https://www.j-platpat.inpit.go.jp/c1800/PU/JP-2022-185298/561A5763D5C0A747147FBD8E1126401344885837A2BED15DC2168FE5D720A1C8/11/ja"
"特開2022-185291","特願2021-092869","2021/06/02","2022/12/14","造形装置及び造形方法、並びに、加工装置及び加工方法","株式会社ニコン","B29C64/393,B29C64/153,B29C64/371,B33Y30/00,B33Y50/02,B23K26/21@Z,B23K26/34","特開2022-185291","","","","","https://www.j-platpat.inpit.go.jp/c1800/PU/JP-2022-185291/788B1482130FCEF1D23F606FD98E9D864E784A75062F551978C8C37D543659EE/11/ja"
"特開2022-185286","特願2021-092859","2021/06/02","2022/12/14","車両、及び充電方法","トヨタ自動車株式会社","B60L53/64,H02J7/00@P,H02J7/04@H,G06Q50/06","特開2022-185286","","","","","https://www.j-platpat.inpit.go.jp/c1800/PU/JP-2022-185286/DB77298C5767710626EA958A9372900FD94D7F70D87490B90D05CA7E98141FF7/11/ja"
"特開2022-185186","特願2021-092693","2021/06/02","2022/12/14","ソフトウェアテスト装置及びソフトウェアテスト方法","株式会社日立製作所","G06Q50/10","特開2022-185186","","","","","https://www.j-platpat.inpit.go.jp/c1800/PU/JP-2022-185186/0B184C475C3E5C23FEC005BB3121D3FA8F527449E418950BEE40AA064D2AF925/11/ja"
"特開2022-185159","特願2019-206445","2019/11/14","2022/12/14","パターン抽出方法、及び、パターン抽出装置","株式会社日立産機システム","G06F17/18@Z,G05B23/02,301@Z","特開2022-185159","","","","","https://www.j-platpat.inpit.go.jp/c1800/PU/JP-2022-185159/0C3FC99491A09ED2D20C992F210726CA46C2DCA9876A640CA994A8696396D3D7/11/ja"
"特開2022-185152","特願2022-166208","2022/10/17","2022/12/13","ＥＴＳＩ　ＭＥＣのためのＩＥＥＥ８０２．１１ベースの無線ネットワーク情報サービスを提供するための方法およびプロシージャ","アイディーエーシー　ホールディングス　インコーポレイテッド","H04W84/12","特開2022-185152","","","","","https://www.j-platpat.inpit.go.jp/c1800/PU/JP-2022-185152/C37D6540D42C571F9D75D4A41F9D8B6F9765815E45DB5540F0F9EC6A25D9C01E/11/ja"
"特開2022-185144","特願2022-165371","2022/10/14","2022/12/13","対象検出方法、対象検出モデルのレーニング方法および装置","ベイジン　バイドゥ　ネットコム　サイエンス　テクノロジー　カンパニー　リミテッド","G06V10/82,G06T7/00,350@C","特開2022-185144","","","","","https://www.j-platpat.inpit.go.jp/c1800/PU/JP-2022-185144/1F05AC63C5EF64A02F7D1FDBFA569212EDF7FECDCB1C2E2459584664BEEB6773/11/ja"
"特開2022-185143","特願2022-165326","2022/10/14","2022/12/13","テキスト検出方法、テキスト認識方法及び装置","ベイジン　バイドゥ　ネットコム　サイエンス　テクノロジー　カンパニー　リミテッド","G06V30/14,340@J,G06T7/11,G06V10/77","特開2022-185143","","","","","https://www.j-platpat.inpit.go.jp/c1800/PU/JP-2022-185143/B3A3A26959A03A0B1C7E672A4EC8D2A8A7D304CF77203082198B2882B0D7F717/11/ja"
"特開2022-185125","特願2022-164247","2022/10/12","2022/12/13","ポイントサイネージビジネスシステム","株式会社三鷹ホールディングス","G06Q30/02,382","特開2022-185125","","","","","https://www.j-platpat.inpit.go.jp/c1800/PU/JP-2022-185125/9AC0FC45514F8F23BDD16036F1284D06A3206AA97D673827EE51B81C355A1A16/11/ja"
"特開2022-185116","特願2022-163754","2022/10/12","2022/12/13","量子測定デバイスの校正方法、装置、電子デバイス及び媒体","ベイジン　バイドゥ　ネットコム　サイエンス　テクノロジー　カンパニー　リミテッド","G06N10/70","特開2022-185116","","","","","https://www.j-platpat.inpit.go.jp/c1800/PU/JP-2022-185116/BF2C0A68D8F7315C990848C8D668FF25C22FCAD2F55EB500C47097555684589D/11/ja"
"特開2022-185096","特願2022-162287","2022/10/07","2022/12/13","仮想アイドルの生成方法、装置及び電子機器","ベイジン　バイドゥ　ネットコム　サイエンス　テクノロジー　カンパニー　リミテッド","G06T7/00,300@F,G06T7/00,660@A,G06V10/44,G06V20/30,G06F16/532,G06F16/732","特開2022-185096","","","","","https://www.j-platpat.inpit.go.jp/c1800/PU/JP-2022-185096/034472E17EB1CA547B96ACB0DAF057A697A134F7B47DCB32B7B762DFC554C48E/11/ja"
"特開2022-185082","特願2022-161007","2022/10/05","2022/12/13","情報処理装置、情報処理方法、プログラム及び記録媒体","デジタルアーツ株式会社","H04L51/212,H04L51/21,H04L51/07,H04L51/08,G06F21/50,G06F21/62,309","特開2022-185082","","","","","https://www.j-platpat.inpit.go.jp/c1800/PU/JP-2022-185082/D430A42F56C82B417A38DFA8CB1D497B8DF5FB7037A1708C3EA585D7E0A4FD80/11/ja"
"特開2022-185081","特願2022-160939","2022/10/05","2022/12/13","テーブルゲームの不正監視システム及びテーブルゲームの不正監視プログラム","エンゼルグループ株式会社","A63F1/06@Z,A63F1/06@A,A63F1/18,A63F5/00@Z,A63F5/02@A","特開2022-185081","","","","","https://www.j-platpat.inpit.go.jp/c1800/PU/JP-2022-185081/3460FE23FDB2D4F49D4F9AD171572D9762FCE821C6FF2B1F218F81647ECC8A85/11/ja"
"特開2022-185032","特願2022-155638","2022/09/29","2022/12/13","患者転倒検出のためのシステムおよび方法","マシモ・コーポレイション","A61G12/00@E,A61B5/00,102@A","特開2022-185032","","","","","https://www.j-platpat.inpit.go.jp/c1800/PU/JP-2022-185032/1CADD8DC4B933950CF1E0404BDBE800E0F526414B69A25FFF73A815E1B12F809/11/ja"
"特開2022-185028","特願2022-154884","2022/09/28","2022/12/13","メッシュネットワークにおける同期受信","グーグル　エルエルシー","H04W56/00,130,H04W52/02,111,H04W84/18,H04W84/12","特開2022-185028","","","","","https://www.j-platpat.inpit.go.jp/c1800/PU/JP-2022-185028/CF5F5F8596453CD3F07B6502BE0DD7833B33E0F74CEF900178B4E98616D2A7A3/11/ja"
"特開2022-184947","特願2022-146121","2022/09/14","2022/12/13","深層ニューラルネットワークに基づくバリアント分類器","イルミナ　インコーポレイテッド","G06N3/04,154,G06N5/04,C12M1/34@Z","特開2022-184947","","","","","https://www.j-platpat.inpit.go.jp/c1800/PU/JP-2022-184947/675FB081925D1AB7592E86EDDA94F6DEE960ACBEA0F0B508CFA6092F984FD4D8/11/ja"
"特開2022-184883","特願2022-142125","2022/09/07","2022/12/13","嫌気性消化装置","イフェインワ　リタ　カヌ","B09B3/65,C12M1/107,C12M1/02@B,C12N1/20@A,C12M1/00@D,C12M1/38@Z,C12M1/38@A,C12P5/02,C02F11/04@A,B09B101:70","特開2022-184883","","","","","https://www.j-platpat.inpit.go.jp/c1800/PU/JP-2022-184883/58EEB9188364530FB7197D46928275F018B260CA7D622E3294F745895EBDD302/11/ja"
"特開2022-184834","特願2022-128279","2022/08/10","2022/12/13","出向手配システム、制御方法およびプログラム","フジテック株式会社","G06Q50/10","特開2022-184834","","","","","https://www.j-platpat.inpit.go.jp/c1800/PU/JP-2022-184834/D5D47FC1EA5D3C47E458CE447DCD99CCCE05B0DE3081D02A19734B77A5DD3BF3/11/ja"
"特開2022-184727","特願2022-047820","2022/03/24","2022/12/13","生活者の健康状態を把握、健康予測モデルでの生活者の健康維持、増進をサポートする方法及び情報提供方法","大塚製薬株式会社","G16H50/30","特開2022-184727","","","","","https://www.j-platpat.inpit.go.jp/c1800/PU/JP-2022-184727/0B1F7B78793E482CD8D3491FFBDAB9135DDCA8F44A991B3BFD97B1040F2517D4/11/ja"
"特開2022-184693","特願2021-207042","2021/12/21","2022/12/13","不動産情報提供装置、不動産情報提供方法、及びコンピュータプログラム","横田　幸一","G06Q50/16,G06Q30/02,310,G06Q30/0202","特開2022-184693","","","","","https://www.j-platpat.inpit.go.jp/c1800/PU/JP-2022-184693/E12F92E53A0FAF19A3B7C8916F7727E64CC37CB52FD74123EB5118F7EB90D018/11/ja"
"特開2022-184647","特願2021-092618","2021/06/01","2022/12/13","プラズマ発光分光分析を用いた土壌診断方法","国立研究開発法人国際農林水産業研究センター","G01N33/24@B,G01N21/73","特開2022-184647","","","","","https://www.j-platpat.inpit.go.jp/c1800/PU/JP-2022-184647/99E6A212A15D3DD807E16A0975503343CFB82968B24DEDC1651A7EDA0D88319D/11/ja"
"特開2022-184633","特願2021-092584","2021/06/01","2022/12/13","出向計画システム、制御方法およびプログラム","フジテック株式会社","G06Q10/06,G06Q10/06,302,G06Q10/06,332","特開2022-184633","","特許7211452","","","https://www.j-platpat.inpit.go.jp/c1800/PU/JP-2022-184633/986A42D9BC0207228641BAEC65247619A62D9431E176DE2376E8EA10E8EBE3A5/11/ja"
"特開2022-184520","特願2021-092423","2021/06/01","2022/12/13","画像処理方法、プログラム、画像処理装置、及び眼科システム","株式会社ニコン","A61B3/10","特開2022-184520","","","","","https://www.j-platpat.inpit.go.jp/c1800/PU/JP-2022-184520/355BECD7327EA6CFA5EE99725203F014A5ED02C85E007DE81A0E75DD0123A98B/11/ja"
"特開2022-184337","特願2021-092119","2021/06/01","2022/12/13","学習済みモデル生成システム","株式会社ＮＴＴドコモ,株式会社第一興商","G06N20/00,130","特開2022-184337","","","","","https://www.j-platpat.inpit.go.jp/c1800/PU/JP-2022-184337/277707674DECAF040BD37E6252EAF25C8BCB9B7129327DEC35929C4C00599AF0/11/ja"
"特開2022-184224","特願2021-091941","2021/05/31","2022/12/13","画像判定システム及び画像判定方法","アニコム　ホールディングス株式会社","H04N5/232,290,G06Q40/08,A01K11/00@Z,H04N23/60,500","特開2022-184224","","","","","https://www.j-platpat.inpit.go.jp/c1800/PU/JP-2022-184224/7FAC9DF354A6BB6509F3A355BAFAE4A44E74B430D60B79E6F04739B07AC1E02E/11/ja"
"特開2022-184223","特願2021-091940","2021/05/31","2022/12/13","ペット販売価格判定システム及びペット販売価格判定方法","アニコム　ホールディングス株式会社","G06Q30/02,450,A01K29/00,A01K29/00@Z","特開2022-184223","","","","","https://www.j-platpat.inpit.go.jp/c1800/PU/JP-2022-184223/A79AA01715267EC61528334BFA3C326FCEAFF0BD5038287609722BE9CD97D876/11/ja"
"特開2022-184111","特願2021-091769","2021/05/31","2022/12/13","モバイル作業分析装置及び作業分析方法","株式会社ブロードリーフ","G05B19/418@Z,G06Q10/06,332,G06Q10/0639","特開2022-184111","","","","","https://www.j-platpat.inpit.go.jp/c1800/PU/JP-2022-184111/588EC1F80EC534ABDB66E837CF11EB735160ED59D916E9EC42BBBB285D32C98A/11/ja"
"特開2022-184110","特願2021-091768","2021/05/31","2022/12/13","モバイル作業分析装置及び作業分析方法","株式会社ブロードリーフ","G05B19/418@Z,G06Q10/06,332,G06Q10/0639","特開2022-184110","","","","","https://www.j-platpat.inpit.go.jp/c1800/PU/JP-2022-184110/423335BE84B4905AAF9E96B6F64B3E6EE5685B25875B9C435D82AB6E481AF2DE/11/ja"
"特開2022-184003","特願2021-091590","2021/05/31","2022/12/13","保健指導システム、保健指導用端末、及び保健指導方法","有限会社ビガージャパン","G16H20/00,G06Q50/22,G16Y10/60","特開2022-184003","","","","","https://www.j-platpat.inpit.go.jp/c1800/PU/JP-2022-184003/C1D382CA8310A4E09642819425E758090503E6042B6F37357B0342B6E4ED25E2/11/ja"
"特開2022-183925","特願2021-091459","2021/05/31","2022/12/13","電子機器、電子機器の制御方法、制御プログラム、記録媒体","シャープ株式会社","G06F16/332,G06F40/171,G06F3/0488,130,G06F3/04883","特開2022-183925","","","","","https://www.j-platpat.inpit.go.jp/c1800/PU/JP-2022-183925/B941CF5FE22263D9B2C1755AFA61848A26C8A06B5FE08322E7598BA4DC93E915/11/ja"
"特開2022-183827","特願2021-091321","2021/05/31","2022/12/13","プラント制御システム、圧延機制御装置、プラント制御方法、及びプラント制御プログラム","株式会社日立製作所","G05B13/02@L,B21B37/28@Z,G06N20/00,130,G06N3/08,G06N3/09","特開2022-183827","","","","","https://www.j-platpat.inpit.go.jp/c1800/PU/JP-2022-183827/3B04FD8D821964F9CE2D64C3613F2B174E2AA770B2FA75613CD17E83430FDFE1/11/ja"
"特開2022-183615","特願2021-091030","2021/05/31","2022/12/13","走行体制御システム、走行体制御方法及び走行体制御プログラム","ＮＥＣプラットフォームズ株式会社","B60W30/02,B60G17/0165,B60G17/0195,B60W40/06","特開2022-183615","","","","","https://www.j-platpat.inpit.go.jp/c1800/PU/JP-2022-183615/B042753D735A7C2D732C7282F37DBF995CEBE7A9F9D7A5A4C74AD9E656DA02A9/11/ja"
"特開2022-183613","特願2021-091028","2021/05/31","2022/12/13","電柱の更新計画策定装置および更新計画策定プログラム","中国電力株式会社","G06Q50/06,G06Q10/00,300,G06Q10/20","特開2022-183613","","","","","https://www.j-platpat.inpit.go.jp/c1800/PU/JP-2022-183613/933793E144DF544CA80EC390886C4AAC8285B8C67769081C1C97265F9B1E72EF/11/ja"
"実登3240164","実願2022-003190","2022/09/27","2022/12/12","コンピュータを利用した陸上養殖設備","株式会社Ｇｌｏｂａｌ　Ｇｒｅｅｎ　Ｍａｒｋｅｔｉｎｇ","A01K63/00@Z","","","実登3240164","","","https://www.j-platpat.inpit.go.jp/c1800/PU/JP-3240164/BCEC4A6CBADD3C84C9CC9ACA30E4206165DE175CEA195F89ACB453BD64DDF90B/25/ja"
"特開2022-183416","特願2022-071186","2022/04/22","2022/12/12","方向情報取得装置、方向情報取得フ゜ロク゛ラム及び方向情報取得方法","高橋　正人,小菅　清治","G01S19/53","特開2022-183416","","","","","https://www.j-platpat.inpit.go.jp/c1800/PU/JP-2022-183416/2C2F72879606C05CCEDFE1C257E4565735334D8280D5F2AA8FF114EC3524A5FB/11/ja"
"特許7186922","特願2022-520639","2021/12/09","2022/12/09","要因特定装置、要因特定方法及び機器制御装置","三菱電機株式会社","F24F11/52,F24F11/63","","","特許7186922","","","https://www.j-platpat.inpit.go.jp/c1800/PU/JP-7186922/F53CF239EA55A6E387B58F4EEAAF1427AC85CA133B6933B0ACDBAC0CA32F9E6A/15/ja"
"特許7186484","特願2022-084199","2022/05/24","2022/12/09","プログラム、情報処理装置、方法及びシステム","株式会社オプティム","G06F3/0484","","","特許7186484","","","https://www.j-platpat.inpit.go.jp/c1800/PU/JP-7186484/9D1746703A747DBFF0552E1E655D113D508829697FD2B89D48D09A4FB6DEB9B5/15/ja"
"特許7186411","特願2022-037738","2022/03/11","2022/12/09","情報処理システム、情報処理方法及び情報処理プログラム","株式会社ＤＡＴＡＦＬＵＣＴ","G06N20/00","","","特許7186411","","","https://www.j-platpat.inpit.go.jp/c1800/PU/JP-7186411/6201BCF68ED675C93686B2BF67A0EDD183AC1C797152963DDE993649DEBD64AF/15/ja"
"特開2022-183406","特願2022-104265","2022/06/29","2022/12/09","ハイブリッド浮動小数点フォーマットのドット積累算命令を有するグラフィックスプロセッサ及びグラフィックス処理ユニット","インテル・コーポレーション","G06F17/16@M,G06T15/06,G06F9/302@Z,G06F9/38,370@Z","特開2022-183406","","","","","https://www.j-platpat.inpit.go.jp/c1800/PU/JP-2022-183406/A62862B0A624BA5D3E621F827DFAE83F3E6F78562E28C0B5DE5BA64C6DCC4B25/11/ja"
"特許7186320","特願2022-062824","2022/04/05","2022/12/08","津波災害時の避難行動に要する情報を人工知能により推定する方法、装置、プログラム","大津　暢人","G08B27/00@A,G08B31/00@A,G06Q10/04,G06N20/00,130","","","特許7186320","","","https://www.j-platpat.inpit.go.jp/c1800/PU/JP-7186320/5E0186DB8A9DB54C15785C525B99F42E14F635748A4C699F1CCA4634D23EF585/15/ja"
"特許7185987","特願2022-094116","2022/06/10","2022/12/08","プログラム、方法、システム、および装置","株式会社オプティム","F24F7/007@B,F24F11/64,F24F7/10@Z,F24F11/74,F24F11/46,F24F120:12,F24F110:40,F24F140:40","","","特許7185987","","","https://www.j-platpat.inpit.go.jp/c1800/PU/JP-7185987/A4FA7625A789EA03F11F0C88394673D2CDE2E8E4FCE0F0B9B946D780F4CCA04A/15/ja"
"特許7185888","特願2022-037737","2022/03/11","2022/12/08","情報処理システム、情報処理方法及び情報処理プログラム","株式会社ＤＡＴＡＦＬＵＣＴ","G06N99/00,180","","","特許7185888","","","https://www.j-platpat.inpit.go.jp/c1800/PU/JP-7185888/5639F7C1B01AEA99B19D9CBE36E108E6AD201EC67DB8DBDCCF91BEF9D1F5D52C/15/ja"
"特開2022-183363","特願2022-169564","2022/10/24","2022/12/08","移動装置及び移動装置用プログラム","みこらった株式会社","G06F8/65","特開2022-183363","","","","","https://www.j-platpat.inpit.go.jp/c1800/PU/JP-2022-183363/45E626B55ECD55C25F036ECA4EB43415E623AB9BD2B9A0D0D00CC31542B38D76/11/ja"
"特開2022-183340","特願2022-168730","2022/10/21","2022/12/08","メモリデバイスにおける信号展開キャッシング","マイクロン　テクノロジー，インク．","G11C11/22,230,G11C11/4091,G06F12/0893,107,G06F12/0864,G06F12/0895,106","特開2022-183340","","","","","https://www.j-platpat.inpit.go.jp/c1800/PU/JP-2022-183340/67D986662FFB370F6B9F543BDF769B9B1C12177575FBA0313FFB218C30D98177/11/ja"
"特開2022-183318","特願2022-168007","2022/10/20","2022/12/08","ＥＣＵ装置、車両シート及び着座者の下肢の長さ推定システム","テイ・エス　テック株式会社","B60N2/90","特開2022-183318","","","","","https://www.j-platpat.inpit.go.jp/c1800/PU/JP-2022-183318/6CCFBA9DEA33F8960FEB15F8409D8CEC80186E187B39A444FB50C72DB8C72F1F/11/ja"
"特開2022-183298","特願2022-167378","2022/10/19","2022/12/08","半導体装置","株式会社半導体エネルギー研究所","H01L29/78,618@B,H01L27/088@E,H01L27/088@H,H01L27/088,331@E,H01L29/78,301@G,H01L29/78,618@E,H01L27/108,321,H01L27/108,621@Z,H01L27/108,671@C,H01L27/108,671@Z,H01L27/1156","特開2022-183298","","","","","https://www.j-platpat.inpit.go.jp/c1800/PU/JP-2022-183298/47BE729E28150FA27822F46566971BD58C8DD6BDF111BBA1275D509CCCF1CA79/11/ja"
"特開2022-183244","特願2022-165216","2022/10/14","2022/12/08","半導体装置","株式会社半導体エネルギー研究所","H01L29/78,616@S,H01L27/108,321,H01L27/1156,H01L27/108,671@C,H01L27/108,671@Z,H01L27/108,621@Z,H01L27/108,621@C,H01L29/78,616@V,H01L29/78,617@L,H01L29/78,618@B,H01L27/06,102@A,H01L27/088@E,H01L27/088,331@E,H01L27/04@C","特開2022-183244","","","","","https://www.j-platpat.inpit.go.jp/c1800/PU/JP-2022-183244/C67ADD7E58D41AA3B010F2E024968E176CC65E99F31BB5E1113D79CA84346A23/11/ja"
"特開2022-183211","特願2022-161278","2022/10/05","2022/12/08","血管内視鏡システムおよび血管径測定方法","ｉ－ＰＲＯ株式会社","A61B1/00,551,A61B1/313,510,A61B1/045,622,A61B1/00,552,A61B1/01,512,A61B1/045,614,G02B23/24@Z,G02B23/24@C","特開2022-183211","","","","","https://www.j-platpat.inpit.go.jp/c1800/PU/JP-2022-183211/5049936A92BD231A6AAD1D49A043F6225EA02D1EDD3323524F1FD6E2B9B8F7F2/11/ja"
"特開2022-183191","特願2022-156857","2022/09/29","2022/12/08","意図的コンピューティングのための方法及びシステム","アドバンスド　エレメンタル　テクノロジーズ，インコーポレイティド","G06F9/50,120@Z,G06F16/16","特開2022-183191","","","","","https://www.j-platpat.inpit.go.jp/c1800/PU/JP-2022-183191/B6C8CC0AC3BAC7B5B6ED716E4198F675CA99319D9823BD6F0180F06CD1F5CAF5/11/ja"
"特開2022-183178","特願2022-152077","2022/09/26","2022/12/08","自動運転車及び自動運転車用プログラム","みこらった株式会社","B60W50/08,B60W40/08,B60W60/00,B60R25/25,H04N7/18@J,G08B13/196","特開2022-183178","","","","","https://www.j-platpat.inpit.go.jp/c1800/PU/JP-2022-183178/B2001561965889D3B6AC93CED1D24D566C8C89F454CCF659102388B53DEB6900/11/ja"
"特開2022-183175","特願2022-151498","2022/09/22","2022/12/08","腫瘍が高いパッセンジャー遺伝子変異量を担持する患者の免疫療法剤","リジェネロン・ファーマシューティカルズ・インコーポレイテッド","A61K39/395@D,A61P35/00,A61K39/395@N,A61K39/395@U,A61P43/00,105,A61K39/395@T,G01N33/53@M,C07K16/28","特開2022-183175","","","","","https://www.j-platpat.inpit.go.jp/c1800/PU/JP-2022-183175/CBF916AED43149D0B22A60E2658683B476B39196525C8275853416E4E218CE95/11/ja"
"特開2022-183131","特願2022-086844","2022/05/27","2022/12/08","ロジック回路と統一した主電源電圧を持つサステナブルＤＲＡＭ","▲ゆ▼創科技股▲ふん▼有限公司,インベンション　アンド　コラボレーション　ラボラトリー　プロプライエタリー　リミテッド","G11C11/4091,124,G11C7/06,120,G11C11/4074","特開2022-183131","","","","","https://www.j-platpat.inpit.go.jp/c1800/PU/JP-2022-183131/9C6E6EDDF05A15E99C2DCDC32DE7B4BD64CDA31272731143BA0003880D991A2C/11/ja"
"特開2022-183122","特願2022-086307","2022/05/26","2022/12/08","コンピュータ実装方法、コンピュータシステム及びコンピュータプログラム（同期会議におけるライブエージェントアクションをシミュレートするスクリプトを生成するための認知的な学習）","インターナショナル・ビジネス・マシーンズ・コーポレーション","H04L51/02,G06N20/00","特開2022-183122","","","","","https://www.j-platpat.inpit.go.jp/c1800/PU/JP-2022-183122/298D23EF7496152BDBF16380AE7FB190CD40CF3EE24FFCA3081D4C0454A33297/11/ja"
"特開2022-183116","特願2022-086151","2022/05/26","2022/12/08","コンピュータシステム、コンピュータプログラム及び方法（制御識別のための人工知能モデルの活用及び訓練）","インターナショナル・ビジネス・マシーンズ・コーポレーション","G06F16/24","特開2022-183116","","","","","https://www.j-platpat.inpit.go.jp/c1800/PU/JP-2022-183116/EFC54C3D82433B82635575AE3EA73AC1F64345C25F285270EF102D9BBC42B389/11/ja"
"特開2022-183068","特願2022-084396","2022/05/24","2022/12/08","自動検索及び検出","富士通株式会社","G06T7/00,350@C,G06V10/82,G06F16/532,G06N20/00,130","特開2022-183068","","","","","https://www.j-platpat.inpit.go.jp/c1800/PU/JP-2022-183068/A9B9D1B7F6DEF0C50443B87C34BAAA8ABECE4334F540D3BCF20C5B4DDF48BD14/11/ja"
"特開2022-183045","特願2022-082067","2022/05/19","2022/12/08","ニューラル・ネットワークを訓練するためのパラメータ推定の最適化","エヌビディア　コーポレーション","G06T7/00,350@C","特開2022-183045","","","","","https://www.j-platpat.inpit.go.jp/c1800/PU/JP-2022-183045/60A7389F690129DEEB0DFF87A803663A22C134A6D86E52067173F17769AFBB54/11/ja"
"特開2022-183029","特願2022-077365","2022/05/10","2022/12/08","ポジ型レジスト材料及びパターン形成方法","信越化学工業株式会社","G03F7/039,601,G03F7/004,501,G03F7/004,503@A,G03F7/004,504,C08F220/10,C08F212/08,C07D333/76,C07D307/93,G03F7/20,501","特開2022-183029","","","","","https://www.j-platpat.inpit.go.jp/c1800/PU/JP-2022-183029/C0B6768FB21BF9BE97E707A1A8E9362DCAD1BBCC553FE3523EF1D0C85D8664DB/11/ja"
"特開2022-183003","特願2022-056687","2022/03/30","2022/12/08","状態マシン処理、状態処理方法、装置、電子機器および記憶媒体","阿波▲羅▼智▲聯▼（北京）科技有限公司","G06N3/00,140","特開2022-183003","","","","","https://www.j-platpat.inpit.go.jp/c1800/PU/JP-2022-183003/5E651ACB01A6E5CFBA2E7437B8A427BA1695C0EB5B1936CCBD826DFCE2D2D2D9/11/ja"
"特開2022-182623","特願2021-090282","2021/05/28","2022/12/08","パチンコ釘検査システム","株式会社アカギ","A63F7/02,312@C","特開2022-182623","","","","","https://www.j-platpat.inpit.go.jp/c1800/PU/JP-2022-182623/48596D3C3A94DA4A82D7C9CEBD4ED0CC6EE1DDE9CD2970C28228FDF7C0852B1B/11/ja"
"特開2022-182529","特願2021-090131","2021/05/28","2022/12/08","遠隔操作支援システム、遠隔操作支援装置","住友重機械工業株式会社","E02F9/20@C,E02F9/26@B,E02F9/24@J","特開2022-182529","","","","","https://www.j-platpat.inpit.go.jp/c1800/PU/JP-2022-182529/D01AB50D11CD0376A24AC467A17C8C0CF600F2EED166280981C30787F57B7E2D/11/ja"
"特開2022-182273","特願2021-089742","2021/05/28","2022/12/08","メモリアルムービー生成システム","新海　荘太郎,森野　博之,大林　哲郎","G06Q50/10","特開2022-182273","","","","","https://www.j-platpat.inpit.go.jp/c1800/PU/JP-2022-182273/DE89D7BA5EE510442C3BCF4234BC6C93F4405E1843933BE9EC06285F6551355E/11/ja"
"特開2022-182094","特願2021-089427","2021/05/27","2022/12/08","移動体制御装置、移動体制御方法、およびプログラム","本田技研工業株式会社","B60W30/12,B60W60/00,G08G1/16@C,G06T7/00,650@A,G06T7/00,650","特開2022-182094","","","","","https://www.j-platpat.inpit.go.jp/c1800/PU/JP-2022-182094/4628B1F92D24EEFE532EE6920909A1D1DE76F8D69818DC4DB0FAA880788227B6/11/ja"
"特開2022-182008","特願2021-089282","2021/05/27","2022/12/08","情報提案装置、情報提案端末、情報提案システム装置、情報提案方法、プログラム及び記録媒体","ＮＥＣソリューションイノベータ株式会社","G06Q30/02,470,G06Q50/10,G06Q30/015","特開2022-182008","","","","","https://www.j-platpat.inpit.go.jp/c1800/PU/JP-2022-182008/65950CB67CC2A61A35DA8F0D7C9CA615C0F95F8C3ECB8592D2AF5E5D95932E3B/11/ja"
"特開2022-181807","特願2021-088975","2021/05/27","2022/12/08","コミュニケーション支援装置、プログラムおよび記憶媒体","株式会社日立製作所","H04N7/15,G06Q10/10","特開2022-181807","","","","","https://www.j-platpat.inpit.go.jp/c1800/PU/JP-2022-181807/5D0EE66EE5277D26DDC1706FEB6A1E70A1E7F7C909E12F22C1CE2A00168D579C/11/ja"
"特開2022-181786","特願2021-088947","2021/05/27","2022/12/08","情報処理装置、および情報処理プログラム","コニカミノルタ株式会社","G06Q50/10,G06N20/00","特開2022-181786","","","","","https://www.j-platpat.inpit.go.jp/c1800/PU/JP-2022-181786/42E765ECEEE35DF182FDC311A0CDACE270F9018CAFE24BADA65BF2F1E8A01CDE/11/ja"
"特開2022-181684","特願2021-088751","2021/05/26","2022/12/08","プログラム及び情報処理装置","富士フイルムビジネスイノベーション株式会社","G06F21/57,370","特開2022-181684","","","","","https://www.j-platpat.inpit.go.jp/c1800/PU/JP-2022-181684/C4177FA18FA36F86D6506D119FF1708322F2693540185C478AC81BCD8DC90A0C/11/ja"
"特開2022-181630","特願2021-088665","2021/05/26","2022/12/08","ＸＲモール生成装置、ＸＲモール生成装置の制御方法およびＸＲモール生成プログラム","ソフトバンク株式会社","G06Q30/06,340,G06Q30/06,300,G16Y10/45,G16Y20/40,G16Y40/20,G16Y40/30,G06Q30/0601,G06Q30/0601,340","特開2022-181630","","","","","https://www.j-platpat.inpit.go.jp/c1800/PU/JP-2022-181630/E614E6019A94DB8D43AD64B1C2C9E2A068CC5346BB22720AF21006E89A66B7CC/11/ja"
"特開2022-181571","特願2021-088596","2021/05/26","2022/12/08","眼科画像処理装置、眼科画像処理プログラム、眼科画像診断用レポートを記述するファイル又はファイル群","キヤノン株式会社","A61B3/14,G06F3/0484,120,G06F3/0484,150,G16H15/00,G16H30/40,G16H30/00,A61B3/10,100,G06F3/04842,G06F3/04845","特開2022-181571","","","","","https://www.j-platpat.inpit.go.jp/c1800/PU/JP-2022-181571/6AC021E7ABE471A5D81FC1FF2D87C8EA38EA7FA0587B4A3070FD04DB28ECF879/11/ja"
"特開2022-181562","特願2021-088582","2021/05/26","2022/12/08","自動配達車両","豊田合成株式会社","G05D1/02@H","特開2022-181562","","","","","https://www.j-platpat.inpit.go.jp/c1800/PU/JP-2022-181562/C6F83F5DCE909F14E825C3B8F9680C7C880B9ACDD93701E469AC8D0EFD38151F/11/ja"
"特開2022-181531","特願2021-088527","2021/05/26","2022/12/08","移載システム","株式会社豊田自動織機","B65G1/00,501@F,G05D1/02@Y,B65G1/00,501@C","特開2022-181531","","","","","https://www.j-platpat.inpit.go.jp/c1800/PU/JP-2022-181531/08D4F867F91CC3688F64587321F68E7154D3470FAD403183DE74A21CE4261BE1/11/ja"
"特開2022-181272","特願2021-088127","2021/05/26","2022/12/08","撮影装置","大日本印刷株式会社","H04N5/235,400,H04N5/222,500,G03B17/53,G03B15/02@G,G03B7/08,F21S2/00,622,F21W131:406,F21Y115:10,F21Y113:10,H04N23/74","特開2022-181272","","","","","https://www.j-platpat.inpit.go.jp/c1800/PU/JP-2022-181272/16FCC2BA1ADA531615F98A74E4309CFC0BBB8613E1DDB0A709BB29891652D1ED/11/ja"
"特開2022-181206","特願2022-085334","2022/05/25","2022/12/07","ゲームシーンの処理方法、装置、記憶媒体及び電子デバイス","ネットイーズ　（ハンチョウ）　ネットワーク　カンパニー　リミテッド","A63F13/5252,A63F13/55","特開2022-181206","","","","","https://www.j-platpat.inpit.go.jp/c1800/PU/JP-2022-181206/59FFBDC3CEB028A734AEC8A024A72D771C5392EEA5C10A18DD13415EBE0109CB/11/ja"
"特開2022-181195","特願2022-084275","2022/05/24","2022/12/07","方法、連合学習システム、およびコンピュータプログラム（圧縮埋め込みを用いた垂直連合学習）","インターナショナル・ビジネス・マシーンズ・コーポレーション,レンセラー　ポリテクニック　インスティチュート","G06N20/00,G06F9/50,150@Z","特開2022-181195","","","","","https://www.j-platpat.inpit.go.jp/c1800/PU/JP-2022-181195/946F9D4C371028B7E1486A6B0C096866551C668A375B429CCDCF9A14E1CE2575/11/ja"
"特開2022-181078","特願2021-087912","2021/05/25","2022/12/07","投与計画決定支援システム、投与計画決定支援方法、および投与計画決定支援プログラム","ゲノム・ファーマケア株式会社","G16H20/10","特開2022-181078","","","","","https://www.j-platpat.inpit.go.jp/c1800/PU/JP-2022-181078/D3B791C310B7E6882D68E801C27670533D37437EAC9F01CB3309D52F68BBAABF/11/ja"
"特開2022-181063","特願2021-087893","2021/05/25","2022/12/07","ファクシミリ通信装置、通信システムおよび通信制御方法","シャープ株式会社","H04N1/32,037,H04N1/00,350,H04N1/00@J,G06K9/00@S,G06V30/00@S","特開2022-181063","","","","","https://www.j-platpat.inpit.go.jp/c1800/PU/JP-2022-181063/8F5932CB550E75566A6F63C23A47F219912975EDF4EA2131215A4942CC91F0A6/11/ja"
"特開2022-180917","特願2021-087679","2021/05/25","2022/12/07","非接触入力装置","株式会社エイサムテクノロジー","G06F3/0346,421,G06F3/01,570","特開2022-180917","","","","","https://www.j-platpat.inpit.go.jp/c1800/PU/JP-2022-180917/4BE98DA83986E1179CF91D81787B6E452E0675FF99BCAE529D1970B2253C8B57/11/ja"
"特開2022-180866","特願2021-087600","2021/05/25","2022/12/07","情報処理装置及びプログラム","大日本印刷株式会社","G06K9/62,610@Z,G06V30/242","特開2022-180866","","","","","https://www.j-platpat.inpit.go.jp/c1800/PU/JP-2022-180866/2730FB73D6744B65C3B00CD95A991703B96774545183D941FC834D12F48EC174/11/ja"
"特許7184411","特願2022-099004","2022/06/20","2022/12/06","文字認識プログラムの評価方法、文字認識プログラムの評価システムおよび文字認識プログラム用教師データの製造方法","深山　健彦","G06V30/12@C,G06V30/194","","","特許7184411","","","https://www.j-platpat.inpit.go.jp/c1800/PU/JP-7184411/4F950A09B27065619594F4A32123693A3902228D38B6114521A1DA60E278794B/15/ja"
"特許7184218","特願2022-047914","2022/03/24","2022/12/06","音響機器および該音響機器のパラメータ出力方法","ヤマハ株式会社","G10H1/043,G10L25/48,100,G10L25/48,G10L25/51,300,G10H1/043@B","","","特許7184218","","","https://www.j-platpat.inpit.go.jp/c1800/PU/JP-7184218/EB18812434219131D5DF8EA96D6D7F1D521F1C1D0018000B129C9F7527121155/15/ja"
"特開2022-180519","特願2022-149886","2022/09/21","2022/12/06","画像処理方法、画像処理モデルのトレーニング方法、装置及び記憶媒体","ベイジン　バイドゥ　ネットコム　サイエンス　テクノロジー　カンパニー　リミテッド","G06T7/00,350@C,G06N3/08,180,G06N3/04","特開2022-180519","","","","","https://www.j-platpat.inpit.go.jp/c1800/PU/JP-2022-180519/0719A4477C6283B945F993970F0F5710AB2ECD7B41AD1936BD6F22EEC0B199E3/11/ja"
"特開2022-180516","特願2022-149805","2022/09/21","2022/12/06","音声に基づく医療評価","カナリー・スピーチ，エルエルシー","A61B10/00@H,G10L15/00,200@L,G10L13/00,100@M,G10L15/22,300@Z,G10L25/66,A61B5/16,200,A61B5/16,110,A61B5/00@A,G16H10/20,G16H50/20","特開2022-180516","","","","","https://www.j-platpat.inpit.go.jp/c1800/PU/JP-2022-180516/9E4FDA62A1EDFF89B8B7956AD9936072BDD8E9972A2E3F7CAD45F2C7ABB139BB/11/ja"
"特開2022-180368","特願2022-133794","2022/08/25","2022/12/06","ＶＲ観戦のための拡大された視野再レンダリング","株式会社ソニー・インタラクティブエンタテインメント","A63F13/86,A63F13/428,A63F13/52,A63F13/53,A63F13/211,A63F13/213,G06F3/01,510,H04L67/131,H04N21/234","特開2022-180368","","","","","https://www.j-platpat.inpit.go.jp/c1800/PU/JP-2022-180368/98F5925EE4329087884681385A4CE5E9640774E41EAECB115709A3BC2120D48F/11/ja"
"特開2022-180363","特願2022-132436","2022/08/23","2022/12/06","データベースを構築する方法","シスメックス株式会社,国立大学法人大阪大学","G16B25/00,C12Q1/6874@Z,C12M1/00@A,C12N15/09,200","特開2022-180363","","","","","https://www.j-platpat.inpit.go.jp/c1800/PU/JP-2022-180363/53EC4CD839035BEA927F577F2D10DFD6F0429BEC0F27580BCC8FE0DACBCA00BD/11/ja"
"特開2022-180294","特願2022-038763","2022/03/14","2022/12/06","自律型車両のためのモーション・プランニング軌道において到着時間及び安全性手順を使用すること","エヌビディア　コーポレーション","B60W30/10,B60W60/00,G08G1/16@C","特開2022-180294","","","","","https://www.j-platpat.inpit.go.jp/c1800/PU/JP-2022-180294/633EFEA871193B77FD574745E5499B71FFAB9376C8573BEFDFEB967CFA4E4B15/11/ja"
"特開2022-180282","特願2021-210522","2021/12/24","2022/12/06","ペルソナチャットボット制御方法及びシステム","ネイバー　コーポレーション","G06F40/56","特開2022-180282","","","","","https://www.j-platpat.inpit.go.jp/c1800/PU/JP-2022-180282/9D63B9C3A458C3A21C3791F1896BFCA6B2E1D6C6482F17DCF41F88DA08FEA37E/11/ja"
"特開2022-180281","特願2021-204240","2021/12/16","2022/12/06","車両用リアビュー警報システム","宏佳騰動力科技股▲分▼有限公司","G08G1/16@D,G06T7/00,650@B","特開2022-180281","","","","","https://www.j-platpat.inpit.go.jp/c1800/PU/JP-2022-180281/277C1CE64BF07D7FED18B900CFC0423B3DB4EC57DA1DC6648B0CDAB96DD1CC9F/11/ja"
"特開2022-180232","特願2021-087219","2021/05/24","2022/12/06","ロボット、およびロボットシステム","東京瓦斯株式会社","G10L13/08,124,G10L15/10,500@Z,G06F3/16,610,G06F3/16,650","特開2022-180232","","","","","https://www.j-platpat.inpit.go.jp/c1800/PU/JP-2022-180232/9065CE2ED923577DB24F9AFBDB2817033CA4BAAA3555842B3F42BA409E75418C/11/ja"
"特開2022-180204","特願2021-087168","2021/05/24","2022/12/06","医用画像処理装置、医用画像処理方法、及び医用画像処理プログラム","キヤノンメディカルシステムズ株式会社","A61B6/03,360@J,A61B6/03,360@M,G06T7/13,G06T7/00,612","特開2022-180204","","","","","https://www.j-platpat.inpit.go.jp/c1800/PU/JP-2022-180204/A270E76741FB7E65573CABF0F207DB2CEEA26F90D674213C36C3775C9A6805FA/11/ja"
"特開2022-180185","特願2021-087143","2021/05/24","2022/12/06","情報処理方法、情報処理装置及びプログラム","武田薬品工業株式会社","G06Q30/02,300,G06Q30/0201","特開2022-180185","","","","","https://www.j-platpat.inpit.go.jp/c1800/PU/JP-2022-180185/ACC54F1615CC0A0506D966DFE61C2F46F44B74AA29F950496746F03AFAC3978E/11/ja"
"特開2022-180080","特願2021-086993","2021/05/24","2022/12/06","情報処理システム","ＴＸＰ　Ｍｅｄｉｃａｌ株式会社","G16H20/10","特開2022-180080","","","","","https://www.j-platpat.inpit.go.jp/c1800/PU/JP-2022-180080/31123B3F514E83F16D2D84A667D058BD4B92045A6C831BDC66CD9082AD3B64B0/11/ja"
"特開2022-179894","特願2021-086696","2021/05/24","2022/12/06","ウィルス感染リスク評価システム","東日本旅客鉄道株式会社","G16H50/80,G06Q50/30,G16Y10/40","特開2022-179894","","","","","https://www.j-platpat.inpit.go.jp/c1800/PU/JP-2022-179894/3B01273F1BEB9312DA5686EC87B378CFF4468D87E8FC908964CBF92E680A884D/11/ja"
"特許7182811","特願2021-147451","2021/09/10","2022/12/05","人工知能基盤検出モデルに対する学習データを生成するための方法、システムおよび記録媒体","エアリス　カンパニー，リミテッド","G06T7/00,350@Z,G06T19/00@A,G06T17/00","特開2023-007299","","特許7182811","","","https://www.j-platpat.inpit.go.jp/c1800/PU/JP-7182811/5168F2205D86E29C3DF94125AAA8E419F8837B4E208AEEFC38F3F538692187E1/15/ja"
"特開2022-179731","特願2022-164555","2022/10/13","2022/12/02","スリットランプ顕微鏡及び眼科システム","株式会社トプコン","A61B3/135","特開2022-179731","","","","","https://www.j-platpat.inpit.go.jp/c1800/PU/JP-2022-179731/99AE0393113A006265D866B2F97D7C1EAFEA27CDC2FC9014F57469FA2AE32051/11/ja"
"特開2022-179722","特願2022-164438","2022/10/13","2022/12/02","情報処理装置、情報処理方法及びプログラム","ＮＴＴテクノクロス株式会社","G06F16/90,100","特開2022-179722","","","","","https://www.j-platpat.inpit.go.jp/c1800/PU/JP-2022-179722/9C5FB6EE140D1868BACE372C830E1252EA4EE71178C7F4853F4FE05E9D32432F/11/ja"
"特開2022-179493","特願2022-142635","2022/09/08","2022/12/02","広告作成支援装置、広告作成支援方法及びプログラム","カシオ計算機株式会社","G06Q30/02,444,G06F3/0482,G06F3/0481,G06T11/60,100@A","特開2022-179493","","","","","https://www.j-platpat.inpit.go.jp/c1800/PU/JP-2022-179493/0CF269D8BB862AAF56BE9A55877F86C3887AB3329473BEF7FDB70A2AE2466F6A/11/ja"
"特開2022-179474","特願2022-127008","2022/08/09","2022/12/02","仮想オブジェクト制御方法並びにその、装置、コンピュータ装置及びプログラム","▲騰▼▲訊▼科技（深▲セン▼）有限公司","A63F13/533,A63F13/2145,A63F13/426,A63F13/537,A63F13/55,A63F13/52","特開2022-179474","","","","","https://www.j-platpat.inpit.go.jp/c1800/PU/JP-2022-179474/F05034245DFAE09966F7D7DF3FF83C568CB40D3605C78D230B95A3A5844C9612/11/ja"
"特開2022-179438","特願2022-082273","2022/05/19","2022/12/02","非接触型状態検出装置及び非接触型状態検出プログラム","Ｚｅｒｏ　Ｔｏ　Ｉｎｆｉｎｉｔｙ株式会社,カミエンス・テクノロジー株式会社","A61B5/16,110,A61B5/16,120,A61B5/113,A61B5/02@G,A61B5/02,310@B,A61B5/01,350,G06T7/20,300@Z,A61B5/11,120","特開2022-179438","","","","","https://www.j-platpat.inpit.go.jp/c1800/PU/JP-2022-179438/91EB006993A384053886A0AD1DF2D0ED3A9EE415C7B2EA4979FACEA39C50A14A/11/ja"
"特開2022-179378","特願2022-078091","2022/05/11","2022/12/02","ストリーミング・コンテンツのためのリアルタイム向上","エヌビディア　コーポレーション","H04N21/431,G06T3/40,730,H04N21/438,H04N5/232,290,H04N5/232,300","特開2022-179378","","","","","https://www.j-platpat.inpit.go.jp/c1800/PU/JP-2022-179378/991C8A8F722A2FB9513DD260C98B855D5670D2CF2EE29D7EF3EB96694867E76C/11/ja"
"特開2022-179368","特願2022-072977","2022/04/27","2022/12/02","機械学習を用いたスーパビジョンの拡張","エヌビディア　コーポレーション","G06N20/00,130,G06T7/00,350@C,G06V20/70,G06F16/58","特開2022-179368","","","","","https://www.j-platpat.inpit.go.jp/c1800/PU/JP-2022-179368/631B4E14B21C6F45D7CB236BB0CFA52E2F50BA6B7077515763B6FEA8D00915F0/11/ja"
"特開2022-179340","特願2022-056534","2022/03/30","2022/12/02","ブロックチェーンコミュニティ管理方法、装置、機器および記憶媒体","ベイジン　バイドゥ　ネットコム　サイエンス　テクノロジー　カンパニー　リミテッド","G06F21/62,318","特開2022-179340","","","","","https://www.j-platpat.inpit.go.jp/c1800/PU/JP-2022-179340/FF62CB1CBF8A58B5AC2E7F0EDC6EA2EFEE0ABDEDDD02FCF2BFAA0ECBF0403865/11/ja"
"特開2022-179307","特願2022-007109","2022/01/20","2022/12/02","ニューラルネットワークトレーニング方法、装置、電子機器、媒体及びプログラム製品","ベイジン　バイドゥ　ネットコム　サイエンス　テクノロジー　カンパニー　リミテッド","G06N3/08,G06N3/092,G06N3/098","特開2022-179307","","","","","https://www.j-platpat.inpit.go.jp/c1800/PU/JP-2022-179307/70EB6048BA88EE26435EE8199F96D6BDD6F56D6DE9115C088C40CF7035B76AED/11/ja"
"特開2022-179229","特願2021-086558","2021/05/21","2022/12/02","文章データ管理方法、文章データ管理システム","株式会社日立製作所","G06F40/151,G06F40/279","特開2022-179229","","","","","https://www.j-platpat.inpit.go.jp/c1800/PU/JP-2022-179229/C47A5C1F667AA1B95F167FF3FB47AD492DBA0FB3E4FCDA68827C6F984210F94C/11/ja"
"特開2022-179213","特願2021-086536","2021/05/21","2022/12/02","搬送装置及びその搬送方法","トーヨーカネツ株式会社","B65G47/68@D,B65G13/10,B65G47/28@C","特開2022-179213","","","","","https://www.j-platpat.inpit.go.jp/c1800/PU/JP-2022-179213/9E8684177BA0F73A04AC4470F070AE48E7A6D9FC1CC46FA6182B3BF76E22DDEE/11/ja"
"特開2022-179127","特願2021-086396","2021/05/21","2022/12/02","制御装置、表示制御システム、方法、および制御プログラム","シャープ株式会社","G09G5/36,520@F,G09G5/10@B,G09G5/36,520@C,H04N7/01,170,G06T3/40,730,G09G5/37,200,G09G5/373,100","特開2022-179127","","","","","https://www.j-platpat.inpit.go.jp/c1800/PU/JP-2022-179127/BC7574B3DB5475D7AA3DCDDE4217E6E4AEDDF66972D67DB94B82B394AD75E23C/11/ja"
"特開2022-179121","特願2021-086383","2021/05/21","2022/12/02","カメラ装置および画像処理方法","パナソニックｉ－ＰＲＯセンシングソリューションズ株式会社","H04N5/232,290,H04N5/235,500,H04N23/60,500,H04N23/741","特開2022-179121","","","","","https://www.j-platpat.inpit.go.jp/c1800/PU/JP-2022-179121/9267D8D325224867E0E018C4BF323898A75D30D16EC1FA044FF64640BBF8E5F2/11/ja"
"特開2022-179081","特願2021-086324","2021/05/21","2022/12/02","遠隔操作支援システム、遠隔操作支援装置","住友重機械工業株式会社","E02F9/20@N,E02F9/24@B,H04N7/18@J,B66C13/40@A,B66C23/88@D","特開2022-179081","","","","","https://www.j-platpat.inpit.go.jp/c1800/PU/JP-2022-179081/5CE63994135BB6781EB0621AE6C799625A9F835D6626B5614D951B3B86E559EB/11/ja"
"特開2022-179079","特願2021-086322","2021/05/21","2022/12/02","部分構造選択ステップを含む設計データの生成方法、機能性分子の設計データの生成方法、機能性分子の設計プログラム及び機能性分子","国立研究開発法人物質・材料研究機構,国立研究開発法人理化学研究所","G16C20/50,G16C20/70","特開2022-179079","","","","","https://www.j-platpat.inpit.go.jp/c1800/PU/JP-2022-179079/60BB3C813D11FADDD09F07BE7FB175BB39B27AEBF53F0ED9778F82D772078C95/11/ja"
"特開2022-178903","特願2021-086019","2021/05/21","2022/12/02","乳腺病変から計算可能なイメージングバイオマーカを用いた鑑別診断支援方法、画像診断支援装置、および画像診断支援プログラム","ビジョナリーイメージングサービス株式会社,学校法人　聖マリアンナ医科大学","A61B8/14","特開2022-178903","","","","","https://www.j-platpat.inpit.go.jp/c1800/PU/JP-2022-178903/35583AF4462AC3F24F5E97275764D56174F8B170038DF8B3941A1EA767AB8A99/11/ja"
"特開2022-178766","特願2021-085793","2021/05/21","2022/12/02","顔認証システム、顔認証システムのブラウザのプログラム","株式会社サテライトオフィス","G06F21/32,G06T7/00,510@F,G06V40/16@A","特開2022-178766","","","","","https://www.j-platpat.inpit.go.jp/c1800/PU/JP-2022-178766/8706F9B6671CED179A04AF2EAEADF3424FE2A5B293E403C9EB6EEC606FAF3B78/11/ja"
"特開2022-178746","特願2021-085770","2021/05/21","2022/12/02","画像処理装置、画像処理システム、画像処理方法及びプログラム","株式会社リコー","H04N1/00,002@A,B41J29/393,105,B41J2/525,G03G15/00,303,B41J29/38","特開2022-178746","","","","","https://www.j-platpat.inpit.go.jp/c1800/PU/JP-2022-178746/AB5A7A27AAE9EAC98A6DA8E4E4089055D27A336D8D60FB15DD33F7E03424C8F5/11/ja"
"特開2022-178745","特願2021-085768","2021/05/21","2022/12/02","無線給電システム","三菱電機株式会社","H02J50/50,H02J50/90","特開2022-178745","","","","","https://www.j-platpat.inpit.go.jp/c1800/PU/JP-2022-178745/F94D622170AB576F5D691ACB1A99C6B3A4EF1B19E5D9D2F9B45EE6C0DCD97500/11/ja"
"特開2022-178318","特願2021-085044","2021/05/20","2022/12/02","生体情報管理システム、生体情報管理方法、及び生体情報管理プログラム","学校法人　埼玉医科大学,株式会社Ｔ’ｓ　Ｐｒｏｄｕｃｔｓ","G16H10/00,G16H20/00,G16H50/70","特開2022-178318","","","","","https://www.j-platpat.inpit.go.jp/c1800/PU/JP-2022-178318/6965484477BB3FB42B9575E4CBA397E3A88D1DD2A322F055B539EFE9EFFCC5B0/11/ja"
"特開2022-178309","特願2021-085034","2021/05/20","2022/12/02","情報処理装置及び情報処理プログラム","富士フイルムビジネスイノベーション株式会社","G06K9/62,620@D,G06K9/38@Z,G06V30/162@Z,G06V30/24,620@D","特開2022-178309","","","","","https://www.j-platpat.inpit.go.jp/c1800/PU/JP-2022-178309/FA4F1FDC13AFA66CE075119E029BAFEA4400C3C35D79328445C4F9D22C18D021/11/ja"
"特開2022-178304","特願2021-085024","2021/05/20","2022/12/02","情報処理装置、制御方法、および制御プログラム","富士通株式会社","G06F13/00,520@A,H04L67/06,H04L67/00","特開2022-178304","","","","","https://www.j-platpat.inpit.go.jp/c1800/PU/JP-2022-178304/4834688F2F60F688615F198D33C06B2619C9F1ACF247767DAEE4E96C287977B4/11/ja"
"特開2022-178248","特願2021-084891","2021/05/19","2022/12/02","プログラム、画像処理方法、画像処理システム及び画像処理装置","グローリー株式会社","G06T7/00,300@B,G06T7/00,660@A,G06T7/20,300@Z,A61B5/01,350,H04N7/18@D","特開2022-178248","","","","","https://www.j-platpat.inpit.go.jp/c1800/PU/JP-2022-178248/14408684A9B5147379DD536C72184F099E712D42A19458720EC886C97A15C1B0/11/ja"
"特開2022-178179","特願2021-084763","2021/05/19","2022/12/02","車両用シートオーダーシステム及び測定用シート","トヨタ紡織株式会社","G06Q50/04,A47C31/12,B60N2/90","特開2022-178179","","","","","https://www.j-platpat.inpit.go.jp/c1800/PU/JP-2022-178179/472F6929442428664A76927B30591260DC87EC31B5C3F57F69915B2EBA3C0129/11/ja"
"特開2022-178106","特願2021-084654","2021/05/19","2022/12/02","画像処理装置、画像処理方法、及び画像処理プログラム","シャープ株式会社","H04N1/40,062","特開2022-178106","","","","","https://www.j-platpat.inpit.go.jp/c1800/PU/JP-2022-178106/E2C46E7E56F514ED5620CA2E6801E8726A19C400B4038735B4BC3E97B5487824/11/ja"
"特開2022-177892","特願2021-084323","2021/05/19","2022/12/02","異常検知システム及びその方法","株式会社日立製作所","G06N3/02","特開2022-177892","","","","","https://www.j-platpat.inpit.go.jp/c1800/PU/JP-2022-177892/534ACB417674A11AA7A49A8C64C601AFD56EBE14E34B4FB88F9C191AB13EE447/11/ja"
"特開2022-177829","特願2022-081062","2022/05/17","2022/12/01","コンピュータ実施方法、システム、およびコンピュータプログラム（ＡＩシステムの訓練のための説明の活用）","インターナショナル・ビジネス・マシーンズ・コーポレーション","G06N3/08,G06N20/00,160,G06N3/04,100,G06N3/098","特開2022-177829","","","","","https://www.j-platpat.inpit.go.jp/c1800/PU/JP-2022-177829/CEEFA7AC3108EDF238417430B5D96A9D081594CE12AD1B77377078BADC48B30D/11/ja"
"特開2022-177793","特願2022-040721","2022/03/15","2022/12/01","ディープラーニングフレームワークのオペレータ登録方法、装置、デバイス及び記憶媒体","ベイジン　バイドゥ　ネットコム　サイエンス　テクノロジー　カンパニー　リミテッド","G06F8/30","特開2022-177793","","","","","https://www.j-platpat.inpit.go.jp/c1800/PU/JP-2022-177793/0B789097BD83C21ACC921D4D5BCAF6ADA567417B2AC2D57F450B2224E0D02591/11/ja"
"特開2022-177791","特願2022-028719","2022/02/25","2022/12/01","非接触式の眼球物性測定装置","合同会社クオビス","A61B3/16,300","特開2022-177791","","","","","https://www.j-platpat.inpit.go.jp/c1800/PU/JP-2022-177791/BAC0262B8250A6F77DCCD07D49D18E2DDC2E157E515F983F859373C11221B554/11/ja"
"特開2022-177435","特願2021-083688","2021/05/18","2022/12/01","顔画像データから燃え尽き症候群を検知し離職を予測するシステム","テックウインド株式会社,国立大学法人　筑波大学","G06Q10/04,A61B5/16,120,A61B10/00@H,G06T7/00,660@A","特開2022-177435","","","","","https://www.j-platpat.inpit.go.jp/c1800/PU/JP-2022-177435/8C99008B0F5F0CD3A3C39CF6C16AFD702BB8BBAC06413595A33F25A56AC7550A/11/ja"
"特開2022-177388","特願2021-083595","2021/05/18","2022/12/01","会話記憶プログラム、モバイル端末、及び、会話記憶システム","野上　英豊","H04M1/72403","特開2022-177388","","","","","https://www.j-platpat.inpit.go.jp/c1800/PU/JP-2022-177388/A7B821785A7771A55A8031F831AD26F15B5994FA8FE14BC3CEC40091619C2FD7/11/ja"
