﻿"文献番号","出願番号","出願日","公知日","発明の名称","出願人/権利者","FI","公開番号","公告番号","登録番号","審判番号","その他","文献URL"
"特表2023-501536","特願2022-527149","2020/11/03","2021/07/29","人工知能型マルチメディア装置の制御方法及びシステム","ワンダフル　プラットフォーム　リミテッド","G10L15/28,230@Z,G10L15/22,200@H","特表2023-501536","","","","","https://www.j-platpat.inpit.go.jp/c1800/PU/JP-2023-501536/A402AC7EABB033463C9432AE756D04D052510D142DCEC0CEE73B4ED96A3DF773/11/ja"
"特表2023-501535","特願2022-527148","2020/11/03","2021/07/29","クレードルの駆動パターンを用いた支援システム","ワンダフル　プラットフォーム　リミテッド","H04M1/12@D,H04Q9/00,341@A,H04M11/00,301","特表2023-501535","","","","","https://www.j-platpat.inpit.go.jp/c1800/PU/JP-2023-501535/8E98C7AF17174DA7090ABBFD10F213B971CA7B71CE2FD0D35E7FF072EB1FDBAE/11/ja"
"特表2022-554119","特願2022-523504","2020/11/23","2021/07/29","内視鏡画像処理方法、装置、電子機器及びコンピュータプログラム","▲騰▼▲訊▼科技（深▲セン▼）有限公司","A61B1/045,613,A61B1/045,618,G06T7/70@A,G06T7/00,612","特表2022-554119","","","","","https://www.j-platpat.inpit.go.jp/c1800/PU/JP-2022-554119/F961BB81FBFEAD7E9B7AC9E35C3AE60B7E3A27B33372E6B5B968832ED55FD61E/11/ja"
"特表2022-552306","特願2022-521474","2020/11/10","2021/07/29","仮想環境における仮想キャラクタ制御方法、装置及び機器","▲騰▼▲訊▼科技（深▲セン▼）有限公司","A63F13/55,A63F13/58,A63F13/577,A63F13/837,G06T13/40","特表2022-552306","","","","","https://www.j-platpat.inpit.go.jp/c1800/PU/JP-2022-552306/E04C5DCA9BF63FA2B759BF7215ED711CA53068CEDB387EB8F976EA3D115DBF23/11/ja"
"特表2022-531564","特願2021-563217","2021/01/13","2021/07/29","ビデオコーディング方法及びシステム","テンセント・アメリカ・エルエルシー","H04N19/46,H04N19/593","特表2022-531564","","","","","https://www.j-platpat.inpit.go.jp/c1800/PU/JP-2022-531564/3A3BAD83EEDF3064FF37374A7BB1D1AC889AEB0B1C9D1C030DDD3836D2CA10B4/11/ja"
"特表2022-527318","特願2021-558016","2020/12/23","2021/07/29","データ処理装置、及び人工知能チップ","上▲海▼商▲湯▼智能科技有限公司","G06F7/57,204","特表2022-527318","","","","","https://www.j-platpat.inpit.go.jp/c1800/PU/JP-2022-527318/C6335153D065E41A25F6A29AC95A903B1C3931592D4042BA289EBC542EC46395/11/ja"
"特表2022-522667","特願2021-549701","2021/01/20","2021/07/29","メイクアップ処理方法、装置、電子デバイス、及び記録媒体","深▲チェン▼市商▲湯▼科技有限公司","G06T1/00,340@A","特表2022-522667","","","","","https://www.j-platpat.inpit.go.jp/c1800/PU/JP-2022-522667/C1DDE5BD394E5E767CD5E7DE6F2E6E40E793038651F6B6BF880A68EFADA66684/11/ja"
"特表2022-520912","特願2021-518628","2020/07/20","2021/07/29","データ処理方法、装置及びチップ、電子機器、記憶媒体","深▲チェン▼市商▲湯▼科技有限公司","G06F17/10@A,G06T7/00,350@C","特表2022-520912","","","","","https://www.j-platpat.inpit.go.jp/c1800/PU/JP-2022-520912/08887F45837E8C63A1B1634F4209D2CC54F45C4F286B73694EE7CAA258AA9DD9/11/ja"
"特開2021-108535","特願2021-049445","2021/03/24","2021/07/29","電池パック制御装置及び方法、電源機器、システム、プログラム、並びにコンピュータ読み取り可能な記憶媒体","百度在線網絡技術（北京）有限公司","H02J7/34@G,H01M10/48@P,H01M10/44@P","特開2021-108535","","","","","https://www.j-platpat.inpit.go.jp/c1800/PU/JP-2021-108535/9EA8B446B38F617D8390F94EBE4D85497627DBB0BBD9437335D5C2FDE30CCF14/11/ja"
"特開2021-108489","特願2021-067578","2021/04/13","2021/07/29","撮像装置、チップ、携帯電話","株式会社半導体エネルギー研究所","H04N5/369,H01L27/146@A,H04N25/70","特開2021-108489","","","拒絶2022-018451","","https://www.j-platpat.inpit.go.jp/c1800/PU/JP-2021-108489/A2C571947B70865D04F2E8113714667D478BA00DE44B64A77E2FFB042C4605A4/11/ja"
"特開2021-108215","特願2021-073088","2021/04/23","2021/07/29","画像の認識方法、装置、電子デバイス、コンピュータ記憶媒体、及びプログラム","ベイジン　バイドゥ　ネットコム　サイエンス　アンド　テクノロジー　カンパニー　リミテッド","G06T7/00,350@C,G06T7/00,660@A,G06V10/34","特開2021-108215","","","","","https://www.j-platpat.inpit.go.jp/c1800/PU/JP-2021-108215/55A7FFB24BAD7D5650D54C5C5B8B4D249C53F95F1B8EAEAA5DB67061B89DDC9C/11/ja"
"特開2021-108188","特願2021-065950","2021/04/08","2021/07/29","画像解析および予測に基づく視覚検索","イーベイ　インク．","G06F16/535,G06T7/00,350@B,G06V10/88,G06V20/62","特開2021-108188","","","","","https://www.j-platpat.inpit.go.jp/c1800/PU/JP-2021-108188/3288868B069F551D41B107CA0E82F5C1E54ED4606702569182E8D14404F2542A/11/ja"
"特開2021-108186","特願2021-065839","2021/04/08","2021/07/29","画像認識方法、装置、電子デバイス、記憶媒体、及びプログラム","ベイジン　バイドゥ　ネットコム　サイエンス　アンド　テクノロジー　カンパニー　リミテッド","G06T1/40,G06T7/00,350@C","特開2021-108186","","","","","https://www.j-platpat.inpit.go.jp/c1800/PU/JP-2021-108186/3AD788274B618C6FD0FEB40F9E58019AA5400D1211D54C9E6539E86CBF4C395F/11/ja"
"特開2021-108183","特願2021-065388","2021/04/07","2021/07/29","意図推薦方法、装置、機器及び記憶媒体","ベイジン　バイドゥ　ネットコム　サイエンス　テクノロジー　カンパニー　リミテッド","G06F16/28,G06F16/9035","特開2021-108183","","特許7201730","","","https://www.j-platpat.inpit.go.jp/c1800/PU/JP-2021-108183/83086EA0DD4C953D0B7EB7E0765AD0F060F33A41639EDDF5856B5C667A4BCA8D/11/ja"
"特開2021-108178","特願2021-064823","2021/04/06","2021/07/29","マルチラウンド対話の検索方法、装置、記憶媒体および電子機器","バイドゥ　オンライン　ネットワーク　テクノロジー　（ベイジン）　カンパニー　リミテッド","G06F16/90,100","特開2021-108178","","","","","https://www.j-platpat.inpit.go.jp/c1800/PU/JP-2021-108178/562B9C5E1FB7377800F9C848A8D5535071D7CB3E438B876D17D91B57CD32653B/11/ja"
"特開2021-108173","特願2021-064517","2021/04/06","2021/07/29","商品情報管理システム及びサービス情報管理システム","株式会社すなおネット","G06Q30/02,G06Q30/02,320,G06Q30/02,338,G06Q30/02,470,G06Q30/00,340,G06Q30/015,G06Q30/018,G06Q30/0207,G06Q30/0217","特開2021-108173","","特許6919956","","","https://www.j-platpat.inpit.go.jp/c1800/PU/JP-2021-108173/CEB183A084BBB1372BC59F15160035F64E7064ED816CBBA285E49D460AA8CC36/11/ja"
"特開2021-108153","特願2021-049630","2021/03/24","2021/07/29","文書タイトルツリーの構築方法、装置、電子設備、記憶媒体、及びプログラム","ベイジン　バイドゥ　ネットコム　サイエンス　アンド　テクノロジー　カンパニー　リミテッド","G06F40/137,G06F40/258,G06F40/216","特開2021-108153","","特許7169389","","","https://www.j-platpat.inpit.go.jp/c1800/PU/JP-2021-108153/9A0F99F7576386EF6A428780CE09B58D81E03A7D6B327388476FCAF71183B7E4/11/ja"
"特開2021-108140","特願2021-042217","2021/03/16","2021/07/29","情報抽出方法、情報抽出装置及び電子機器","北京百度網訊科技有限公司","G06N5/02,120,G06N3/02,G06F16/90,100,G06N3/04,154,G06F16/90,G06F40/216,G06N3/045,G06N5/022","特開2021-108140","","特許7146986","","","https://www.j-platpat.inpit.go.jp/c1800/PU/JP-2021-108140/87A514AA066A9E95331ACC27AF97E0101C706E958B566B0E7CF53B24ED279BA0/11/ja"
"特開2021-108133","特願2021-037723","2021/03/09","2021/07/29","遊技用代用貨幣、検査装置、遊技用代用貨幣の製造方法、及びテーブルゲームの管理システム","エンゼルプレイングカード株式会社","G06Q50/10,A63F1/06@Z,A63F1/06@A,G06K7/10,264,G06K19/04,070,G06K19/06,009,G06K19/07,230,G06K7/10,300","特開2021-108133","","","","","https://www.j-platpat.inpit.go.jp/c1800/PU/JP-2021-108133/C1AD0D98D4450BCD4B5B9BEFF4E3B5F81D3D5068B302171EF075574992076833/11/ja"
"特開2021-108110","特願2020-192869","2020/11/19","2021/07/29","車両の損傷の監視及び予測を行うためのシステム並びに方法","ディー．エス．レイダー　エルティーディー","G06F11/34,176,G06F11/07,151,G06N20/00,B60W50/02,F02D45/00,345","特開2021-108110","","","","","https://www.j-platpat.inpit.go.jp/c1800/PU/JP-2021-108110/22A0B1826A491922C7853A5CE5C4BE8FD85817F922726A709CA70890303633D4/11/ja"
"特開2021-108103","特願2020-154080","2020/09/14","2021/07/29","量子化した収束方向ベースのレイソーティング用の装置及び方法","インテル・コーポレーション","G06T15/06","特開2021-108103","","","","","https://www.j-platpat.inpit.go.jp/c1800/PU/JP-2021-108103/4C188F87B9381C8207700D63B75D279788CC3A9C89C0A8F27D174D12EFF2C5A4/11/ja"
"特開2021-108101","特願2020-143818","2020/08/27","2021/07/29","アルファ値を用いてレイトレーシング効果を向上させる装置及び方法","インテル・コーポレーション","G06T15/06","特開2021-108101","","","","","https://www.j-platpat.inpit.go.jp/c1800/PU/JP-2021-108101/03F9ADD668D4483F82238951E0F9228AE069204EA2069320CC93A40A17B8D326/11/ja"
"特開2021-108095","特願2020-099063","2020/06/08","2021/07/29","スピーチ理解における解析異常の情報を出力するための方法","ベイジン　バイドゥ　ネットコム　サイエンス　アンド　テクノロジー　カンパニー　リミテッド","G06F3/16,680,G10L15/00,200@A,G06F40/35,G06F3/16,650,G10L15/22,300@Z,G10L15/22,460@Z,G10L15/00,200@F","特開2021-108095","","特許7182584","","","https://www.j-platpat.inpit.go.jp/c1800/PU/JP-2021-108095/40147FD36E70BD698538F041278AE61AB1FBA86D190AD63472F51071783C5B81/11/ja"
"特開2021-108091","特願2020-081206","2020/05/01","2021/07/29","２Ｄ画像のラベリング情報に基づく３Ｄ画像ラベリング方法及び３Ｄ画像ラベリング装置","財團法人工業技術研究院","G06T7/00@C,G06V20/64","特開2021-108091","","特許7084444","","","https://www.j-platpat.inpit.go.jp/c1800/PU/JP-2021-108091/D939D540FF8D6B4416733CB745072E87ECA8E3E9E466280EC09EAC39FF782890/11/ja"
"特開2021-108072","特願2019-239783","2019/12/27","2021/07/29","レコメンドシステム、レコメンド方法およびプログラム","本田技研工業株式会社","G06F3/01,510,G10L15/10,500@N,G10L15/00,200@J,G01C21/26@C,G06F3/16,650,G06Q30/02,398,G06Q30/0251","特開2021-108072","","","","","https://www.j-platpat.inpit.go.jp/c1800/PU/JP-2021-108072/C316D6C2B5F3DE8273714D6FF76F5302D92540D541371E725B5BCD2D5481CDBB/11/ja"
"特開2021-108063","特願2019-239686","2019/12/27","2021/07/29","情報処理装置","Ｌｌｏｔｈｅｏ株式会社","G06Q10/02,G06Q30/02,322,G06Q30/0208","特開2021-108063","","","","","https://www.j-platpat.inpit.go.jp/c1800/PU/JP-2021-108063/DB4BC1F56F0DCA76666EB5B37F3E5EA8CADB54DDD1345316BA1281D33F73DCC7/11/ja"
"特開2021-108053","特願2019-239622","2019/12/27","2021/07/29","情報処理装置","株式会社ランデブー","G06Q30/02,332,G06Q30/0214","特開2021-108053","","","","","https://www.j-platpat.inpit.go.jp/c1800/PU/JP-2021-108053/325EF818F409AB167687604375120314E19DDDDCCF168BB18FB90B3F9C01C790/11/ja"
"特開2021-107991","特願2019-238808","2019/12/27","2021/07/29","情報処理装置、コンピュータプログラム及び情報処理方法","キヤノンマーケティングジャパン株式会社","G06Q50/02","特開2021-107991","","","","","https://www.j-platpat.inpit.go.jp/c1800/PU/JP-2021-107991/C41A1E14A61F6AF117832F4C6DF825DDC5538C11B3631214FFE96452055CE415/11/ja"
"特開2021-107970","特願2019-238564","2019/12/27","2021/07/29","訓練データ選別装置、ロボットシステム及び訓練データ選別方法","川崎重工業株式会社","G06N20/00,B25J9/22@A","特開2021-107970","","","","","https://www.j-platpat.inpit.go.jp/c1800/PU/JP-2021-107970/30FB4FBB8605084D6293CE7FA366012D08B4B35F0D51203A91F5E71F6D37458F/11/ja"
"特開2021-107951","特願2019-238382","2019/12/27","2021/07/29","給電管理システム、給電管理方法及び給電管理プログラム","株式会社エナリス","G06Q50/06,G06Q50/30,G06Q10/04,H02J7/00@P,H02J3/00,130,H02J3/00,170,H02J3/12,H02J13/00,301@A,H02J13/00,311@T,B60L15/20@J,B60L50/60,B60L53/14,B60L53/62,B60L53/65,B60L53/66,B60L53/67,B60L58/12","特開2021-107951","","","","","https://www.j-platpat.inpit.go.jp/c1800/PU/JP-2021-107951/658C080E0D47861D2BD2147158E416BA878A84B5E3D8A28B07C890FBB1A32C55/11/ja"
"特開2021-107650","特願2019-239416","2019/12/27","2021/07/29","切羽性状推定装置および推定方法","五洋建設株式会社,日本システムウエア株式会社","E21D9/04@Z,G06N20/00,130,G01N21/3563,G01N21/359","特開2021-107650","","","","","https://www.j-platpat.inpit.go.jp/c1800/PU/JP-2021-107650/DA3365148CA216D2F5E45A0A34E59CCFFFBD6401054872B4D44ACEBE0E7BA196/11/ja"
"特開2021-107221","特願2021-066691","2021/04/09","2021/07/29","自動車用シートの調整方法、装置、機器及び記憶媒体","ベイジン　バイドゥ　ネットコム　サイエンス　テクノロジー　カンパニー　リミテッド,阿波▲羅▼智▲聯▼（北京）科技有限公司","B60N2/90,G10L15/00,200@J,G10L25/51,400,G06F3/16,650,G06F3/01,510,G06F3/16,630","特開2021-107221","","","","","https://www.j-platpat.inpit.go.jp/c1800/PU/JP-2021-107221/8B5D133295D2F23AB21FBC1F12CC8F9C1989E83FF6CD6DFEA2FBBF2E385BE9EC/11/ja"
"特開2021-106583","特願2020-215726","2020/12/24","2021/07/29","圃場の水管理システム","株式会社クボタ","A01G25/00,501@Z,E02B13/02@C","特開2021-106583","","","","","https://www.j-platpat.inpit.go.jp/c1800/PU/JP-2021-106583/A43B60E214D9ED4D11A4EA3909220DB446F987E6C4E88CF01989A3CC3BDCD67F/11/ja"
"特開2021-106536","特願2019-239241","2019/12/27","2021/07/29","圃場の水管理装置","株式会社クボタ","A01G25/00,501@Z,A01G25/00,501@D,A01G25/00,501@E,A01G25/00,501@F,E02B13/02@A","特開2021-106536","","","","","https://www.j-platpat.inpit.go.jp/c1800/PU/JP-2021-106536/2D219A0E938E1EF46BF12877ABCFE8C7F9B9E03A79280FFE33AEF8297FF4BC0C/11/ja"
"特開2021-106535","特願2019-239240","2019/12/27","2021/07/29","圃場の水管理装置","株式会社クボタ","A01G25/00,501@Z,A01G25/00,501@D,A01G25/00,501@E,A01G25/00,501@F,E02B13/02@A","特開2021-106535","","","","","https://www.j-platpat.inpit.go.jp/c1800/PU/JP-2021-106535/7F7787298402F6888C3E382F1513D3A9FFCC9B081991905AD7E0AFB53BD55116/11/ja"
"特開2021-106534","特願2019-239239","2019/12/27","2021/07/29","圃場の水管理システム","株式会社クボタ","A01G25/00,501@Z,A01G25/00,501@D,A01G25/00,501@E,A01G25/00,501@F,E02B13/02@A,G06T1/00,280","特開2021-106534","","","","","https://www.j-platpat.inpit.go.jp/c1800/PU/JP-2021-106534/E8479F9A983542337BC9214EE3F0B46B4AEDD8CEF7298F61244203249B3C836E/11/ja"
"特開2021-106533","特願2019-239238","2019/12/27","2021/07/29","圃場の水管理システム","株式会社クボタ","A01G25/00,501@E,A01G25/00,501@D,A01G25/00,501@F,A01G25/00,501@Z,E02B13/02@A,G08B21/00@E,G08B25/00,510@M","特開2021-106533","","","","","https://www.j-platpat.inpit.go.jp/c1800/PU/JP-2021-106533/8D3BD358B4AA9629777AE57CB1FB74D489376AB49BABF904B87FFEAB4108500D/11/ja"
"特開2021-106532","特願2019-239237","2019/12/27","2021/07/29","圃場の水管理装置","株式会社クボタ","A01G25/00,501@Z,A01G25/00,501@D,A01G25/00,501@E,A01G25/00,501@F,E02B13/02@A,G01S19/07,G01S19/41,G01S19/43","特開2021-106532","","","","","https://www.j-platpat.inpit.go.jp/c1800/PU/JP-2021-106532/35380A3BB392C720F82CDDF463E0B2FD585E4CEA896154BD76059AE17B9843F0/11/ja"
"特開2021-106531","特願2019-239236","2019/12/27","2021/07/29","圃場の水管理装置","株式会社クボタ","A01G25/00,501@Z,A01G25/00,501@D,A01G25/00,501@E,A01G25/00,501@F,E02B13/02@A,B64C39/02,B64D27/24,B64D47/08,B64F1/28,B64F1/36,B64F3/02","特開2021-106531","","","","","https://www.j-platpat.inpit.go.jp/c1800/PU/JP-2021-106531/24CAB2188F0E4DEC51DFB94E4EADBE19CF4FB5D2356A191318B001759F31F608/11/ja"
"特開2021-106530","特願2019-239235","2019/12/27","2021/07/29","圃場の水管理システム","株式会社クボタ","A01G25/00,501@Z,A01G25/00,501@D,A01G25/00,501@E,A01M29/26,A01M29/10,A01M29/16,A01G25/00,501@F,E02B13/02@A","特開2021-106530","","","","","https://www.j-platpat.inpit.go.jp/c1800/PU/JP-2021-106530/CFC18CAB4ECCC3F39FE51E72CBFAB9A14D69DAFA3EDF430BE574C6C1D54CA240/11/ja"
"特開2021-106529","特願2019-239234","2019/12/27","2021/07/29","圃場の水管理システム","株式会社クボタ","A01G25/00,501@Z,A01G25/00,501@E,A01G25/00,501@D,A01G25/00,501@F,E02B13/02@A","特開2021-106529","","","","","https://www.j-platpat.inpit.go.jp/c1800/PU/JP-2021-106529/5D05556E95E483200838F793C7A641C4E2589B7BF683A03688B885F1AE837D51/11/ja"
"特開2021-106528","特願2019-239233","2019/12/27","2021/07/29","圃場の水管理装置及び圃場の水管理システム","株式会社クボタ","A01G25/00,501@D,A01G25/00,501@E,A01G25/00,501@Z,A01G25/00,501@F,E02B13/02@A","特開2021-106528","","","","","https://www.j-platpat.inpit.go.jp/c1800/PU/JP-2021-106528/C4C8742B4C9B322ACE8D2ADA455C3BD5293F80635251ACB1E86E199E9174FFA5/11/ja"
"特許6912128","特願2020-179504","2020/10/27","2021/07/28","問診システム、問診方法及び問診プログラム","株式会社メディカルフォレスト","G16H10/60,G16Y10/60","特開2022-070437","","特許6912128","","","https://www.j-platpat.inpit.go.jp/c1800/PU/JP-6912128/E875CB057D21C9C11C0ACFB183BD22C386F75C0A18FCB6566578757425870BB1/15/ja"
"特許6912015","特願2021-051108","2021/03/25","2021/07/28","磁気記録媒体","ソニー株式会社","G11B5/70,G11B5/714,G11B5/73,G11B5/738,G11B5/735,G11B5/706,G11B5/78,G11B15/43,G11B23/037,G11B5/84@C,G11B5/852@A,G11B7/135,G11B23/30","特開2021-163514","","特許6912015","","","https://www.j-platpat.inpit.go.jp/c1800/PU/JP-6912015/D8373D85983CC384ADA12E07A75DB2BE504105558D7E100F1A43ABB66492A750/15/ja"
"特許6911217","特願2021-057830","2021/03/30","2021/07/28","作家プロモートシステム","株式会社　Ｌｕｃｋｙ　Ｓｋｙ","G06Q50/10,G06Q30/06,300,G06Q30/0601","特開2022-154679","","特許6911217","","","https://www.j-platpat.inpit.go.jp/c1800/PU/JP-6911217/6ABA734B72C456DBD690A08028B5AE7297B0E2BB57DEAECC00B6A0F0A39EA56B/15/ja"
"特開2021-106433","特願2021-072387","2021/04/22","2021/07/26","制御装置、制御システム、制御方法及びプログラム","ＮＴＴテクノクロス株式会社","H04M3/51,H04M3/523","特開2021-106433","","特許7036973","","","https://www.j-platpat.inpit.go.jp/c1800/PU/JP-2021-106433/B645BA4C1DF5B7472C2EC3A6E740D0D989B6A6A8CF33983C5991F8999641A9ED/11/ja"
"特開2021-106262","特願2020-214807","2020/12/24","2021/07/26","メモリスタ、それを備えた半導体素子およびメモリスタを備えたアレイシステム","国立大学法人大阪大学","H01L27/105,448,H01L27/10,451,H01L29/06,601@N,G06N3/063,G11C11/54,H10B99/00,451,H10B63/00","特開2021-106262","","","","","https://www.j-platpat.inpit.go.jp/c1800/PU/JP-2021-106262/E1E42641ABC36BEFB655D1C06D3BB4225E703E6EC0DC1D0D3ADBC8B22EEA95EE/11/ja"
"特開2021-106062","特願2021-075445","2021/04/27","2021/07/26","試験問題予測システム及び試験問題予測方法","株式会社サイトビジット,株式会社資格スクエア","G06Q50/20","特開2021-106062","","","","","https://www.j-platpat.inpit.go.jp/c1800/PU/JP-2021-106062/871144D5D73751F592D3ACFA2A2837D07BC7CCC40C635A2EC11DB5DA10F0DD0E/11/ja"
"特開2021-106017","特願2021-049665","2021/03/24","2021/07/26","テキストの創作方法、装置、機器及び記憶媒体","ベイジン　バイドゥ　ネットコム　サイエンス　アンド　テクノロジー　カンパニー　リミテッド","G06F40/56","特開2021-106017","","","","","https://www.j-platpat.inpit.go.jp/c1800/PU/JP-2021-106017/2A71F3DAD766D73B389920767686D223C11541A69B7965C0BF73B374E5F51AB5/11/ja"
"特開2021-105941","特願2019-238054","2019/12/27","2021/07/26","情報処理システム、生活評価方法およびプログラム","学校法人幾徳学園","G06Q50/22,G16H20/00","特開2021-105941","","","","","https://www.j-platpat.inpit.go.jp/c1800/PU/JP-2021-105941/EDF8FA4C48D47929712CBE9B322D3EBA200E1D6CA4CA17DA0C7A9E1ADCE0B717/11/ja"
"特開2021-105921","特願2019-237814","2019/12/27","2021/07/26","情報処理装置、コンピュータプログラム及び情報処理方法","キヤノンマーケティングジャパン株式会社","G06Q50/10,G06T7/20,300@B","特開2021-105921","","","","","https://www.j-platpat.inpit.go.jp/c1800/PU/JP-2021-105921/7180B834D0990E307628CCFF817B375A678E22E7783C41934EB1E6E11ED8FBE8/11/ja"
"特開2021-105900","特願2019-237656","2019/12/27","2021/07/26","プラント制御装置およびその制御方法、圧延機制御装置およびその制御方法並びにプログラム","株式会社日立製作所","G05B13/02@L","特開2021-105900","","","","","https://www.j-platpat.inpit.go.jp/c1800/PU/JP-2021-105900/F17AE53EF676C423E7FC133FE147284495EE0F25350FFB50D5906230D37BED19/11/ja"
"特開2021-105878","特願2019-237304","2019/12/26","2021/07/26","咀嚼支援システム","サンスター株式会社","G06T7/246","特開2021-105878","","","","","https://www.j-platpat.inpit.go.jp/c1800/PU/JP-2021-105878/FEC467A0EFB9E71FF2C8824C27FD380339D3BCC596BA6EC797D9B2C35B10586D/11/ja"
"特開2021-105815","特願2019-236400","2019/12/26","2021/07/26","建物開発システム及びこれを用いた建物開発方法","株式会社建築設計センター,小澤　里佳,小澤　隆","G06Q50/08","特開2021-105815","","","","","https://www.j-platpat.inpit.go.jp/c1800/PU/JP-2021-105815/54BCAD218B22D80348C4B3C4657F6676A705E49FECC1D7DBD7BF7F0CA4D0BABF/11/ja"
"特開2021-105798","特願2019-236238","2019/12/26","2021/07/26","人工知能システム","パナソニックＩＰマネジメント株式会社","G06F21/62,318,G06F21/55","特開2021-105798","","","","","https://www.j-platpat.inpit.go.jp/c1800/PU/JP-2021-105798/E2D786B71DE5946D8F3DA25E3EE27808A8BDAB37CE8AF7834406967EC37A37DA/11/ja"
"特開2021-105796","特願2019-236232","2019/12/26","2021/07/26","人工知能システム","パナソニックＩＰマネジメント株式会社","G06F21/53,G06F9/455,150,G06N20/00,G06F21/62","特開2021-105796","","","","","https://www.j-platpat.inpit.go.jp/c1800/PU/JP-2021-105796/2F025BEC8A9F27B7D274223582A5D99D830ED0ECCD58EBE28EE3C19BF3EF1C38/11/ja"
"特開2021-105770","特願2019-235696","2019/12/26","2021/07/26","会話アシスタント装置及び方法","株式会社デンソーテン","G06F3/16,650,G10L15/00,200@J,G10L15/00,200@C,G10L15/22,460@Z,G10L13/00,100@M,G10L13/00,100@G,G06F3/16,690,G06F3/16,630,G01C21/36","特開2021-105770","","","","","https://www.j-platpat.inpit.go.jp/c1800/PU/JP-2021-105770/B306F4B54702265A382C3884C5A53541E49C06F7B436901BD5DDB1BC50778DCD/11/ja"
"特開2021-105769","特願2019-235690","2019/12/26","2021/07/26","車載装置及び応答出力制御方法","株式会社デンソーテン","G06F3/16,650,G10L15/00,200@J,G10L15/10,200@W,G10L13/00,100@M,G06F3/16,630,G06F3/16,690","特開2021-105769","","","","","https://www.j-platpat.inpit.go.jp/c1800/PU/JP-2021-105769/77CF38DB74969E4329D6683018131E6DCE7DA9624A7BB55B86B007AC94E24365/11/ja"
"特開2021-105762","特願2019-235609","2019/12/26","2021/07/26","予約管理システム","アイシン精機株式会社","G06Q50/30,G06Q10/02,G08G1/123@A","特開2021-105762","","","","","https://www.j-platpat.inpit.go.jp/c1800/PU/JP-2021-105762/7CD6B9EBC0099EB2781BAA2455468E2CDF95032BD38E5B4D38561A967C90407B/11/ja"
"特開2021-104514","特願2019-235693","2019/12/26","2021/07/26","レーザ加工装置","株式会社キーエンス","B23K26/03,B23K26/00@B,B23K26/00@M","特開2021-104514","","","","","https://www.j-platpat.inpit.go.jp/c1800/PU/JP-2021-104514/D56F2D5A78790A0C44327C66A2509BBCACA5D28B0B70034FF8FB74F7CD1B8A1D/11/ja"
"特開2021-104513","特願2019-235692","2019/12/26","2021/07/26","レーザ加工装置","株式会社キーエンス","B23K26/03,B23K26/00@M","特開2021-104513","","","","","https://www.j-platpat.inpit.go.jp/c1800/PU/JP-2021-104513/D2BC33EDBB11BCBCA1AFE618DAC6C515DD6329CCE59EEB14829920CF23BDD2AC/11/ja"
"特開2021-104195","特願2019-236752","2019/12/26","2021/07/26","ＣＴ画像診断支援装置、ＣＴ画像診断支援方法、およびＣＴ画像診断支援プログラム","学校法人　名城大学,国立大学法人名古屋大学","A61B6/03,360@D,A61B6/03,360@T,G06T7/00,350@C,G06T7/00,616,G06T7/00,612","特開2021-104195","","","","","https://www.j-platpat.inpit.go.jp/c1800/PU/JP-2021-104195/F1CEBDFA1DE449917098DBF030C2972A5E8472EE73E4AF5035FB544217B01C0B/11/ja"
"特開2021-103981","特願2019-237134","2019/12/26","2021/07/26","コンバイン","株式会社クボタ","A01F12/60,A01D41/127","特開2021-103981","","","","","https://www.j-platpat.inpit.go.jp/c1800/PU/JP-2021-103981/12F7F34374C774359BF815289111CFF0BBBE769FDB45ADBC53C741F3C165A0CA/11/ja"
"特開2021-103980","特願2019-237133","2019/12/26","2021/07/26","コンバイン","株式会社クボタ","A01F12/60,A01D41/127,A01F12/46","特開2021-103980","","","","","https://www.j-platpat.inpit.go.jp/c1800/PU/JP-2021-103980/E97B87141AA1478AC612BF084A29A8765908968DC56C3A2A76A7AC8BD0E0BD3D/11/ja"
"特許7217390","特願2022-542430","2020/12/09","2021/07/22","共同車両ヘッドライト方向づけ","クアルコム，インコーポレイテッド","B60Q1/08","WO2021/145975","","特許7217390","","","https://www.j-platpat.inpit.go.jp/c1800/PU/JP-7217390/88749625A908EA03504E4EA361B24D2D45E897616757B635B6851A98F298931C/15/ja"
"特許7217389","特願2022-542428","2020/12/10","2021/07/22","共同車両ヘッドライト方向づけ","クアルコム，インコーポレイテッド","B60Q1/08,G08G1/16@D,B60Q1/04@Z","WO2021/145981","","特許7217389","","","https://www.j-platpat.inpit.go.jp/c1800/PU/JP-7217389/729D948CD888E0ACE56861A5024516C34A78731022CE71B8058E79B8FC727BEB/15/ja"
"特表2022-520511","特願2021-521512","2020/03/10","2021/07/22","ビデオ分析方法及びそれに関連するモデル訓練方法、機器、装置","ベイジン　センスタイム　テクノロジー　デベロップメント　カンパニー，　リミテッド","G06T7/00,350@C,G06V10/82","特表2022-520511","","特許7096431","","","https://www.j-platpat.inpit.go.jp/c1800/PU/JP-2022-520511/1B1974377D4BAD2D4F16F92E1C908C65584878F1298411664EF388CB1A17EA13/11/ja"
"特表2022-553252","特願2022-523029","2020/10/27","2021/07/22","画像処理方法、画像処理装置、サーバ、及びコンピュータプログラム","▲騰▼▲訊▼科技（深▲セン▼）有限公司","G06T3/00,705,G06T7/00,350@C,G06V10/82","特表2022-553252","","","","","https://www.j-platpat.inpit.go.jp/c1800/PU/JP-2022-553252/17D127BD4AABB6B3D80656E0114135C71159AE8CAF3DF51D53920674F74A1E5A/11/ja"
"特表2022-553167","特願2022-521969","2020/11/02","2021/07/22","動画処理方法、動画処理装置、コンピュータプログラム及び電子機器","テンセント・テクノロジー・（シェンジェン）・カンパニー・リミテッド","G06T13/40,G06N3/08","特表2022-553167","","","","","https://www.j-platpat.inpit.go.jp/c1800/PU/JP-2022-553167/D9C8ED976B7F574C518B325C95D43FE75A8A6BAEE465FDD1D51F4A31334B6280/11/ja"
"特表2022-553162","特願2022-521619","2020/11/10","2021/07/22","仮想操作オブジェクトの制御方法と装置、コンピュータプログラムおよび電子デバイス","テンセント・テクノロジー・（シェンジェン）・カンパニー・リミテッド","A63F13/69,A63F13/55,A63F13/426,A63F13/214,A63F13/53","特表2022-553162","","","","","https://www.j-platpat.inpit.go.jp/c1800/PU/JP-2022-553162/4313A6A55F8E05FEBA5F4FEAD21FABD282226E0A6A36AFB22EA1832FF71DE8D4/11/ja"
"特表2022-551660","特願2022-521702","2020/11/10","2021/07/22","シーンのインタラクション方法及び装置、電子機器並びにコンピュータプログラム","▲騰▼▲訊▼科技（深▲セン▼）有限公司","G06F16/783,G06T19/00@A","特表2022-551660","","","","","https://www.j-platpat.inpit.go.jp/c1800/PU/JP-2022-551660/E6345535003F28B84645E1146B88D947E7265020A9934AC388503669527394B1/11/ja"
"特表2022-551139","特願2022-521013","2020/10/10","2021/07/22","生体顔検出方法、生体顔検出装置、電子機器、及びコンピュータプログラム","▲騰▼▲訊▼科技（深▲セン▼）有限公司","G06T7/00,660@A,G06T7/586","特表2022-551139","","","","","https://www.j-platpat.inpit.go.jp/c1800/PU/JP-2022-551139/E86EFB94C522F87CADBE44C5D04F58D329D6A65492D79032F818265950971674/11/ja"
"特表2022-551069","特願2022-520113","2020/10/26","2021/07/22","仮想対象の制御方法及びその装置、機器、並びにコンピュータプログラム","▲騰▼▲訊▼科技（深▲セン▼）有限公司","A63F13/55,A63F13/69,510,A63F13/53,A63F13/58,A63F13/577,A63F13/5378","特表2022-551069","","","","","https://www.j-platpat.inpit.go.jp/c1800/PU/JP-2022-551069/A801980941A68E27DD25154D6D755C5CD78C30779F028D737D636227B75A534C/11/ja"
"特表2022-551068","特願2022-520112","2020/11/12","2021/07/22","音声認識方法、装置及びコンピュータプログラム","▲騰▼▲訊▼科技（深▲セン▼）有限公司","G10L15/06,300@C,G10L15/065@A,G10L15/16,G10L15/20,370@Z","特表2022-551068","","","","","https://www.j-platpat.inpit.go.jp/c1800/PU/JP-2022-551068/0FC553652ABCE44247B4ECA2DBFE5B6A024D99CE79DD2C56030C0CBD553435FF/11/ja"
"特表2022-550555","特願2022-520106","2020/10/30","2021/07/22","画像処理方法、装置、電子機器及びコンピュータプログラム","▲騰▼▲訊▼科技（深▲セン▼）有限公司","G06T13/40,A63F13/60","特表2022-550555","","","","","https://www.j-platpat.inpit.go.jp/c1800/PU/JP-2022-550555/127A492B0B48D241D9A04B5DF7DC16F70E6A6D78F94EBB3CAC6CC01D4F6D4D3C/11/ja"
"特表2022-550126","特願2022-519447","2020/11/04","2021/07/22","レンズの動きを制御する方法及び装置並びコンピュータ装置及びプログラム","テンセント・テクノロジー・（シェンジェン）・カンパニー・リミテッド","A63F13/5258","特表2022-550126","","","","","https://www.j-platpat.inpit.go.jp/c1800/PU/JP-2022-550126/E8A7C2A11F5D1F63CB0DC89144AD607D868D4E0CC22EB6FC206C2501E248EBCC/11/ja"
"特許6908144","特願2020-018391","2020/02/06","2021/07/21","自動操縦ロボットの制御装置及び制御方法","株式会社明電舎","G01M17/007@D,G06N20/00,G05B23/02@G","特開2021-124403","","特許6908144","","","https://www.j-platpat.inpit.go.jp/c1800/PU/JP-6908144/1998B3DE57A6C061425E450A802BEC8519A9DC0C51E662BB6DC0239D040AFC98/15/ja"
"特許6906828","特願2021-000579","2021/01/05","2021/07/21","ディスプレイを備えて人工知能ボイスアシスタントと連動するスマートメイクミラーデバイス","アイコン・エーアイ・インコーポレーテッド","A45D42/00@B,A45D44/00@A,A47G1/00@D","特開2021-126502","","特許6906828","","","https://www.j-platpat.inpit.go.jp/c1800/PU/JP-6906828/C5174CD36112EB3C49454668593BCE4EF919E4793421BACD79D13EA20F626262/15/ja"
"特許6906824","特願2020-205604","2020/12/11","2021/07/21","情報処理装置、樹木の成長率予測システム、樹木の成長率予測方法及びプログラム","日本森林総研株式会社","G06Q50/02,A01G23/00,551@Z,A01G7/00,603,G16Y10/10,G16Y20/10,G16Y40/20,G16Y40/30","特開2022-092730","","特許6906824","","","https://www.j-platpat.inpit.go.jp/c1800/PU/JP-6906824/211150B6A174AB278CECD3DCDA498761E0332DC0703E113191D60018DD64E8A7/15/ja"
"特許6906820","特願2020-116757","2020/07/07","2021/07/21","集中度判別プログラム","ＡＳＳＥＳＴ株式会社","G06T7/00,130,G09B19/00@G,A61B5/16,130,G06Q50/20,300","特開2022-014473","","特許6906820","","","https://www.j-platpat.inpit.go.jp/c1800/PU/JP-6906820/12A732DFFFF844644EF13DAFFF28F3C80003419CDE4124CC76109480F0295BD0/15/ja"
"特許6906816","特願2020-077872","2020/04/25","2021/07/21","伝染病感染リスク判定プログラム","ＡＳＳＥＳＴ株式会社","G16H50/30,G06N3/02","特開2021-174268","","特許6906816","","","https://www.j-platpat.inpit.go.jp/c1800/PU/JP-6906816/7C9B7A2D98830BD88B63FA1786198E64197E8F284C5B8E6CA2208C48D6E85D71/15/ja"
"特許6906723","特願2021-039704","2021/03/11","2021/07/21","配達管理システム及び配達管理方法","株式会社メジャーサービスジャパン","G06Q50/28,G06Q10/08,300,G06Q10/083","特開2022-139364","","特許6906723","","","https://www.j-platpat.inpit.go.jp/c1800/PU/JP-6906723/10450B22B9B2460C41AB4EF4F5EB08E3F8F937B170EF90A0B83F541A023826D0/15/ja"
"特許6906262","特願2020-211319","2020/12/21","2021/07/21","ロボットの再位置決め方法、装置及び機器","上海姜歌机器人有限公司","G06T7/70@Z,G06T7/00,300@F,G05D1/02@J","特開2022-035936","","特許6906262","","","https://www.j-platpat.inpit.go.jp/c1800/PU/JP-6906262/A2773DB80422FFCE51D08D791BD30E0A3BDE938C65E0B79FD86739666D4A2F05/15/ja"
"特許6905775","特願2020-179455","2020/10/27","2021/07/21","プログラム、情報処理装置及び方法","株式会社ＴＨＥＡＴＥＲ　ＧＵＩＬＤ","G06Q50/10","特開2022-070404","","特許6905775","","","https://www.j-platpat.inpit.go.jp/c1800/PU/JP-6905775/3819016CFF8CE8DC0B781C13A5433F28607D61FCB1573499768F5B1D4DF73755/15/ja"
"特許6905724","特願2021-011128","2021/01/27","2021/07/21","情報提供システム及び情報提供方法","株式会社　情報システムエンジニアリング","G06F16/903,G06F16/907,G06F16/31","特開2022-114721","","特許6905724","","","https://www.j-platpat.inpit.go.jp/c1800/PU/JP-6905724/12E32341367A60F07EBFCED3789A3DF5B02EE2A154EEAB9B300B991B6921E9B9/15/ja"
"特許6905297","特願2021-040846","2021/03/12","2021/07/21","投資支援システム、投資支援方法および、投資支援プログラム","グリーンモンスター株式会社","G06Q40/06","特開2022-140153","","特許6905297","","","https://www.j-platpat.inpit.go.jp/c1800/PU/JP-6905297/F3DD53101CE52F817C1F89525DDFC452381B6D0FD6860E69BCBF55A6E259790C/15/ja"
"実登3232950","実願2021-001606","2021/04/28","2021/07/15","録音ペン及び電子機器","ティエンジン　アイフライテック　ベスト　エーアイ　テクノロジー　カンパニー　リミテッド","H04R1/02,107,H04R1/40,320@A,G10L19/00,314","","","実登3232950","","","https://www.j-platpat.inpit.go.jp/c1800/PU/JP-3232950/EB81A80FFEAE3C7A02B13C49C3775F2397C1712559783FA5A979360E9D183533/25/ja"
"特許7212339","特願2022-541219","2020/12/18","2021/07/15","品質制御のために電子画像を分析するためのシステムおよび方法","ペイジ．エーアイ　インコーポレイテッド","G16H50/20,G16H30/00","特表2023-505386","","特許7212339","","","https://www.j-platpat.inpit.go.jp/c1800/PU/JP-7212339/99877C86DF973C77371DF2EE146B46A3ECB42FCB76A7315FCD2FD49C640F41CE/15/ja"
"特表2022-522180","特願2021-550058","2020/10/28","2021/07/15","断熱発展経路の予測方法、装置、機器及びコンピュータプログラム","テンセント・テクノロジー・（シェンジェン）・カンパニー・リミテッド","G06N99/00,180,G06N3/02,G06N3/08,G06N10/00,G06N10/60","特表2022-522180","","特許7161066","","","https://www.j-platpat.inpit.go.jp/c1800/PU/JP-2022-522180/BFF8FB435B7DBA76A4526147D26C4DC810889072F9CF01D17F22D544D02F7FAF/11/ja"
"特表2023-500742","特願2022-540342","2020/01/09","2021/07/15","迷走神経のオンデマンド刺激のための能動埋め込み型刺激装置","シナジア　メディカル","A61N5/06@Z","特表2023-500742","","","","","https://www.j-platpat.inpit.go.jp/c1800/PU/JP-2023-500742/A51E9BC238BC4673E3D62E2E5A391B33CDE17947FD9EEBB2B496D05E0CC5513B/11/ja"
"特表2023-500165","特願2022-542275","2021/01/10","2021/07/15","衝撃検出および関連するデータ伝送のための装置および方法","セレバン、アダム　ジョーダン,セレバン、ジェームズ　アール．","G01L5/00@F,G01P15/00@C","特表2023-500165","","","","","https://www.j-platpat.inpit.go.jp/c1800/PU/JP-2023-500165/8DE2BF6DBD02EB6AEEE2C886A98967B78DAA1BBDA67DAFD90D9B945E004971DC/11/ja"
"特表2022-554068","特願2022-519175","2020/10/20","2021/07/15","ビデオコンテンツ認識方法、装置、プログラム及びコンピュータデバイス","テンセント・テクノロジー・（シェンジェン）・カンパニー・リミテッド","G06T7/00,300@F,G06T7/00,350@C,G06V10/82,G06V20/70","特表2022-554068","","","","","https://www.j-platpat.inpit.go.jp/c1800/PU/JP-2022-554068/84B08890AE055C07257261DC0A105AEA9A830294EEE9DAB048C56DD72E92A1ED/11/ja"
"特表2022-531339","特願2021-564820","2020/11/10","2021/07/15","リソース構成方法、リソース構成装置、コンピューター機器、及びコンピュータープログラム","テンセント・テクノロジー・（シェンジェン）・カンパニー・リミテッド","G06Q50/10","特表2022-531339","","","","","https://www.j-platpat.inpit.go.jp/c1800/PU/JP-2022-531339/1C42B700058168B93A45A7303C502444AFE41DFFFFB51E50E4C417F6EBB27193/11/ja"
"特表2022-526803","特願2021-558679","2021/01/04","2021/07/15","ネットワークに基づいたメディア処理（ＮＢＭＰ）におけるメディア処理機能のための構成パラメータのグラフ表現及び記述","テンセント・アメリカ・エルエルシー","G06F9/50,150@B","特表2022-526803","","","","","https://www.j-platpat.inpit.go.jp/c1800/PU/JP-2022-526803/77041117613E347C66C4F13B8CDB2E07208E3906B0AE3FF0CC2B0C54A676516F/11/ja"
"特開2021-103880","特願2021-029891","2021/02/26","2021/07/15","コンタクトセンターシステムにおける行動ペアリングのための技法","アフィニティ　インターナショナル　ホールディングス，　リミテッド","H04M3/523,G06Q10/04","特開2021-103880","","","拒絶2022-010921","","https://www.j-platpat.inpit.go.jp/c1800/PU/JP-2021-103880/FD1EF6A3A2187FDBA1C923C0105EC54CA4E57D9729B34CACA2120035ED18E3F3/11/ja"
"特開2021-103757","特願2019-235475","2019/12/26","2021/07/15","高周波回路基板及びその製造方法","信越ポリマー株式会社","H05K1/03,610@P,C08J5/18,B29C48/885,B29C48/08,C08L79/08@Z,C08K7/00,C08K3/00,B32B27/20@Z,H05K1/03,610@R,H05K1/03,630@H,B32B27/34","特開2021-103757","","","","","https://www.j-platpat.inpit.go.jp/c1800/PU/JP-2021-103757/0A4076917F9B03029BF137C43E9415021AFA4B6D9E1A66751ED0FB272C42136C/11/ja"
"特開2021-103585","特願2021-055973","2021/03/29","2021/07/15","ユーザグループ化方法、装置、コンピュータデバイス、媒体およびコンピュータプログラム","北京百度網訊科技有限公司","G06N5/02,120,G06Q10/06,G06N5/022","特開2021-103585","","","null","","https://www.j-platpat.inpit.go.jp/c1800/PU/JP-2021-103585/1B281CB1F6B7573307A2F74B15218579328FFE3F18990F6234EADA057C7AF647/11/ja"
"特開2021-103581","特願2021-054347","2021/03/26","2021/07/15","画像におけるフォーム抽出方法、画像におけるフォーム抽出装置、電子機器、コンピュータ読み取り可能な記憶媒体、フォーム抽出モジュールの訓練方法及びコンピュータプログラム","北京百度網訊科技有限公司","G06T7/00,300@F,G06T7/00,350@C","特開2021-103581","","","","","https://www.j-platpat.inpit.go.jp/c1800/PU/JP-2021-103581/12FEC03567B0D15CD60F5AC12280B1AECAFCEF18A3A77A217526E8C0261AD70F/11/ja"
"特開2021-103580","特願2021-053876","2021/03/26","2021/07/15","スマートバックミラーのインタラクション方法、装置、電子機器及び記憶媒体","ベイジン　バイドゥ　ネットコム　サイエンス　テクノロジー　カンパニー　リミテッド,阿波▲羅▼智▲聯▼（北京）科技有限公司","G06F3/01,570,G06F3/16,650,B60R1/12@Z,B60R11/04","特開2021-103580","","特許7204804","","","https://www.j-platpat.inpit.go.jp/c1800/PU/JP-2021-103580/7E4270FBD61BA98EA198007B64439D93182C1382A57AF3045A26D5CBE5B9F818/11/ja"
"特開2021-103579","特願2021-052984","2021/03/26","2021/07/15","照会方法、装置、電子機器及び記憶媒体","ベイジン　バイドゥ　ネットコム　サイエンス　テクノロジー　カンパニー　リミテッド","G06Q50/10,G06F16/909","特開2021-103579","","特許7166381","","","https://www.j-platpat.inpit.go.jp/c1800/PU/JP-2021-103579/EBF2C7C53327D767E607C741A52361083533415E70A465AC6E7FACFDA90BF7AD/11/ja"
"特開2021-103578","特願2021-052750","2021/03/26","2021/07/15","情報抽出方法及び装置、電子機器、記憶媒体並びにコンピュータプログラム","ベイジン　バイドゥ　ネットコム　サイエンス　アンド　テクノロジー　カンパニー　リミテッド","G06T7/33,G06T7/00,350@B","特開2021-103578","","","","","https://www.j-platpat.inpit.go.jp/c1800/PU/JP-2021-103578/CE226D4C8A80022CE1284B56E9E09A3670A38FAE6E755CDFB94CDC22B1C9B3B9/11/ja"
"特開2021-103574","特願2021-051619","2021/03/25","2021/07/15","顔融合モデルのトレーニング方法、装置及び電子機器","ベイジン　バイドゥ　ネットコム　サイエンス　アンド　テクノロジー　カンパニー　リミテッド","G06T7/00,300@D,G06T7/00,660@A","特開2021-103574","","特許7114774","","","https://www.j-platpat.inpit.go.jp/c1800/PU/JP-2021-103574/C0C4DFE0A1080C074EED2886A26175D4317B83D75DAEACBF26AEAA670B0B97AE/11/ja"
"特開2021-103573","特願2021-051576","2021/03/25","2021/07/15","文字認識の方法、装置、電子設備、コンピュータ可読記憶媒体、及びプログラム","ベイジン　バイドゥ　ネットコム　サイエンス　アンド　テクノロジー　カンパニー　リミテッド","G06K9/62,620@B,G06T7/00,350@C,G06K9/66,G06V20/62,G06V30/194,G06V30/24,620@B,G06V30/28","特開2021-103573","","特許7142121","","","https://www.j-platpat.inpit.go.jp/c1800/PU/JP-2021-103573/55A7FE6248186A450AD5E73D3D9D30AC31B3C680490BE1F7292E0FD394181F1C/11/ja"
"特開2021-103571","特願2021-051250","2021/03/25","2021/07/15","エッジコンピューティングテスト方法、装置、機器及び読み取り可能な記憶媒体","ベイジン　バイドゥ　ネットコム　サイエンス　アンド　テクノロジー　カンパニー　リミテッド","G06F11/36,120,G06F11/36,172,G06N3/02","特開2021-103571","","特許7209034","","","https://www.j-platpat.inpit.go.jp/c1800/PU/JP-2021-103571/0411F32CC82738DBD685F1749EFDDEB0AC19777A5B9123303001418CE6E0CB42/11/ja"
"特開2021-103568","特願2021-051228","2021/03/25","2021/07/15","画像認識方法、装置、デバイス、コンピュータ記憶媒体、及びプログラム","ベイジン　バイドゥ　ネットコム　サイエンス　アンド　テクノロジー　カンパニー　リミテッド","G06T7/00,660@A","特開2021-103568","","特許7106705","","","https://www.j-platpat.inpit.go.jp/c1800/PU/JP-2021-103568/BE466E9822D6614DBD29B88A3219BFD258A342338349C823AD6AE4E216EAA2FF/11/ja"
"特開2021-103567","特願2021-051058","2021/03/25","2021/07/15","画像充填方法、装置、設備、記憶媒体、及びプログラム","ベイジン　バイドゥ　ネットコム　サイエンス　アンド　テクノロジー　カンパニー　リミテッド","G06T7/00,350@C","特開2021-103567","","特許7094412","","","https://www.j-platpat.inpit.go.jp/c1800/PU/JP-2021-103567/3CFB2B3448F8E1CA74AFC4D40F4C6F3FD2B900C465A07C2001F6A0D8F03B92A8/11/ja"
"特開2021-103564","特願2021-050134","2021/03/24","2021/07/15","仮想オブジェクト駆動方法、装置、電子機器及び可読記憶媒体","ベイジン　バイドゥ　ネットコム　サイエンス　テクノロジー　カンパニー　リミテッド","G06T13/40,G06T7/70@Z,G06F3/0481,150,G06F3/01,510,G06F3/04815","特開2021-103564","","","","","https://www.j-platpat.inpit.go.jp/c1800/PU/JP-2021-103564/8740B1E2D225A10C2D629999520DD57597E540A8E91255DFD7CCA75E6ED615AB/11/ja"
"特開2021-103556","特願2021-048627","2021/03/23","2021/07/15","対話生成方法、装置、電子機器及び記憶媒体","ベイジン　バイドゥ　ネットコム　サイエンス　アンド　テクノロジー　カンパニー　リミテッド","G06F40/56","特開2021-103556","","特許7216133","","","https://www.j-platpat.inpit.go.jp/c1800/PU/JP-2021-103556/3A2714E334C476FEEA503F414F14C057DB13B203EBBEC695AB96B6039175D269/11/ja"
"特開2021-103555","特願2021-048278","2021/03/23","2021/07/15","画像検出方法、装置、電子設備、記憶媒体、及びプログラム","ベイジン　バイドゥ　ネットコム　サイエンス　アンド　テクノロジー　カンパニー　リミテッド","G06T7/00,350@C,G06T7/90@A","特開2021-103555","","特許7051267","","","https://www.j-platpat.inpit.go.jp/c1800/PU/JP-2021-103555/16E785F52CFF4B4F8F0840831016F0A22B79EE889736202F10EF4997AF1428D8/11/ja"
"特開2021-103552","特願2021-047581","2021/03/22","2021/07/15","構造化文書情報の標識方法、構造化文書情報の標識装置、電子機器、コンピュータ可読記憶媒体及びコンピュータプログラム","北京百度網訊科技有限公司","G06K9/20,340@C,G06V30/412","特開2021-103552","","特許7170773","","","https://www.j-platpat.inpit.go.jp/c1800/PU/JP-2021-103552/7BD85A772785CD13352692DF560266EF924F96C78F41C1B41CD5A44A92E2C1AE/11/ja"
"特開2021-103550","特願2021-046230","2021/03/19","2021/07/15","情報処理システム、情報処理装置、サーバ装置、プログラム、又は方法","ニューラルポケット株式会社","G06Q30/02,300,G16Y40/20,G06Q30/0201","特開2021-103550","","","","","https://www.j-platpat.inpit.go.jp/c1800/PU/JP-2021-103550/8900936C77E5405E302B67947AFE893D7BFA26D15789E1E0530AA16EC3A86BB6/11/ja"
"特開2021-103521","特願2020-214202","2020/12/23","2021/07/15","ニューラルネットワーク演算装置および方法","財團法人工業技術研究院","G06G7/60,G06N3/063","特開2021-103521","","","","","https://www.j-platpat.inpit.go.jp/c1800/PU/JP-2021-103521/884132B7BBDA442E2D317820DF40C78F46CBD608CBA08C8510A8BDDA85DD3BE1/11/ja"
"特開2021-103512","特願2020-160950","2020/09/25","2021/07/15","コンパイラ支援レジスタファイル書き込み削減","インテル　コーポレイション","G06F9/34,330,G06F8/41,130,G06F9/34,320@C","特開2021-103512","","","","","https://www.j-platpat.inpit.go.jp/c1800/PU/JP-2021-103512/E206583B1165DEA652DAFB64B3DD074E4CC2E90A6B2D3339B96BBBAD53F980FB/11/ja"
"特開2021-103492","特願2019-235295","2019/12/25","2021/07/15","情報処理装置、情報処理方法、および情報処理プログラム","ＭＯＮＥＴ　Ｔｅｃｈｎｏｌｏｇｉｅｓ株式会社","G06Q50/10","特開2021-103492","","","","","https://www.j-platpat.inpit.go.jp/c1800/PU/JP-2021-103492/7828378F9F10B08F708200ED90A447869725BF42C09D866FD9C6CA57709B76E6/11/ja"
"特開2021-103382","特願2019-233564","2019/12/24","2021/07/15","プロジェクト加速の自動評価","オラクル・インターナショナル・コーポレイション","G06Q10/06,G06N20/00","特開2021-103382","","","","","https://www.j-platpat.inpit.go.jp/c1800/PU/JP-2021-103382/0EF783E8FD18C8AF5A7B658E31161CCA68F0B3C98F389FBF890BCA2729E6702E/11/ja"
"特開2021-103342","特願2018-070788","2018/04/02","2021/07/15","情報処理装置、情報処理方法、およびプログラム","ソニー株式会社","G06F21/62,318,G06F12/00,545@A,H04L9/00,675@Z,G06F16/182,H04L9/32,200@Z","特開2021-103342","","","","","https://www.j-platpat.inpit.go.jp/c1800/PU/JP-2021-103342/646CFAFED63B693028B2A04F765CD84F3112BCAFC8CCAEDC882607FD0C88DF56/11/ja"
"特開2021-103177","特願2021-042668","2021/03/16","2021/07/15","自閉症スペクトラム障害のリスクを決定するための方法およびシステム","ラボラトリー　コーポレイション　オブ　アメリカ　ホールディングス","G01N33/50@Z,G01N27/62@V","特開2021-103177","","","","","https://www.j-platpat.inpit.go.jp/c1800/PU/JP-2021-103177/6A0A5861898AD7157286A3A6D3C70C2037E6871B19E9DEB39484341ABF8C2EDA/11/ja"
"特開2021-103087","特願2019-233419","2019/12/24","2021/07/15","動作センサ選択装置、目標探知システム及び動作センサ選択方法","川崎重工業株式会社","G01S15/06,G01S15/04,G01S7/524@R","特開2021-103087","","","","","https://www.j-platpat.inpit.go.jp/c1800/PU/JP-2021-103087/05C0084964FC8DC2570B2AFD7AB526F90A6287C9B1C3A766F0BC24AD5A073F52/11/ja"
"特開2021-102661","特願2021-069475","2021/04/16","2021/07/15","有害生物防除組成物および防除方法","住友化学株式会社","A01N53/10,210,A01P7/00","特開2021-102661","","","","","https://www.j-platpat.inpit.go.jp/c1800/PU/JP-2021-102661/DE5276D7132B39EB4994444D45D4EBABB2761054980D35F4069D9F2985326D26/11/ja"
"特開2021-102267","特願2021-067950","2021/04/13","2021/07/15","マニピュレーターおよびロボット","株式会社齋藤創造研究所","B25J19/02","特開2021-102267","","特許7138294","","","https://www.j-platpat.inpit.go.jp/c1800/PU/JP-2021-102267/1F2915651B29F87F9EE7C74083B4854AC15D5DA347651264F5DB3AE02AB224E7/11/ja"
"特開2021-102074","特願2021-044181","2021/03/17","2021/07/15","遊技場におけるシステム","エンゼルプレイングカード株式会社","A63F1/06@Z,A63F1/18,G06Q50/10,A63F1/06@A,A63F9/00,513,A63F11/00@D,G06Q50/34","特開2021-102074","","特許7065228","","","https://www.j-platpat.inpit.go.jp/c1800/PU/JP-2021-102074/D33B20F83EC3D38E7A5900E2BB8699EE743FDB9540C8F178C5888281D3257EEF/11/ja"
"特開2021-102073","特願2021-044180","2021/03/17","2021/07/15","遊技場における不正検知システム","エンゼルプレイングカード株式会社","A63F1/06@Z,A63F1/18,G06Q50/10,A63F9/00,513,A63F11/00@D,G06Q50/34","特開2021-102073","","特許7085040","","","https://www.j-platpat.inpit.go.jp/c1800/PU/JP-2021-102073/412FC1E810EF4520DDBAE895856EBB29DD86ED3BF318A2DDC60500430C18AB31/11/ja"
"特開2021-101670","特願2019-234843","2019/12/25","2021/07/15","家畜自動管理装置及び家畜自動管理方法","株式会社東芝,東芝インフラシステムズ株式会社","A01M29/16,G06Q50/02,A01K29/00@A","特開2021-101670","","","","","https://www.j-platpat.inpit.go.jp/c1800/PU/JP-2021-101670/21A7A759C74C7A6296276997CF635F254BCA967F7720258CAB77A513FD560E0A/11/ja"
"特開2021-101659","特願2019-234568","2019/12/25","2021/07/15","試料中に含まれる細胞の保持方法","東ソー株式会社","C12Q1/24,G01N1/04@H,C12M1/00@A,C12M1/26","特開2021-101659","","","","","https://www.j-platpat.inpit.go.jp/c1800/PU/JP-2021-101659/698E846BF284E10B83746811EAF4FC10ED709AC6BFCB788F4147E6B3BCCC9A06/11/ja"
"特許6902815","特願2021-082642","2021/05/14","2021/07/14","畜産情報管理システム、畜産情報管理方法、及び畜産情報管理プログラム","株式会社Ｅｃｏ‐Ｐｏｒｋ","G06Q50/02,G06N20/00,130,G16Y10/05,G16Y20/10,G16Y20/20,G16Y40/20,A01K29/00@A","特開2021-190114","","特許6902815","","","https://www.j-platpat.inpit.go.jp/c1800/PU/JP-6902815/024CBE90E16194D5F9AAF06F0AF1D5EB50246A22297263BB7106B173DB269D97/15/ja"
"特許6902667","特願2020-199756","2020/12/01","2021/07/14","日付情報読取装置","株式会社ＩＨＩ物流産業システム","G06T7/00,610@B,B07C3/00,G06K7/10,428,G06Q10/08,332,B65G1/137@Z,B65G43/08@F,G06T7/00,610,G06Q10/0875","特開2022-087687","","特許6902667","","","https://www.j-platpat.inpit.go.jp/c1800/PU/JP-6902667/BFE3C03868F18095968748A2596E363EC580D6F4E03AC3686DD69FDE81588E4D/15/ja"
"特許6902309","特願2021-041031","2021/03/15","2021/07/14","中継切替装置、構内通信システム","コムフィット株式会社","H04L12/46,100@M,G06F3/00@A,H04L12/46,100@Z","特開2022-069372","","特許6902309","","","https://www.j-platpat.inpit.go.jp/c1800/PU/JP-6902309/F61EF8AC39375FCA8D8ED66B56244B32B957E2F34FCDD2522A24C0AA206B9031/15/ja"
"特表2022-522070","特願2020-530338","2020/01/20","2021/07/08","画像処理方法及び装置、電子機器並びに記憶媒体","センスタイム　インターナショナル　ピーティーイー．リミテッド","G06T7/20,300@Z","特表2022-522070","","特許7160919","","","https://www.j-platpat.inpit.go.jp/c1800/PU/JP-2022-522070/630BD02AE7ED602AD24E68AC65391A41CA564E2CF8D960B28CABB735A1795D51/11/ja"
"特表2022-518982","特願2020-540766","2020/04/17","2021/07/08","画像認識方法および装置、ならびにコンピュータ可読記憶媒体","センスタイム　インターナショナル　プライベート　リミテッド","G06T7/55","特表2022-518982","","特許7053856","","","https://www.j-platpat.inpit.go.jp/c1800/PU/JP-2022-518982/DB2E943C6D5DACEDE1FF80199252FC51E49CBE612EC8B2E2CF703FBCEBCA38BD/11/ja"
"特表2023-500126","特願2022-525864","2020/12/16","2021/07/08","ビデオ点検方法、保守端末、サーバ、システム及び記録媒体","北京京東振世信息技術有限公司","G06Q10/00,300,G06Q10/20","特表2023-500126","","","","","https://www.j-platpat.inpit.go.jp/c1800/PU/JP-2023-500126/BB02AF7B1DFD6D09ED6276931EDDEA83FE377E98F905BCA5FD474B3A69464607/11/ja"
"特表2022-553446","特願2022-540708","2020/12/18","2021/07/08","一般化疾患検出のために電子画像を処理するためのシステムおよび方法","ペイジ．エーアイ　インコーポレイテッド","G16H30/00,G16H10/40","特表2022-553446","","","","","https://www.j-platpat.inpit.go.jp/c1800/PU/JP-2022-553446/70885178718C5BB9B6232F1BA08859AFE19FEDEB2A9F19361F4D0F401B07559F/11/ja"
"特表2022-552450","特願2022-552128","2020/12/23","2021/07/08","電力消費量を予測するための方法および装置、機器ならびに可読記憶媒体","エンヴィジョン　デジタル　インターナショナル　ピーティーイー．エルティーディー．,シャンハイ　エンヴィジョン　デジタル　シーオー．，エルティーディー．","G06N20/00,G06N3/08","特表2022-552450","","","","","https://www.j-platpat.inpit.go.jp/c1800/PU/JP-2022-552450/67CC954CF21D041D9A467D56A68C4A76AC12422BB476BE2D2D3AF796AAFF9458/11/ja"
"特表2022-551227","特願2022-515478","2020/09/25","2021/07/08","弾幕生成方法、装置、及びコンピュータプログラム","テンセント・テクノロジー・（シェンジェン）・カンパニー・リミテッド","G06F16/35,A63F13/53","特表2022-551227","","","","","https://www.j-platpat.inpit.go.jp/c1800/PU/JP-2022-551227/25F50B25B5FBE5D5C88297B8053974EDB8D93A8B36D28AB8C24E7163DEC8B160/11/ja"
"特表2022-549455","特願2022-518799","2020/11/03","2021/07/08","仮想アイテム制御方法および装置、プログラム、並びに電子デバイス","▲騰▼▲訊▼科技（深▲セン▼）有限公司","A63F13/58,A63F13/837,A63F13/426,A63F13/2145,A63F13/573,A63F13/55","特表2022-549455","","","","","https://www.j-platpat.inpit.go.jp/c1800/PU/JP-2022-549455/B1447E19871B5E3AB857BBC4664D1C66A7F85CAC467D4752DCCCD39EB1522349/11/ja"
"特表2022-536634","特願2021-572479","2020/08/28","2021/07/08","ＧＩＳポイントデータをレンダリングする方法、装置、コンピュータ設備、および記憶媒体","平安科技（深▲せん▼）有限公司","G06T17/05","特表2022-536634","","","","","https://www.j-platpat.inpit.go.jp/c1800/PU/JP-2022-536634/D0B0E76FA8F0B908A77836F528FFC12E2FF6BC6D059C2CB6618A4AD3845C5ED0/11/ja"
"特表2022-534712","特願2021-570005","2020/08/28","2021/07/08","画像サンプルの選択方法及び関連装置","平安科技（深▲せん▼）有限公司","G06F16/535,G06F16/56,G06F16/55,G06V10/82,G06T7/00,350@C","特表2022-534712","","","","","https://www.j-platpat.inpit.go.jp/c1800/PU/JP-2022-534712/68B0E4EA15D3BA6B5A7421643E27B76E1F46D5FE847BEF2F4B590ED37121977B/11/ja"
"特開2021-101363","特願2021-046733","2021/03/22","2021/07/08","サービス提供システム及びプログラム","株式会社フューチャーアイ","G06F16/9035,G06F16/90,100,G06N20/00","特開2021-101363","","特許6963778","","","https://www.j-platpat.inpit.go.jp/c1800/PU/JP-2021-101363/4757BFA79A5FE9173EBBA44213C4451426FBE34D0266C2D1A85FE2CFEDCA6B69/11/ja"
"特開2021-101338","特願2021-023537","2021/02/17","2021/07/08","畳み込みニューラルネットワーク（ＣＮＮＳ）を使用した異常スプライシング検出","イルミナ　インコーポレイテッド","G16B30/00,G06N3/02,G06N3/0464,G06N3/0499","特開2021-101338","","","拒絶2022-013385","","https://www.j-platpat.inpit.go.jp/c1800/PU/JP-2021-101338/FF31455C036DD5B72BE37B9CA6296485D9A196EC2EBC81D76C1F6368F95EFE66/11/ja"
"特開2021-101302","特願2019-232970","2019/12/24","2021/07/08","状態改善装置","株式会社デンソー","G08G1/16@F,B60W40/08,G08B21/06,B60W50/08,B60W60/00","特開2021-101302","","","","","https://www.j-platpat.inpit.go.jp/c1800/PU/JP-2021-101302/7857714F44B2542738C02F18063B9888561575FF0B1B84E97DCD23E72F34C157/11/ja"
"特開2021-101301","特願2019-232969","2019/12/24","2021/07/08","状態改善装置","株式会社デンソー","G08G1/16@F,B60W40/08,G08B21/06,G08G1/00@X,B60W60/00","特開2021-101301","","","","","https://www.j-platpat.inpit.go.jp/c1800/PU/JP-2021-101301/FB3A31D22DA8EC40B84E41FCFA31DE7BB6F53B51CB71E65C6BC05E6A52A11FC2/11/ja"
"特開2021-101286","特願2019-232681","2019/12/24","2021/07/08","経路計画装置、経路計画方法、ならびに、プログラム","株式会社未来シェア,国立研究開発法人産業技術総合研究所","G06Q50/30,G08G1/123@A,G06N99/00,180","特開2021-101286","","","","","https://www.j-platpat.inpit.go.jp/c1800/PU/JP-2021-101286/27B938B10C7646EA34F2904887AA7DDCC74816ED2957743A1344E7CDB7606C88/11/ja"
"特開2021-101186","特願2021-026517","2021/02/22","2021/07/08","マップデータの更新方法、装置、機器及び可読記憶媒体","ベイジン　バイドゥ　ネットコム　サイエンス　テクノロジー　カンパニー　リミテッド","G01C21/26@A,G08G1/00@A,G06N3/08,G06N20/00,G06N3/0442","特開2021-101186","","特許7168708","","","https://www.j-platpat.inpit.go.jp/c1800/PU/JP-2021-101186/8C6B37E9A069919EDC2454CE6079DB1241DAABD2B1D87010BFA7E861B6FDF04A/11/ja"
"特開2021-100872","特願2019-232625","2019/12/24","2021/07/08","監視装置、監視システム、監視方法、およびプログラム","ＪＦＥエンジニアリング株式会社,日本システムウエア株式会社","B65G63/00@Z,B65G67/24","特開2021-100872","","","","","https://www.j-platpat.inpit.go.jp/c1800/PU/JP-2021-100872/0057E104A6AFBBAA92341D0E7281FB934A2B91C4EBF281C29E3F9C6D7C1D2C9B/11/ja"
"特開2021-100850","特願2021-050545","2021/03/24","2021/07/08","車両制御方法、装置、電子機器、及び記憶媒体","ベイジン　バイドゥ　ネットコム　サイエンス　テクノロジー　カンパニー　リミテッド","B60W30/14","特開2021-100850","","特許7170774","","","https://www.j-platpat.inpit.go.jp/c1800/PU/JP-2021-100850/259640ECC9B13FD5E0E38BB2230EC2CD666B06AD7489466FCA38C8301290838B/11/ja"
"特開2021-100758","特願2021-032846","2021/03/02","2021/07/08","油脂含有排水処理方法、システムおよび装置","国立大学法人東海国立大学機構","C02F3/00@G,C12N1/20@D,C12N1/20@F,C12M1/00@H,C12M1/34@D,C02F3/34@Z","特開2021-100758","","","","","https://www.j-platpat.inpit.go.jp/c1800/PU/JP-2021-100758/F0512CC6C97C525AEAC6612086D842BEDD064773B227CDC8B430CB640700542A/11/ja"
"特開2021-100678","特願2021-063127","2021/04/01","2021/07/08","システム","株式会社湯山製作所","A61J3/00,310@K","特開2021-100678","","特許7120370","","","https://www.j-platpat.inpit.go.jp/c1800/PU/JP-2021-100678/FC872AFF98FE0718DF01EA98D31EBFF523CE6ADF526545F236B2100545AF9296/11/ja"
"特開2021-100555","特願2019-233104","2019/12/24","2021/07/08","医療画像処理装置、内視鏡システム、診断支援方法及びプログラム","富士フイルム株式会社","A61B1/045,618","特開2021-100555","","","","","https://www.j-platpat.inpit.go.jp/c1800/PU/JP-2021-100555/516F5EC2C23DD8F4296B408CED923DF5E623007ADC48DCE69925D151961105D1/11/ja"
"特許6899475","特願2020-152054","2020/09/10","2021/07/07","機械学習モデル精度分析システム、機械学習モデル精度分析方法及びプログラム","株式会社　日立産業制御ソリューションズ","G06N20/00,G06N20/00,130","特開2022-046145","","特許6899475","","","https://www.j-platpat.inpit.go.jp/c1800/PU/JP-6899475/91C9E4A4887ADC43CFB98E1F7724A0FCF05CCFF5F1B1B304D413925CA3B75D06/15/ja"
"特許6898688","特願2021-024004","2021/02/18","2021/07/07","予測装置、予測方法、予測プログラムおよび、学習装置","グリーンモンスター株式会社","G06Q40/06,G06Q10/04","特開2022-126117","","特許6898688","","","https://www.j-platpat.inpit.go.jp/c1800/PU/JP-6898688/FCDC36331BF8502FFF28B15A587335EBD20377A46F0F617E8542BAB8BA5E088A/15/ja"
"再表2021/132600","特願2021-518980","2020/12/25","2021/07/01","頭蓋内に安全に細胞を投与するための総合システム","株式会社ＲＡＩＮＢＯＷ","A61M5/00,500,A61M5/42,520,A61B5/055,380,A61B5/055,390","WO2021/132600","","特許7015605","","再表2021/132600","https://www.j-platpat.inpit.go.jp/c1800/PU/JP-2021-132600/4E2A919921C4A4FEFFEDEED1673667741FB17CDDBF5878FBEBDC655C720FC068/19/ja"
"特表2022-522319","特願2021-519163","2020/03/19","2021/07/01","目標追跡方法、装置、電子デバイス、及び記録媒体","商▲湯▼国▲際▼私人有限公司","G06T7/20,300@A,G06T7/00,350@C,G06V10/82,G06V20/40","特表2022-522319","","特許7212154","","","https://www.j-platpat.inpit.go.jp/c1800/PU/JP-2022-522319/0F3183DE262B19C6F0E2D44D9C10B5CA54D741FA22402D59F54D3EFCCE589D11/11/ja"
"特許7205649","特願2021-566710","2019/12/26","2021/07/01","会話制御プログラム、会話制御方法および情報処理装置","富士通株式会社","H04L51/02,H04L67/306","WO2021/130999","","特許7205649","","","https://www.j-platpat.inpit.go.jp/c1800/PU/JP-7205649/5DD9EEC83D86866E3FB8FFFC68D85FDE866F44CCC17815F4B23DAFED5322FF96/15/ja"
"特表2022-517707","特願2021-524421","2019/12/30","2021/07/01","距離測定装置及び床掃除ロボット","深▲セン▼市歓創科技有限公司","G01S7/481@Z,A47L9/28@E","特表2022-517707","","特許7177927","","","https://www.j-platpat.inpit.go.jp/c1800/PU/JP-2022-517707/765E6D534A927859A5AC5B6B67DC3FC411C4C342FD8071A2B5E55F54EA757096/11/ja"
"特表2022-526547","特願2021-557679","2020/12/16","2021/07/01","画像処理方法および電子デバイス","テンセント・アメリカ・エルエルシー","H04N19/117,H04N19/176,H04N19/14,H04N19/139,H04N19/159,H04N19/186","特表2022-526547","","特許7176132","","","https://www.j-platpat.inpit.go.jp/c1800/PU/JP-2022-526547/6BA6EDC7001E73EB41603C538BA7457192EDB89B7A9C78D590B674FFAC6AFD01/11/ja"
"特表2022-518889","特願2021-538344","2020/02/28","2021/07/01","画像処理方法及び装置、電子機器並びに記憶媒体","シェンチェン　センスタイム　テクノロジー　カンパニー　リミテッド","G06T7/00,350@C,G06T7/162","特表2022-518889","","特許7097513","","","https://www.j-platpat.inpit.go.jp/c1800/PU/JP-2022-518889/9F57005602081DDAF0AB21125696D41F75654E295C5EE976502DB2E2F9B91A63/11/ja"
"特許7004871","特願2021-553077","2020/12/25","2021/07/01","ＡＩを用いた病理診断支援方法、及び支援装置","公益財団法人がん研究会","G01N33/48@M,G01N33/48@Z,G01N33/483@C,G06T7/00,350@B,G06T7/00,630,G06T7/00,612,G01N33/574@D,G06V20/69","WO2021/132633","","特許7004871","異議2022-700792","","https://www.j-platpat.inpit.go.jp/c1800/PU/JP-7004871/5707DA0D2B6F8BE5EB5B225B53B4D9BCF6567812268967854726571C9B983B63/15/ja"
"特表2022-546981","特願2022-513445","2020/11/10","2021/07/01","反応的低下リミッタ","グラフコアー　リミテッド","G06F1/04,570,G06F1/04,510","特表2022-546981","","","","","https://www.j-platpat.inpit.go.jp/c1800/PU/JP-2022-546981/CF1E59AB0D67193F9A65C59F308F121C709767D846EDF7213A169AAF36B98CB6/11/ja"
"特表2022-546542","特願2022-514029","2020/06/11","2021/07/01","通話方法、通話装置、通話システム、サーバ及びコンピュータプログラム","▲騰▼▲訊▼科技（深▲セン▼）有限公司","H04M3/56@F,H04W4/06,130,H04W88/18","特表2022-546542","","","","","https://www.j-platpat.inpit.go.jp/c1800/PU/JP-2022-546542/2B092FCD58E7AA0C470D99FE1680DE76F9F0C0EC076DD9235978F7FC3226BA13/11/ja"
"特表2022-545697","特願2022-512773","2020/11/25","2021/07/01","同期ネットワーク","グラフコアー　リミテッド","G06F15/173,660@D,G06F9/52,150@A","特表2022-545697","","","","","https://www.j-platpat.inpit.go.jp/c1800/PU/JP-2022-545697/5253B995D860B319F8864AA38453E9A4B1F596555F2929E7C321EC317DAE7EFE/11/ja"
"特表2022-532432","特願2021-568939","2020/12/14","2021/07/01","データ圧縮方法およびコンピューティングデバイス","華為技術有限公司","H03M7/30@Z,H03M7/40","特表2022-532432","","","","","https://www.j-platpat.inpit.go.jp/c1800/PU/JP-2022-532432/392A30AD4CD0E28945E93799C5C8614C0BD355C151B702BAC5288CB11CB4132C/11/ja"
"特表2022-523282","特願2021-518868","2020/04/14","2021/07/01","画像選別方法、装置、及び電子デバイス","商▲湯▼国▲際▼私人有限公司","G06T7/00,350@C,G06V10/82,G06V20/40","特表2022-523282","","","","","https://www.j-platpat.inpit.go.jp/c1800/PU/JP-2022-523282/5A71D11EA5DD879D8B34D46F406750679203471D42E286A2CA8256372FE7EACA/11/ja"
"特表2022-522078","特願2021-518911","2020/03/30","2021/07/01","サンプル画像取得方法、装置、及び電子デバイス","商▲湯▼国▲際▼私人有限公司","G06T7/00,350@C,G06T7/60,110,G06T7/70@B,G06T7/10","特表2022-522078","","","","","https://www.j-platpat.inpit.go.jp/c1800/PU/JP-2022-522078/D6598CB5BFC0F21090BD5D1BDDA48D19251A2DF344B693278B925EFF77DCFFAE/11/ja"
"特表2022-521873","特願2021-518958","2020/03/12","2021/07/01","目標対象認識システム、方法、装置、電子デバイス、及び記録媒体","商▲湯▼国▲際▼私人有限公司","G06T7/60,180,A63F1/06@Z","特表2022-521873","","","","","https://www.j-platpat.inpit.go.jp/c1800/PU/JP-2022-521873/50043184EB7D0F17172C7E8C984039C8683065B52D3C216EC60B786E489D06B7/11/ja"
"特表2022-519411","特願2021-518866","2020/03/13","2021/07/01","ジェスチャー認識方法および装置、電子デバイス、並びに記録媒体","商▲湯▼国▲際▼私人有限公司","G06T7/20,300@A,G06V10/82,G06V20/40","特表2022-519411","","","","","https://www.j-platpat.inpit.go.jp/c1800/PU/JP-2022-519411/8B68CEBEADDB31571227B358AAA2C9164A08BD5F7BEFB02B250FFA75E8B8DE15/11/ja"
"特表2022-518127","特願2021-538194","2020/06/03","2021/07/01","リソーススケジューリング方法及び装置、電子デバイス並びに記録媒体","上▲海▼商▲湯▼智能科技有限公司","G06F9/50,150@D","特表2022-518127","","","","","https://www.j-platpat.inpit.go.jp/c1800/PU/JP-2022-518127/682BD42AF95DFAF92B566EEDCDCC74444C10F6CF0EF5E81A230FF41AAD2026B9/11/ja"
"特表2022-517769","特願2021-539662","2020/07/22","2021/07/01","三次元ターゲット検出及びモデルの訓練方法、装置、機器、記憶媒体及びコンピュータプログラム","シャンハイ　センスタイム　インテリジェント　テクノロジー　カンパニー　リミテッド","G06T7/00,350@B,A61B6/03,360@Z,G06T7/00@C,G06T7/11,G06V20/64","特表2022-517769","","","","","https://www.j-platpat.inpit.go.jp/c1800/PU/JP-2022-517769/B98D3F3A72304AD0475828322AC66D0E865CA41D233C4FA12A067636599809EB/11/ja"
"特開2021-100237","特願2020-156372","2020/09/17","2021/07/01","高性能高速Ｍｕｘ－Ｄスキャンフリップフロップ","インテル　コーポレイション","H03K3/3562,625,H03K3/037@B,H03K19/00,220","特開2021-100237","","","","","https://www.j-platpat.inpit.go.jp/c1800/PU/JP-2021-100237/5D0599F1860D529FE68D217C5857E68239D478B59489B9DCDDFD7305F29209FF/11/ja"
"特開2021-100171","特願2019-230559","2019/12/20","2021/07/01","情報処理装置","株式会社テクノア","H04N7/18@D,H04N5/232,290,H04N5/232,941,G06T7/00,350@B,G08B25/00,510@M,H04N23/60,500,H04N23/63,310","特開2021-100171","","","","","https://www.j-platpat.inpit.go.jp/c1800/PU/JP-2021-100171/08E461BD352647C0A5A8C45D01D393EE78850A5A429C19BD6510183A2C94F11A/11/ja"
"特開2021-100101","特願2020-180368","2020/10/28","2021/07/01","半導体装置および電子機器","株式会社半導体エネルギー研究所","H01L27/108,321,H01L27/1156,H01L27/108,671@Z,H01L29/78,613@B,H01L29/78,618@B,H01L27/06,102@A,H01L27/088@E,H01L27/088,331@E,H01L27/088@H,H10B41/70,H10B12/00,671@Z,H10B12/00,801","特開2021-100101","","","","","https://www.j-platpat.inpit.go.jp/c1800/PU/JP-2021-100101/9379FBB8DADDA340D6191FBA1325D8E01F20C32253FF1FAE60FE2490E1B4F7A6/11/ja"
"特開2021-099891","特願2020-141289","2020/08/24","2021/07/01","ワイドプリフェッチを行う高帯域幅ＤＲＡＭメモリ","インテル・コーポレーション","G11C11/4096,400,G06F15/78,550,G11C5/04,220,G11C7/10,480,G11C5/02,100","特開2021-099891","","","","","https://www.j-platpat.inpit.go.jp/c1800/PU/JP-2021-099891/078DB85A27CC3BAE06A85267856CA57AE62C962CF327CABC286B28C42FC95152/11/ja"
"特開2021-099885","特願2021-045562","2021/03/19","2021/07/01","文書種別の推奨方法、装置、電子機器、可読記憶媒体及びコンピュータプログラム製品","北京百度網訊科技有限公司","G06F16/906","特開2021-099885","","特許7128311","","","https://www.j-platpat.inpit.go.jp/c1800/PU/JP-2021-099885/78F87100F83EE209233FC22EFB48A87B102A640192280A8EBCF851B55774CD94/11/ja"
"特開2021-099874","特願2021-042994","2021/03/17","2021/07/01","複数ターン会話におけるパブリックシナリオ会話のバックトラッキング方法及び装置、電子機器、記憶媒体並びにコンピュータプログラム","ベイジン　バイドゥ　ネットコム　サイエンス　アンド　テクノロジー　カンパニー　リミテッド","G06F16/90,100,G06Q50/10","特開2021-099874","","特許7141482","","","https://www.j-platpat.inpit.go.jp/c1800/PU/JP-2021-099874/9CC69B8E56DA15F0796DD0A42EB5B96B9DCEDEFB12056B67E4799FF2F5E8C1B4/11/ja"
"特開2021-099866","特願2021-039443","2021/03/11","2021/07/01","システム及び方法","ゼネラル・エレクトリック・カンパニイ","G16H40/60","特開2021-099866","","","","","https://www.j-platpat.inpit.go.jp/c1800/PU/JP-2021-099866/D3BE92C43876ECA17B41E4C641B96ECF51407E39AEEA865F232F88896AB1696D/11/ja"
"特開2021-099860","特願2021-038109","2021/03/10","2021/07/01","タスク計算量決定方法、装置、電子機器及びコンピュータプログラム製品","北京百度網訊科技有限公司,阿波▲羅▼智▲聯▼（北京）科技有限公司","G06F9/50,150@A,G06N20/00,G06F9/50,150@C","特開2021-099860","","","","","https://www.j-platpat.inpit.go.jp/c1800/PU/JP-2021-099860/85D8EA1F46EBF45F767582C9734C4510A307B0C90E3CE1C6C6E50C79B76037C4/11/ja"
"特開2021-099848","特願2021-034420","2021/03/04","2021/07/01","検査システム及びレジシステム","エンゼルプレイングカード株式会社","G07G1/00,311@D,G07D5/04,G07G1/00,331@C,G01G19/52@Z,G06M15/00,A63F5/04,605@C,A63F5/04,691@E,A63F5/04,697","特開2021-099848","","特許7162688","","","https://www.j-platpat.inpit.go.jp/c1800/PU/JP-2021-099848/CAB197142ECD77773F3A3262E2954DB9DB70DB4E2F1B76A0B0DBC20682D93C2E/11/ja"
"特開2021-099846","特願2021-033947","2021/03/03","2021/07/01","あるユーザについて無人航空機（ＵＡＶ）を制限するシステム、及び方法","エスゼット　ディージェイアイ　テクノロジー　カンパニー　リミテッド","G05D1/10,B64C39/02,G05D1/00@B,G08G5/00@A","特開2021-099846","","","","","https://www.j-platpat.inpit.go.jp/c1800/PU/JP-2021-099846/064A150346D6C5709C0295909F59A65556C5707A6CA3E22AA68183923ABD2D83/11/ja"
"特開2021-099836","特願2021-029883","2021/02/26","2021/07/01","家計簿管理支援システム","株式会社野村総合研究所","G06Q50/10,G06F3/0484,120,G06F3/0485,G06F3/04842","特開2021-099836","","特許7072694","","","https://www.j-platpat.inpit.go.jp/c1800/PU/JP-2021-099836/C6ADBA2E15F11C720F0C20FC5E9EF2A2D763B784484BE16AD67ED840D3C1A2E5/11/ja"
"特開2021-099832","特願2021-027426","2021/02/24","2021/07/01","特定のコンテキストについてのユーザニーズの予測","グーグル　エルエルシー","G06F16/9035,G06F16/909","特開2021-099832","","","null","","https://www.j-platpat.inpit.go.jp/c1800/PU/JP-2021-099832/38BC77BC5E9B89781689B3987E4C0B71E2BFE0992BD0B2308722AE47807A5027/11/ja"
"特開2021-099830","特願2021-027113","2021/02/24","2021/07/01","世界的に取得したデータに基づいて、世界企業ランキングをリアルタイムに作成するため方法、及び世界的ネットワークシステム","ザ　ダン　アンド　ブラッドストリート　コーポレーション","G06Q10/06,G06Q50/10,G16Y40/20,G06Q10/06,326,G06Q10/0635","特開2021-099830","","特許7091500","","","https://www.j-platpat.inpit.go.jp/c1800/PU/JP-2021-099830/880A048FCE646DBA81A13A9334B662DEC88B29692F057A980566905842B28D24/11/ja"
"特開2021-099810","特願2020-213123","2020/12/23","2021/07/01","技術的知識獲得のための機械学習システム","エスアールアイ　インターナショナル","G06N20/00,G06F3/01,510,G09B19/00@Z,G09B5/06","特開2021-099810","","","","","https://www.j-platpat.inpit.go.jp/c1800/PU/JP-2021-099810/6A5EC73D2C517C9CABA5D6DCD8F56C1EECA9CD0C64651A554D68E97CA79FC7BF/11/ja"
"特開2021-099788","特願2020-178881","2020/10/26","2021/07/01","クラッタ内の物体向けの把持姿勢決定","エヌビディア　コーポレーション","G06T7/70@Z,G06T7/00,350@C,G06T7/521,B25J13/08@A","特開2021-099788","","","","","https://www.j-platpat.inpit.go.jp/c1800/PU/JP-2021-099788/ABB3FAC487C120BE660C83EA1E181891756DF0EE7E7412E59C086BD39E738B6C/11/ja"
"特開2021-099786","特願2020-156374","2020/09/17","2021/07/01","共有ローカルメモリをパーティショニングするメカニズム","インテル　コーポレイション","G06F12/02,510@M,G06F15/80,G06F15/167,610@Z,G06F12/0842,G06F12/0806,100,G06F12/0893,100","特開2021-099786","","","","","https://www.j-platpat.inpit.go.jp/c1800/PU/JP-2021-099786/901973088B93753DFFF2349F59A7A4E3DC22F928E2B5CFFA53EC0410CC8A2171/11/ja"
"特開2021-099785","特願2020-155791","2020/09/16","2021/07/01","コンピュータアプリケーションを異種システムのために分配する自動学習技術","インテル　コーポレイション","G06F9/50,120@B,G06F9/50,120@A,G06F11/34,176","特開2021-099785","","","","","https://www.j-platpat.inpit.go.jp/c1800/PU/JP-2021-099785/C02A5B01CE40D64A434653466B495BC2189350F3AC02149B123886D44F715910/11/ja"
"特開2021-099783","特願2020-154476","2020/09/15","2021/07/01","ゼロスキップを伴うベクトル乗算加算の命令及びロジック","インテル　コーポレイション","G06F9/30,350@A,G06F9/318@A,G06F9/345@A,G06F17/16@P,G06F17/16@M,G06T1/20@A,G06F9/30,310@A","特開2021-099783","","","","","https://www.j-platpat.inpit.go.jp/c1800/PU/JP-2021-099783/2915CF030675FCE3D61FE09ADC85826F2BE87442655474786DBDB5E1A3F92AD8/11/ja"
"特開2021-099781","特願2020-152909","2020/09/11","2021/07/01","人工知能学習データの生成のためのクラウドソーシング基盤プロジェクトの作業者及び検収者の増減運用装置","クラウドワークス　インコーポレイテッド","G06Q50/10,G06Q10/06","特開2021-099781","","特許7097412","","","https://www.j-platpat.inpit.go.jp/c1800/PU/JP-2021-099781/EEA73AD1EE8C0F730B20595800E101965CE71D97CEB7179ECB12D1A274140C52/11/ja"
"特開2021-099780","特願2020-150856","2020/09/08","2021/07/01","再粒状化されたタイル実行のための統合されたプログラミングインタフェース","インテル・コーポレーション","G06F17/16@K,G06F9/50,150@E,G06F9/345@Z,G06F17/10@A,G06F17/16@P","特開2021-099780","","","","","https://www.j-platpat.inpit.go.jp/c1800/PU/JP-2021-099780/3A1B5AFDFA89ECD0D971A5B3A2AC4366FC1599F69CA1BF7A09DCF18031A53108/11/ja"
"特開2021-099779","特願2020-141287","2020/08/24","2021/07/01","ページテーブルマッピング機構","インテル・コーポレーション","G06F12/1009","特開2021-099779","","","","","https://www.j-platpat.inpit.go.jp/c1800/PU/JP-2021-099779/0C0890760D22E98FC5329475A347F238DE7EE051A458C499522883DCC051C3EF/11/ja"
"特開2021-099778","特願2020-125400","2020/07/22","2021/07/01","実行時のデジタルプロセスにおける人工知能／機械学習モデルの動的な更新、又は再訓練及び更新","ユーアイパス，インコーポレイテッド","G06N20/00","特開2021-099778","","特許7088989","","","https://www.j-platpat.inpit.go.jp/c1800/PU/JP-2021-099778/DA5B5C4724CA3F9C63C81B7F2DB48C9335447BA0254DED718682FD69771C6D3C/11/ja"
"特開2021-099774","特願2020-108873","2020/06/24","2021/07/01","ドキュメントのベクトル化表現方法、ドキュメントのベクトル化表現装置及びコンピュータ機器","ベイジン　バイドゥ　ネットコム　サイエンス　アンド　テクノロジー　カンパニー　リミテッド","G06F40/30,G06F40/216","特開2021-099774","","特許7194150","拒絶2022-015322","","https://www.j-platpat.inpit.go.jp/c1800/PU/JP-2021-099774/1897376B44AE56845A89B6C82E92106AECDC96B44111F4CE0B5E864D81E9C802/11/ja"
"特開2021-099771","特願2020-092008","2020/05/27","2021/07/01","翻訳方法、装置、電子機器、可読記憶媒体、及びコンピュータープログラム","ベイジン　バイドゥ　ネットコム　サイエンス　アンド　テクノロジー　カンパニー　リミテッド","G06F40/42","特開2021-099771","","","","","https://www.j-platpat.inpit.go.jp/c1800/PU/JP-2021-099771/5F8BFC6AFF3EE6FFAC7185B19782E69DB3EC0A7AF914761AFC23ED8D0E6B18F0/11/ja"
"特開2021-099756","特願2019-232221","2019/12/24","2021/07/01","情報処理システム、及びその制御方法、プログラム","キヤノンマーケティングジャパン株式会社","G08B21/18,G08B23/00,510@D,H04N7/18@N,H04N7/18@D,H04N5/232,930,A61B5/01,350,A61B5/1171,200,H04N23/63","特開2021-099756","","","","","https://www.j-platpat.inpit.go.jp/c1800/PU/JP-2021-099756/B6C8709B08ADCC3AF1CF5719044BD15890013FC7577785A00041813201C5EB97/11/ja"
"特開2021-099744","特願2019-232052","2019/12/23","2021/07/01","異常診断装置およびプログラム","株式会社日立製作所","G05B23/02@T","特開2021-099744","","","","","https://www.j-platpat.inpit.go.jp/c1800/PU/JP-2021-099744/1EA5A7B0A1EB878424802D5EA16205EDE3D61C972BFB1CD554797882FD0608CF/11/ja"
"特開2021-099736","特願2019-231943","2019/12/23","2021/07/01","データ管理計算機及びデータ管理方法","株式会社日立製作所","G06F21/62,318","特開2021-099736","","","","","https://www.j-platpat.inpit.go.jp/c1800/PU/JP-2021-099736/295CE688864C27D44BEC4E48317ED45A79BDBC38394530BC7F55B0CE9572D042/11/ja"
"特開2021-099709","特願2019-231727","2019/12/23","2021/07/01","捜査支援システムおよび捜査支援方法","パナソニックｉ－ＰＲＯセンシングソリューションズ株式会社","G08B25/00,510@M,G08B21/00@E,H04N7/18@D","特開2021-099709","","","","","https://www.j-platpat.inpit.go.jp/c1800/PU/JP-2021-099709/EBD849E3B472478B04EB72EFF3F284745BE6C496E0300FB0ED75874F8BD57A35/11/ja"
"特開2021-099702","特願2019-231681","2019/12/23","2021/07/01","学習装置、学習方法、及び学習済みモデル","株式会社東芝,東芝デジタルソリューションズ株式会社","G06N3/08,G06N20/00,130,G06N3/09,G06N3/0985","特開2021-099702","","","","","https://www.j-platpat.inpit.go.jp/c1800/PU/JP-2021-099702/443B09969E1F1A20E01E535946F0CAEB96D09DF9AE3C7939D2DF0A5C193CF08D/11/ja"
"特開2021-099698","特願2019-231544","2019/12/23","2021/07/01","画像処理装置および方法、並びにプログラム","ソニー株式会社","G06T7/00,350@B,G06T7/194,G06T7/00,300@B","特開2021-099698","","","","","https://www.j-platpat.inpit.go.jp/c1800/PU/JP-2021-099698/29A05C9F1825C2D71C649F53C92BC24A6C59B33CBEABC3E7B3A835DFEB8935AF/11/ja"
"特開2021-099638","特願2019-230850","2019/12/20","2021/07/01","エージェントシステム","株式会社ヴィッツ,株式会社博報堂","G06F13/00,530@A,G06F13/00,650@B,G06F3/0481,G06Q50/00,300,H04L51/04,H04L67/00,H04L67/10","特開2021-099638","","特許7086045","","","https://www.j-platpat.inpit.go.jp/c1800/PU/JP-2021-099638/8BFDD489ECF98FC1581269D613AD4B158B4B82A36CD977F43173A0B57F585DD8/11/ja"
"特開2021-099602","特願2019-230408","2019/12/20","2021/07/01","駐車場管制システム、駐車場管制方法、及びプログラム","アイシン精機株式会社,アマノ株式会社","G08G1/14@A,G08G1/16@A,G08G1/00@X,G06Q50/10","特開2021-099602","","","","","https://www.j-platpat.inpit.go.jp/c1800/PU/JP-2021-099602/0C119E0A719723EF037224E8FE65C898B1B35955FD8D7AFF2EF3F2CEBD13E566/11/ja"
"特開2021-099601","特願2019-230407","2019/12/20","2021/07/01","駐車場管制システム、駐車場管制方法、及びプログラム","アイシン精機株式会社,アマノ株式会社","G08G1/14@A,G08G1/00@X,G08G1/16@A,G06T7/70@Z,G06T7/00,650@B,G06Q50/10,B60W30/06,G16Y10/40,G06T7/00,650,B60W60/00","特開2021-099601","","","","","https://www.j-platpat.inpit.go.jp/c1800/PU/JP-2021-099601/7974828C1BBAA5A676839F37A39F2F8EBDD91157A71542BA2787A03BC6C71E2B/11/ja"
"特開2021-099600","特願2019-230406","2019/12/20","2021/07/01","駐車場管制システム、駐車場管制方法、及びプログラム","アイシン精機株式会社,アマノ株式会社","G08G1/14@A,G08G1/16@A,B60W30/06,B60W60/00","特開2021-099600","","","","","https://www.j-platpat.inpit.go.jp/c1800/PU/JP-2021-099600/4EFE866E906FFE4490E38019E3AA43154D636C0B18A7145F60994AF789A78470/11/ja"
"特開2021-099596","特願2019-230385","2019/12/20","2021/07/01","情報処理装置","株式会社デンソーテン","G06N3/02,G06F9/50,150@D","特開2021-099596","","","","","https://www.j-platpat.inpit.go.jp/c1800/PU/JP-2021-099596/F6902A8F564F1FBDA86122A54B27D70EAA29DB2E98B37E0133642238A379E6BA/11/ja"
"特開2021-099563","特願2019-229944","2019/12/20","2021/07/01","配車管理制御装置、配車管理装置、配車管理システム、配車管理方法およびプログラム","株式会社ＪＶＣケンウッド","G08G1/123@A,G06Q50/30","特開2021-099563","","","","","https://www.j-platpat.inpit.go.jp/c1800/PU/JP-2021-099563/F432CA032E2848BFA7793A5812FF46DB328A2616B5B1E4A92E30354E324457C8/11/ja"
"特開2021-099559","特願2019-229892","2019/12/20","2021/07/01","情報処理装置、推論モデル生成方法、情報処理方法、及びプログラム","株式会社トプコン,国立研究開発法人理化学研究所","G06N20/00,130,G06N3/08,G06T7/00,350@B,G06T7/00,614,A61B3/10,100,G06T7/00,612,G06N3/0455,G06N3/09","特開2021-099559","","","","","https://www.j-platpat.inpit.go.jp/c1800/PU/JP-2021-099559/E6253102A483D1ED1175901D6996DB0E4FFD41A2F172C926F2D22C8CC0B6724F/11/ja"
"特開2021-099550","特願2019-229777","2019/12/19","2021/07/01","情報処理装置、情報処理方法、および情報処理プログラム","ＭＯＮＥＴ　Ｔｅｃｈｎｏｌｏｇｉｅｓ株式会社","G06Q30/02,470,G06Q30/015","特開2021-099550","","特許7051794","拒絶2021-017749","","https://www.j-platpat.inpit.go.jp/c1800/PU/JP-2021-099550/F8385F90BA9D8D1701C2633A8B682A43812D48A25142A3311A7B58A180EC4ED7/11/ja"
"特開2021-099533","特願2021-043721","2021/03/17","2021/07/01","音声インタラクション処理方法、装置及び電子機器","ベイジン　バイドゥ　ネットコム　サイエンス　テクノロジー　カンパニー　リミテッド,阿波▲羅▼智▲聯▼（北京）科技有限公司","G10L15/28,230@K,G10L15/10,200@W,G10L15/22,300@Z,G10L15/28,400,G10L25/51,400","特開2021-099533","","","","","https://www.j-platpat.inpit.go.jp/c1800/PU/JP-2021-099533/A75F2164FE60CDEBEF2D3A943F0619B9238F89E143FD0F4882C66945BCC811BA/11/ja"
"特開2021-099387","特願2019-229847","2019/12/20","2021/07/01","ワイヤレスカメラシステムおよびワイヤレスカメラシステムの駆動方法","ピンポイントフォトニクス株式会社","G03B17/02,G03B15/00@S,G03B15/03,G02B7/08@Z,G03B15/05,G02B7/00@B,H04N5/232,960,H04N23/69","特開2021-099387","","","","","https://www.j-platpat.inpit.go.jp/c1800/PU/JP-2021-099387/B9058D0CD045EF44A2FBD3C95D28916803230BAFCF072B130DA53ED87DC61E6C/11/ja"
"特開2021-099259","特願2019-231042","2019/12/23","2021/07/01","植物茎葉部に施用した化学物質の生理的影響を迅速に可視化する方法","国立研究開発法人農業・食品産業技術総合研究機構","G01N21/76,A01G7/06@A,G01N21/78@Z","特開2021-099259","","","","","https://www.j-platpat.inpit.go.jp/c1800/PU/JP-2021-099259/73FA9BC0ABBEA707DA20CD3EC9D4DEDB24CBCBE21727645E5FF16325A7CF589E/11/ja"
"特開2021-099197","特願2019-231660","2019/12/23","2021/07/01","空気調和システム","シャープ株式会社","F24F11/48,F24F1/0083,F24F11/61,F24F11/65,F24F110:10,F24F110:20,F24F140:20","特開2021-099197","","","","","https://www.j-platpat.inpit.go.jp/c1800/PU/JP-2021-099197/111F8849325C83FA89A373B582E2F5F268AB3317283E79BFDC237B5C3170C6F5/11/ja"
"特開2021-098497","特願2020-202079","2020/12/04","2021/07/01","自動運航船シミュレーションシステム及びその運用方法","財團法人船舶▲曁▼▲海▼洋▲産▼▲業▼研發中心","B63B79/20,G08G3/00@A,G06Q50/30","特開2021-098497","","","","","https://www.j-platpat.inpit.go.jp/c1800/PU/JP-2021-098497/1433CADD17DA5AAF2EE3F7555E09641F49800D74A35CE72905C48755F5AB0790/11/ja"
"特開2021-098408","特願2019-230302","2019/12/20","2021/07/01","車両制御装置、車両制御方法、およびプログラム","本田技研工業株式会社","B60W30/06,G08G1/09@C,B60W50/10,B60W50/14,B60W60/00","特開2021-098408","","","","","https://www.j-platpat.inpit.go.jp/c1800/PU/JP-2021-098408/A1957DF51ED66B081217A46F9005A691F3A499444CB59271980000C72E8C6CF6/11/ja"
"特開2021-097610","特願2019-230308","2019/12/20","2021/07/01","威嚇システム、威嚇方法および威嚇システム用のプログラム","ＮＥＣプラットフォームズ株式会社","A01M29/00,G06N20/00,130","特開2021-097610","","","","","https://www.j-platpat.inpit.go.jp/c1800/PU/JP-2021-097610/DC02F1AD143382738889F4DB5BFA873CB03BC243124E067A965EF6BDE101A5EC/11/ja"
