﻿"文献番号","出願番号","出願日","公知日","発明の名称","出願人/権利者","FI","公開番号","公告番号","登録番号","審判番号","その他","文献URL"
"特開2022-033346","特願2022-001494","2022/01/07","2022/02/28","床版架け替え方法","鹿島建設株式会社","E01D22/00@A,E01D19/12","特開2022-033346","","特許7148746","","","https://www.j-platpat.inpit.go.jp/c1800/PU/JP-2022-033346/9BAAC3460E647520295D5A825EE4AFB2978E1AB7D2FC75EFF93D9643F640AE08/11/ja"
"特開2022-033258","特願2022-000145","2022/01/04","2022/02/28","音声制御装置、動作方法及びコンピュータプログラム","ＬＩＮＥ株式会社,ネイバー　コーポレーション","G10L15/28,230@K,G10L15/10,200@W,G10L17/00,200@C","特開2022-033258","","","","","https://www.j-platpat.inpit.go.jp/c1800/PU/JP-2022-033258/E8EB40DEEB5B73E7184DD9E61CD732409BC728D7B80A8750C62019C6CF9A05CD/11/ja"
"特開2022-033229","特願2021-211335","2021/12/24","2022/02/28","ロボット支援レーザ手術システム","オーストラリアン　インスティテュート　オブ　ロボティック　オーソピーディクス　プロプライエタリー　リミテッド","A61B18/20,A61B34/30","特開2022-033229","","","","","https://www.j-platpat.inpit.go.jp/c1800/PU/JP-2022-033229/1D0621455DE6E88DA9301CAF6900B8D038A1FDF0C630A99EF8AD0D1B87FB246B/11/ja"
"特開2022-033164","特願2021-202777","2021/12/14","2022/02/28","クラウドゲーミングネットワークを使用した人工知能（ＡＩ）モデルの訓練","ソニー・インタラクティブエンタテインメント　エルエルシー","A63F13/67,A63F13/85,A63F13/79,A63F13/798,G06N20/00","特開2022-033164","","","","","https://www.j-platpat.inpit.go.jp/c1800/PU/JP-2022-033164/090A1F358FFA70ACFAC13C9422E45812E280D313FDAC5432A778E581C22A3C06/11/ja"
"特開2022-033094","特願2020-181759","2020/10/29","2022/02/28","修理支援システム、プログラム","東京瓦斯株式会社","G06Q50/10","特開2022-033094","","","","","https://www.j-platpat.inpit.go.jp/c1800/PU/JP-2022-033094/9338E0023D25EC8A3B45903F6DB18415DA1971FD179FC2C285AA8463977FA80F/11/ja"
"特開2022-033035","特願2021-131381","2021/08/11","2022/02/25","顕微鏡画像に基づくシュウ酸カルシウム結晶のインテリジェント同定方法及びシステム","山東省食品薬品検験研究院","G01N33/15@Z,G01N21/17@A,G06T7/00,350@C,G06N3/04,G06N3/08,A61K36/00,G06N3/0464","特開2022-033035","","特許7187630","","","https://www.j-platpat.inpit.go.jp/c1800/PU/JP-2022-033035/098A7802DBA0CA2165E4329CE4A6F0E95CE0470373DB5E5466B8A3EA8F662A96/11/ja"
"特開2022-032974","特願2021-114042","2021/07/09","2022/02/25","ネットワークによる攻撃からの保護","インテル　コーポレイション","H04L12/811,G06F1/04,571,G06F21/55","特開2022-032974","","","","","https://www.j-platpat.inpit.go.jp/c1800/PU/JP-2022-032974/3011BF2AAC80BFA562487858EBE7C502584414C5B082C83C50C98AC80A4CC63D/11/ja"
"特開2022-032958","特願2021-093841","2021/06/03","2022/02/25","不揮発性メモリ装置、その動作方法、それを制御する制御器、及びそれを含む記憶装置","三星電子株式会社","G11C16/34,113,G11C16/04,170,G06F12/00,550@Z,G06F12/00,597@U,H01L27/088@E,H01L27/11575,H01L27/11582,H01L27/00,301@B,H01L29/78,371,H01L27/11573,H01L27/00,301@C,H10B43/27,H10B43/40,H10B43/50","特開2022-032958","","","","","https://www.j-platpat.inpit.go.jp/c1800/PU/JP-2022-032958/9A969E2B6DD14C062C46EE1D4A73AB10C24EFB9202AF6703BEF2DCAEAB58BF54/11/ja"
"特開2022-032955","特願2021-085929","2021/05/21","2022/02/25","プランニングノード","株式会社日立製作所","H04L12/717,H04L45/42","特開2022-032955","","特許7142747","","","https://www.j-platpat.inpit.go.jp/c1800/PU/JP-2022-032955/F24E82A874B7FFC6DE967F1D19E412409CDC3D23E714DACD2037844E1D04A778/11/ja"
"特開2022-032935","特願2021-032842","2021/03/02","2022/02/25","アンケート調査のためのシステム、プログラム、および方法","カン　ホースーン,株式会社オルツ","G06Q50/10","特開2022-032935","","特許7101357","","","https://www.j-platpat.inpit.go.jp/c1800/PU/JP-2022-032935/26E89735FFD7A781DCBD51FF027A0BC0D3BF77247CFDC15F75A9A349C2DDFA06/11/ja"
"特開2022-032876","特願2020-137150","2020/08/14","2022/02/25","学習装置、情報分類装置、及びプログラム","日本放送協会","G06N20/00,130","特開2022-032876","","","","","https://www.j-platpat.inpit.go.jp/c1800/PU/JP-2022-032876/FAAADDE39CDB5C565CC97D55812B3651124B854BB66208EC3F28A839685524C8/11/ja"
"特開2022-032764","特願2020-136926","2020/08/14","2022/02/25","監視システム及び監視方法","株式会社日立国際電気","B61L25/02@Z,B60L15/40@Z,H04B5/00@A,H04B3/46","特開2022-032764","","","","","https://www.j-platpat.inpit.go.jp/c1800/PU/JP-2022-032764/58521A5223FD1DC3D29F1FAA61A7352080AE2DD9A01AE7574B9135B349AC0435/11/ja"
"特開2022-032672","特願2020-136701","2020/08/13","2022/02/25","画像解析装置、監視システム、画像解析方法及びプログラム","キヤノン株式会社","H04N7/18@D,H04N7/18@K,G06T7/60,180@D","特開2022-032672","","","","","https://www.j-platpat.inpit.go.jp/c1800/PU/JP-2022-032672/2B3C80317D81C5CF9A5FFAB85D5F3AF46EB999CB115D5AE153A5FB3692F477A2/11/ja"
"特開2022-032611","特願2020-136563","2020/08/13","2022/02/25","駅ホームの監視システム","株式会社日立製作所,東日本旅客鉄道株式会社","B61L23/00@Z,B61B1/02","特開2022-032611","","","","","https://www.j-platpat.inpit.go.jp/c1800/PU/JP-2022-032611/53EFD38A581B9D3E41559614EB23555F532D7963D07F4586B56BFA1AA86F77D6/11/ja"
"特開2022-032602","特願2020-136539","2020/08/13","2022/02/25","計器用センサ","株式会社コンテック","G08C19/00,301@G,G08C15/00@E,G01B11/26@H","特開2022-032602","","","","","https://www.j-platpat.inpit.go.jp/c1800/PU/JP-2022-032602/A36497A3C17E585AB5FBCEE093ED5B0667283C2859F096DC468AEE98BA272E1A/11/ja"
"特開2022-032394","特願2020-136118","2020/08/12","2022/02/25","広告管理システム、広告管理方法及びプログラム","株式会社ＶＲバンク","G06Q30/02,382,G06Q30/02,398,G06Q30/0242,G06Q30/0251","特開2022-032394","","","","","https://www.j-platpat.inpit.go.jp/c1800/PU/JP-2022-032394/2521915471BE60051D8CC4DF87E156B60B951FACE20A87307C53FE4479EBE828/11/ja"
"特開2022-032364","特願2020-136052","2020/08/11","2022/02/25","プログラミング能力評価システム","ＮＡＢＬＡＳ株式会社","G09B19/00@Z,G09B7/02,G06Q50/20,300","特開2022-032364","","","","","https://www.j-platpat.inpit.go.jp/c1800/PU/JP-2022-032364/AE47CCD552587EA94E8B2B0BBEEA825D9BE429BDAD5CEBCA26E3D55C27F5D845/11/ja"
"特開2022-032163","特願2020-135684","2020/08/11","2022/02/25","衛生管理サーバ、衛生管理方法、衛生管理プログラムおよび衛生管理システム","ＳＢイノベンチャー株式会社","G06Q10/10,320,G16H10/00,G16Y10/60,G16Y40/10,G06Q10/105","特開2022-032163","","","","","https://www.j-platpat.inpit.go.jp/c1800/PU/JP-2022-032163/BB4A360B0C14AF36ACB09785F07F8790174F75097C99A90EF9ADA0B5DBE0EF9B/11/ja"
"特開2022-032080","特願2020-135539","2020/08/11","2022/02/25","制御装置及びコンバータ","ローム株式会社","H02M3/155@H,G05B13/04,G05B13/02@L","特開2022-032080","","","","","https://www.j-platpat.inpit.go.jp/c1800/PU/JP-2022-032080/6807691C091F972C9FE4EC07401CEE7E35DC0851D132AA641E94A845D2A75D29/11/ja"
"特許7025497","特願2020-154092","2020/09/14","2022/02/24","監視カメラ、パーツ紐付け方法およびプログラム","パナソニックｉ－ＰＲＯセンシングソリューションズ株式会社","G06T7/00,660@Z,A61B5/1171,A61B5/1171,200,G06T7/20,300@Z,G06T7/00,350@B,H04N7/18@D,H04N7/18@K,H04N5/232,290,H04N5/232,300,H04N23/60,300,H04N23/60,500","特開2022-047997","","特許7025497","拒絶2021-017565","","https://www.j-platpat.inpit.go.jp/c1800/PU/JP-7025497/25BFD8CCB160C5E394DEB4288BCF9C6F1A3F66D3EF9F30BCAE2A7A9E9199E905/15/ja"
"特許7025080","特願2021-133202","2021/08/18","2022/02/24","識別装置、識別プログラム、および識別方法","株式会社アーバンエックステクノロジーズ","G06T7/00,650@A,G01N21/88@Z,G06T7/00,650,G08G1/00@J","","","特許7025080","","","https://www.j-platpat.inpit.go.jp/c1800/PU/JP-7025080/F5E4465600462E150CC7AC58EDFE018DEF25081494FA4B60438A2C3FC9C7E4F5/15/ja"
"特表2022-549392","特願2021-559673","2020/08/21","2022/02/24","データインテグリティの最適化","グーグル　エルエルシー","G06F16/9035","特表2022-549392","","","","","https://www.j-platpat.inpit.go.jp/c1800/PU/JP-2022-549392/F62ED796BE2A61777FC9BCF6FACB2223D9500AB9E2DD3422EAB6D9AEC5F6F272/11/ja"
"特表2022-548436","特願2021-563118","2021/08/16","2022/02/24","仮想オブジェクトの制御方法、装置、端末及びコンピュータプログラム","▲騰▼▲訊▼科技（深▲セン▼）有限公司","A63F13/426,A63F13/2145,A63F13/55,A63F13/533,A63F13/58,G06F3/04886","特表2022-548436","","","","","https://www.j-platpat.inpit.go.jp/c1800/PU/JP-2022-548436/40426CAA1AAF6BC680F5DE989645ABF887FE0E7D38FCE14CCFFC4FE80B4E991D/11/ja"
"特許7023472","特願2021-065197","2021/04/07","2022/02/22","エンゲージメント型ファンド介入リスク予測装置","ＨＥＲＯＺ株式会社,ＳＭＢＣ日興証券株式会社","G06Q40/00,420,G06Q10/04,G06Q40/12,420","特開2022-160785","","特許7023472","","","https://www.j-platpat.inpit.go.jp/c1800/PU/JP-7023472/43A76796E6B4BADB8971DF2C855F8633561BBBDF62C7D22C2C3C8D5122B2D88F/15/ja"
"特開2022-031957","特願2021-205324","2021/12/17","2022/02/22","コンタクトセンター通信セッションルーティング動作の実施","アバイア　インコーポレーテッド","H04M3/523","特開2022-031957","","","","","https://www.j-platpat.inpit.go.jp/c1800/PU/JP-2022-031957/94B26CF842E9563F1FD88216F01EAA002C31EEFF81ED9D88556CCC4E4AB33695/11/ja"
"特開2022-031904","特願2021-200433","2021/12/09","2022/02/22","プログラム、情報処理方法及びサーバ装置","株式会社ＮｅａｒＭｅ","G06Q50/14,G06Q30/02","特開2022-031904","","","","","https://www.j-platpat.inpit.go.jp/c1800/PU/JP-2022-031904/E71D1DF1EBDCAD0A6EA5A5332E06157BBF39709074D06ABBFA167978325D1BC3/11/ja"
"特開2022-031902","特願2021-200319","2021/12/09","2022/02/22","道路イベントの検出方法、装置、機器及び記憶媒体","ベイジン　バイドゥ　ネットコム　サイエンス　テクノロジー　カンパニー　リミテッド","G08G1/00@J","特開2022-031902","","","","","https://www.j-platpat.inpit.go.jp/c1800/PU/JP-2022-031902/E7E03F8A3B335F6F293DF1090F68BCB826072DBE10721A83A9629137E9CE9796/11/ja"
"特開2022-031863","特願2021-197897","2021/12/06","2022/02/22","単語スロットの認識方法、装置及び電子機器","ベイジン　バイドゥ　ネットコム　サイエンス　テクノロジー　カンパニー　リミテッド","G06F40/279,G06F16/90,100,G06F40/247","特開2022-031863","","","","","https://www.j-platpat.inpit.go.jp/c1800/PU/JP-2022-031863/78F5E47B9B2B21BFBC67B2EAEE3F7E4233940070EA76495AAAC866DBAC372971/11/ja"
"特開2022-031862","特願2021-197763","2021/12/06","2022/02/22","画面投影方法、装置、機器及び記憶媒体","ベイジン　バイドゥ　ネットコム　サイエンス　テクノロジー　カンパニー　リミテッド","G06F21/62,G06F3/0481","特開2022-031862","","","","","https://www.j-platpat.inpit.go.jp/c1800/PU/JP-2022-031862/5E216904A228973531811DAF3E1741C58A487782F73B02B1F6E5C4D5D27B27AD/11/ja"
"特開2022-031854","特願2021-197234","2021/12/03","2022/02/22","返信内容の生成方法、装置、機器及び記憶媒体","ベイジン　バイドゥ　ネットコム　サイエンス　テクノロジー　カンパニー　リミテッド","G06F16/90,100","特開2022-031854","","","","","https://www.j-platpat.inpit.go.jp/c1800/PU/JP-2022-031854/D6B5F76F9DB8C5719B9DF2D83DD1916E6346E7312C6FE0CE50DB5F635124963D/11/ja"
"特開2022-031851","特願2021-197005","2021/12/03","2022/02/22","データフロー環境で使用されるデータ型の自動マッピングシステムおよび方法","オラクル・インターナショナル・コーポレイション","G06F16/17,100,G06F16/28","特開2022-031851","","","","","https://www.j-platpat.inpit.go.jp/c1800/PU/JP-2022-031851/7C35500F2A3228329752854F30E8E6D81F05F7CBE9DB73DBE72B99F8FA481924/11/ja"
"特開2022-031831","特願2021-195245","2021/12/01","2022/02/22","デュアルアクスルホイールサスペンション","リー・オートモーティブ・リミテッド","B60G21/045,B60K1/00","特開2022-031831","","","","","https://www.j-platpat.inpit.go.jp/c1800/PU/JP-2022-031831/8778C2BB386245BBDFDE731FAE9C3C56569B588BBC9857178E99170C974A3657/11/ja"
"特開2022-031804","特願2021-191869","2021/11/26","2022/02/22","イベント抽出方法、装置、電子機器及び記憶媒体","ベイジン　バイドゥ　ネットコム　サイエンス　テクノロジー　カンパニー　リミテッド","G06F40/279,G06F16/38,G06N5/02,150,G06N5/022,G06N5/025","特開2022-031804","","","","","https://www.j-platpat.inpit.go.jp/c1800/PU/JP-2022-031804/8915F567115EAE6918A29E4E0EBBB73775005A8F4EF293ECC9F57AD68D245DAB/11/ja"
"特開2022-031636","特願2021-171202","2021/10/19","2022/02/22","車両進行方向を出力する方法、装置、電子機器、記憶媒体、路側機、クラウド制御プラットフォーム及びコンピュータプログラム","阿波▲羅▼智▲聯▼（北京）科技有限公司","G08G1/00@C,G08G1/01@C,G06F16/903,G16Y10/40,G16Y20/20,G16Y40/20","特開2022-031636","","","","","https://www.j-platpat.inpit.go.jp/c1800/PU/JP-2022-031636/ABBB2B02E9FF499B0F49D7D706701A78AB826FFBF30466D1C9E557F0BC177786/11/ja"
"特許7023440","特願2021-573281","2021/07/06","2022/02/21","プログラミング支援装置、プログラミング支援方法、およびプログラミング支援プログラム","三菱電機株式会社","G06F8/30","","","特許7023440","","","https://www.j-platpat.inpit.go.jp/c1800/PU/JP-7023440/44A5CB9D8F55655E4DB99BD699D2554DF5C8BEAF2F48F839159836B3478D0213/15/ja"
"特許7022806","特願2020-178074","2020/10/23","2022/02/18","情報処理方法、コンピュータプログラム及び情報処理装置","株式会社エクサウィザーズ","G06Q20/42","特開2022-069098","","特許7022806","","","https://www.j-platpat.inpit.go.jp/c1800/PU/JP-7022806/A0ED89BAFADCE452E8B4276777618317E50AD083C24CB83A319BE06D92DFF1C5/15/ja"
"特許7022414","特願2021-154145","2021/09/22","2022/02/18","シート状海苔の異物除去装置","株式会社ザ鈴木,小浅商事株式会社","A23L17/60,103@F","","","特許7022414","","","https://www.j-platpat.inpit.go.jp/c1800/PU/JP-7022414/8E7AD03BAAED5066F02B38572767EBD7335D735C3EAC57ED803F62722A77A477/15/ja"
"特開2022-031507","特願2021-212645","2021/12/27","2022/02/18","ディープラーニングフレームワークにおける演算子の展開方法、展開装置及び電子機器","ベイジン　バイドゥ　ネットコム　サイエンス　テクノロジー　カンパニー　リミテッド","G06F8/30,G06F8/41,170","特開2022-031507","","","","","https://www.j-platpat.inpit.go.jp/c1800/PU/JP-2022-031507/A493B056F0D1B26131E571DCF3A9237B3548F60ED8E966E7F40386E38F9E0FEF/11/ja"
"特開2022-031355","特願2021-203213","2021/12/15","2022/02/18","有害生物防除方法","住友化学株式会社","A01N43/56@G,A01P3/00,A01N43/56@B,A01N43/84,101,A01N47/02,A01N43/832,A01N43/78,101,A01N43/40,101@D,A01N43/38,A01N43/88","特開2022-031355","","","","","https://www.j-platpat.inpit.go.jp/c1800/PU/JP-2022-031355/E184FFFE1A15F745DC13F2F67138EB33586336EB30BB130A6042DEF525B27424/11/ja"
"特開2022-031238","特願2021-129210","2021/08/05","2022/02/18","機械学習のためのデータ抽出のシステムおよび方法","トランスポーテーション　アイピー　ホールディングス，エルエルシー","G06N20/00,G06N5/02,G06Q10/00,300,G06Q10/20","特開2022-031238","","","","","https://www.j-platpat.inpit.go.jp/c1800/PU/JP-2022-031238/F6BA2D5A65DBE45F4088758FD6A017D368BCCB0EB19847C4AED6D63576A77AA9/11/ja"
"特開2022-031229","特願2021-128877","2021/08/05","2022/02/18","アブレーションインデックス計算を最適化するために機械学習アルゴリズムを利用する心臓不整脈を治療するための装置","バイオセンス・ウエブスター・（イスラエル）・リミテッド","A61B34/10,A61B5/367,A61B5/33,100,A61B18/12,A61B18/14","特開2022-031229","","","","","https://www.j-platpat.inpit.go.jp/c1800/PU/JP-2022-031229/DFEE0F51997E29EEF61594201DC384A3E93699C674D70A8C534C5479ADC41BBB/11/ja"
"特開2022-031228","特願2021-128870","2021/08/05","2022/02/18","心不整脈のマッピング及び治療中のワークフローを改善するための機械学習の使用","バイオセンス・ウエブスター・（イスラエル）・リミテッド","G16H40/60,A61B5/287,200,G06Q10/06,324,G06Q10/0633","特開2022-031228","","","","","https://www.j-platpat.inpit.go.jp/c1800/PU/JP-2022-031228/55D81EBFC057A3DBA82373BC3AEDCA1010C959E2D3797312F3A3A52A94E851FD/11/ja"
"特開2022-031148","特願2021-118159","2021/07/16","2022/02/18","心電図信号の分類データを提供する方法及びその電子装置","株式会社エイティセンス","A61B5/352,100","特開2022-031148","","","","","https://www.j-platpat.inpit.go.jp/c1800/PU/JP-2022-031148/9743C7FD9113324C8DC8A40F7EDB1B1E685C3CC2F8A45FF150B1F53A6B4B520D/11/ja"
"特開2022-031109","特願2021-045641","2021/03/19","2022/02/18","ニューラルネットワークに基づくマンマシンインタラクション方法、装置、及び媒体","ベイジン　バイドゥ　ネットコム　サイエンス　アンド　テクノロジー　カンパニー　リミテッド","G06N3/04,127,G06N5/04,G06N3/04,145,G06F16/90,100,G06F16/28,G06N3/042,G06N3/044","特開2022-031109","","特許7204801","","","https://www.j-platpat.inpit.go.jp/c1800/PU/JP-2022-031109/145B5761B41A62143BB374D8B3115CFAC0ED1ABE5618FADF898E6F71A407A6AC/11/ja"
"特開2022-030883","特願2020-135195","2020/08/07","2022/02/18","自己抜去発生予測装置、自己抜去発生予測方法、プログラム、転倒転落発生予測装置、転倒転落発生予測方法および医療安全性向上支援方法","サスメド株式会社,公立大学法人名古屋市立大学","G16H50/70,G06Q10/04","特開2022-030883","","","","","https://www.j-platpat.inpit.go.jp/c1800/PU/JP-2022-030883/C63415CEBF05AAA7E3DF2BCE952B3CAF8764C39ED630624567DB720BD67ACE81/11/ja"
"特開2022-030826","特願2020-135100","2020/08/07","2022/02/18","通信制御装置、通信制御方法、及び通信制御プログラム","エヌ・ティ・ティ・コミュニケーションズ株式会社","G06F13/00,610@S,G06F21/62,H04L51/00","特開2022-030826","","","","","https://www.j-platpat.inpit.go.jp/c1800/PU/JP-2022-030826/37AF4A6C68D7CEBEEB9C3824F587D26400206D5D2EF69507021CF0AEB1656E79/11/ja"
"特開2022-030754","特願2020-134972","2020/08/07","2022/02/18","入力支援システム、入力支援方法およびプログラム","株式会社東芝,東芝デジタルソリューションズ株式会社","G06F3/0484,120,G06F3/16,620,G06F3/16,650,G10L15/00,200@B,G10L15/22,460@Z,G06F3/04842","特開2022-030754","","","","","https://www.j-platpat.inpit.go.jp/c1800/PU/JP-2022-030754/890F63FB998168A9B5E65C3F781344208A3E6F919DC6FE2F3245BF563512244B/11/ja"
"特開2022-030594","特願2020-134710","2020/08/07","2022/02/18","管理装置、管理システム、管理方法、およびプログラム","本田技研工業株式会社","G01C21/26@P,G08G1/005,G08G1/00@X","特開2022-030594","","","","","https://www.j-platpat.inpit.go.jp/c1800/PU/JP-2022-030594/270A0329B7F0CFF20F9F02AFF911B2B1B32DC04F51EB2335CEAD72BB451EE5D6/11/ja"
"特開2022-030449","特願2020-134499","2020/08/07","2022/02/18","予測装置、学習装置及びプログラム","三菱ＦＢＲシステムズ株式会社","G06N3/04,145,G06N7/00,G06N3/044","特開2022-030449","","","","","https://www.j-platpat.inpit.go.jp/c1800/PU/JP-2022-030449/04A2B284AEBDCE70BE19B7FF3D546A746B8394810A63CA18073436CB4F01B189/11/ja"
"特開2022-030140","特願2020-133927","2020/08/06","2022/02/18","レーザーを用いた音波の再現","ＴＯＡ株式会社","A61B5/02,350","特開2022-030140","","","","","https://www.j-platpat.inpit.go.jp/c1800/PU/JP-2022-030140/3D844A2419247A60FDFC4257D2E93B78F110660D756A683D3B9D1E1E2C5D4F41/11/ja"
"特開2022-030057","特願2020-133802","2020/08/06","2022/02/18","情報処理装置","株式会社日本総合研究所","G06Q30/02,398,G06Q30/02,470,G06Q30/06,G06Q30/015,G06Q30/0251","特開2022-030057","","","","","https://www.j-platpat.inpit.go.jp/c1800/PU/JP-2022-030057/50F52B1180D85582F89AB0E5980E44E10AA783E5AA7707BED85239A870088048/11/ja"
"特開2022-029759","特願2020-133231","2020/08/05","2022/02/18","感染情報表示方法","パナソニックＩＰマネジメント株式会社","G16H50/80","特開2022-029759","","","","","https://www.j-platpat.inpit.go.jp/c1800/PU/JP-2022-029759/2F241A1216EDF5190C0B3F51882A02A2CF561706E85E6D3EBCF55173C7E4AE54/11/ja"
"特開2022-029582","特願2020-132926","2020/08/05","2022/02/18","画像処理装置、ユーザ端末、プログラム","大日本印刷株式会社","H04N5/232,300,H04N5/77,H04N5/92,010,H04N23/60,300","特開2022-029582","","","","","https://www.j-platpat.inpit.go.jp/c1800/PU/JP-2022-029582/91DB40F74C7DE2BC5FD6BBC7676CF71C6257E2C7551A51D14185638051720C22/11/ja"
"特開2022-029574","特願2020-132917","2020/08/05","2022/02/18","解析装置、解析方法及び解析プログラム","株式会社ナルコーム,公立大学法人兵庫県立大学","G06T7/00,350@C,A61C19/04@Z,A61B6/14,311,G06T7/00,612","特開2022-029574","","","","","https://www.j-platpat.inpit.go.jp/c1800/PU/JP-2022-029574/15A69C85C52A2702CC24AE8FE5BE7D4CCB9E015965FC56ECA8416D92EB279E1D/11/ja"
"特開2022-029473","特願2020-132739","2020/08/05","2022/02/18","急発進防止装置","永里　正美","B60K26/02,G05G5/04@B,G05G1/30@E","特開2022-029473","","","","","https://www.j-platpat.inpit.go.jp/c1800/PU/JP-2022-029473/BFDC42F29095D2975991C97643DAED34F4AAFB1E7BAE9A6C14BFD444C08813CC/11/ja"
"特表2023-503927","特願2022-529834","2021/06/02","2022/02/17","μ構造化ネストマスク及び重み単一化によるマルチレートニューラル画像圧縮モデルを圧縮及び加速するための方法及び装置","テンセント・アメリカ・エルエルシー","G06T9/00,200,G06N3/08,120","特表2023-503927","","","","","https://www.j-platpat.inpit.go.jp/c1800/PU/JP-2023-503927/E2452E867DC126E58BFBE78FE5FBCB5F1F221580550F17DB57B29F8834AFC5FE/11/ja"
"特開2022-029455","特願2021-167339","2021/10/12","2022/02/17","テーブルゲームの管理システムおよび遊戯用代用貨幣","エンゼルグループ株式会社","G06Q50/34,A63F1/06@Z,A63F3/00,515@Z,G06M11/00@D,G07D3/00@C,G07D11/225","特開2022-029455","","","","","https://www.j-platpat.inpit.go.jp/c1800/PU/JP-2022-029455/8B8F83D44B4C2E8C42A9056EF8C83932D87BEBE685E355F2DE71137D82359D64/11/ja"
"特開2022-029113","特願2020-132259","2020/08/04","2022/02/17","オンライン試験支援装置およびプログラム","株式会社教育ソフトウェア","G06Q50/20,G09B19/00@Z","特開2022-029113","","","","","https://www.j-platpat.inpit.go.jp/c1800/PU/JP-2022-029113/3653D2F9765189707FF372C23AF1A1B25FC143DCC84669408A57B6908E54E012/11/ja"
"特許7020732","特願2021-085355","2021/05/20","2022/02/16","ウエアラブル端末を用いた総合体調管理システムおよび総合体調管理方法","株式会社ＩＮＴＥＲＩＯＲ　ＨＡＲＡＧＵＣＨＩ","G08B25/04@K,G08B21/02,G08B25/00,510@M,A61B5/00,102@C,G16H10/60","特開2022-178500","","特許7020732","","","https://www.j-platpat.inpit.go.jp/c1800/PU/JP-7020732/0A39733D4C6AC493B9943772955423E486532C48A28DFA9B3DAC997B6E777AD5/15/ja"
"特許7020581","特願2021-164969","2021/10/06","2022/02/16","タイヤの状態の推定方法","住友ゴム工業株式会社","B60C19/00@H,B60C19/12@Z,G01M17/02,G06T7/00,350@B,B60C11/24@Z,B60C11/03@Z,G06T7/00,350@C","","","特許7020581","","","https://www.j-platpat.inpit.go.jp/c1800/PU/JP-7020581/27ABE81CE0F140731892FC262B5CE1C4340FB6364B2F87294F86AD6ADF84B13B/15/ja"
"特開2022-028971","特願2021-201516","2021/12/13","2022/02/16","遊技場における不正検知システム","エンゼルグループ株式会社","A63F1/06@Z,A63F1/18","特開2022-028971","","","","","https://www.j-platpat.inpit.go.jp/c1800/PU/JP-2022-028971/439A5E29D0E174A12864545DBEACB2C5523F14CE6BF0DBFF6CB667E9ED750111/11/ja"
"特開2022-028908","特願2021-195422","2021/12/01","2022/02/16","多項関係生成モデルのトレーニング方法、装置、電子機器及び媒体","ベイジン　バイドゥ　ネットコム　サイエンス　テクノロジー　カンパニー　リミテッド","G06N3/02,G06N5/02,120,G06N3/0475,G06N5/022","特開2022-028908","","","","","https://www.j-platpat.inpit.go.jp/c1800/PU/JP-2022-028908/B3A30F2F87D51E8A979D93C02AF6950BF79A5B99A080C95DEBF27805ABA78BA0/11/ja"
"特開2022-028897","特願2021-194225","2021/11/30","2022/02/16","文章翻訳方法、装置、電子機器及び記憶媒体","ベイジン　バイドゥ　ネットコム　サイエンス　テクノロジー　カンパニー　リミテッド","G06F40/44,G06F40/30","特開2022-028897","","","","","https://www.j-platpat.inpit.go.jp/c1800/PU/JP-2022-028897/6E004D6B985B4D27377058015339A5455D21C103BEE307853540843D1D634B2A/11/ja"
"特開2022-028892","特願2021-193784","2021/11/30","2022/02/16","遊技場における不正検知システム","エンゼルグループ株式会社","A63F1/06@Z,A63F1/18","特開2022-028892","","","","","https://www.j-platpat.inpit.go.jp/c1800/PU/JP-2022-028892/269FBD700A7A9A17F60E4D2BD1CF232BF78C177C14D6DCE5EA8BEB918498AEDF/11/ja"
"特開2022-028889","特願2021-193407","2021/11/29","2022/02/16","対話生成方法、装置、電子機器及び記憶媒体","ベイジン　バイドゥ　ネットコム　サイエンス　テクノロジー　カンパニー　リミテッド","G06F40/56,G06F40/253,G06F16/90,100","特開2022-028889","","","","","https://www.j-platpat.inpit.go.jp/c1800/PU/JP-2022-028889/8A006FAEF73027BA6503DAEBF72941D5F2E73DFFDDD675FB8F27170D5A92F841/11/ja"
"特開2022-028887","特願2021-193157","2021/11/29","2022/02/16","テキスト誤り訂正処理方法、装置、電子機器及び記憶媒体","ベイジン　バイドゥ　ネットコム　サイエンス　テクノロジー　カンパニー　リミテッド","G06F40/253,G06F40/216,G06F40/44","特開2022-028887","","","","","https://www.j-platpat.inpit.go.jp/c1800/PU/JP-2022-028887/B98B3640C8E55739E5B1D1D2012D02DD77EE3204DA287514FCC59087994EB0BA/11/ja"
"特開2022-028879","特願2021-192700","2021/11/29","2022/02/16","音声データの処理方法、装置、機器及び記憶媒体","ベイジン　バイドゥ　ネットコム　サイエンス　テクノロジー　カンパニー　リミテッド","G06F9/445,G10L15/00,200@Z","特開2022-028879","","","","","https://www.j-platpat.inpit.go.jp/c1800/PU/JP-2022-028879/E0E5C47106BB09668A750F2A3598A1E59CED161F3A4017347E244027E3E27995/11/ja"
"特開2022-028871","特願2021-191868","2021/11/26","2022/02/16","マルチタスクモデルのパラメータ更新方法、装置及び電子機器","ベイジン　バイドゥ　ネットコム　サイエンス　テクノロジー　カンパニー　リミテッド","G06N3/08,G06N20/00,G06N3/098","特開2022-028871","","特許7194252","","","https://www.j-platpat.inpit.go.jp/c1800/PU/JP-2022-028871/6764825C8F32073C24BC1F0F422EFBCBC848BA529EA8BDDB9444E08C20FE28B6/11/ja"
"特開2022-028870","特願2021-191751","2021/11/26","2022/02/16","車線検出方法、装置、電子機器、記憶媒体及び車両","ベイジン　バイドゥ　ネットコム　サイエンス　テクノロジー　カンパニー　リミテッド","G06T7/00,650@A,G06T7/00,350@C,G06T7/254@Z,G06V10/40,G06V20/40","特開2022-028870","","","","","https://www.j-platpat.inpit.go.jp/c1800/PU/JP-2022-028870/D226ECDE17C370B488C424949FD72480F96ABC31079454FC55E60591A3EF15D2/11/ja"
"特開2022-028864","特願2021-191062","2021/11/25","2022/02/16","パターン分解を通してデータ変換を推論するためのシステムおよび方法","オラクル・インターナショナル・コーポレイション","G06F16/174,G06F16/28","特開2022-028864","","","","","https://www.j-platpat.inpit.go.jp/c1800/PU/JP-2022-028864/4A0B6C5F5D84BE0C6ACB563E64E50506F748280397975BE37B68BDD01E551BAA/11/ja"
"特開2022-028854","特願2021-190061","2021/11/24","2022/02/16","サンプル画像生成方法、装置及び電子機器","北京百度網訊科技有限公司","G06T7/70,G06T3/00,700","特開2022-028854","","","","","https://www.j-platpat.inpit.go.jp/c1800/PU/JP-2022-028854/781ADFE7BE67AEC951AFBCA3620605645D340F7187CCEA90F22E6A824A32DEB0/11/ja"
"特開2022-028810","特願2021-186753","2021/11/17","2022/02/16","メモリ割り当て方法、装置、及び電子機器","ベイジン　バイドゥ　ネットコム　サイエンス　テクノロジー　カンパニー　リミテッド","G06N3/02,G10L15/16,G10L25/30","特開2022-028810","","","","","https://www.j-platpat.inpit.go.jp/c1800/PU/JP-2022-028810/A292F9D6AC7157D0966951DE48E2EC2D47C851EE25EAEFEE7415F767EFFF63AC/11/ja"
"特開2022-028774","特願2021-183859","2021/11/11","2022/02/16","スマートリーディング機器およびその制御方法","ＬＩＮＥ株式会社,ネイバー　コーポレーション","G10L13/00,100@K,G10L13/02,110@B","特開2022-028774","","","","","https://www.j-platpat.inpit.go.jp/c1800/PU/JP-2022-028774/516F652424EA00A33B8B6817E6B64163E044C0682522C51D07EFFB13D42D415F/11/ja"
"特開2022-028739","特願2021-180844","2021/11/05","2022/02/16","開閉装置、セキュリティサーバおよびセキュリティシステム","Ｒ＆Ｓ　Ｉｎｓｔｉｔｕｔｅ株式会社","G08B21/00@G,G08B25/04@H,G08B21/00@E,G08B25/00,510@M,E05B41/00@F","特開2022-028739","","","","","https://www.j-platpat.inpit.go.jp/c1800/PU/JP-2022-028739/4AF8E902E4F888ECF5E827787E90FDEBDAE5176C1462CBD46C6F733790CFCB20/11/ja"
"特開2022-028719","特願2021-180084","2021/11/04","2022/02/16","学習材推薦方法、学習材推薦装置および学習材推薦プログラム","日本電気株式会社","G06Q50/20,300,G09B5/12,G09B19/00@H","特開2022-028719","","","","","https://www.j-platpat.inpit.go.jp/c1800/PU/JP-2022-028719/6C45794E5F086E26A5BD1DB82FC88D5CFDD98DC580064F4C8F8B8B6227FD03CE/11/ja"
"特開2022-028697","特願2021-178631","2021/11/01","2022/02/16","少なくとも一つの空気調和デバイスを制御するための方法及び移動端末","ベバスト　エスエー","B60H1/00,101@Z,B60H1/00,103@Z,B60H1/00,103@S,H04Q9/00,331@Z","特開2022-028697","","","","","https://www.j-platpat.inpit.go.jp/c1800/PU/JP-2022-028697/01F4693DA6C9D996D70CAB374DCD62F36B2B4228339EBF97B603D0700AA43AA9/11/ja"
"特開2022-028686","特願2021-176282","2021/10/28","2022/02/16","ネットワーク環境におけるピア電子デバイスによるリモート電子デバイスの構成","ハンド　ヘルド　プロダクツ　インコーポレーティッド","H04L67/30,G06F21/44,H04W84/12,H04W76/10,H04W12/04,H04W12/06,H04W12/03,H04L9/08@B","特開2022-028686","","","","","https://www.j-platpat.inpit.go.jp/c1800/PU/JP-2022-028686/BCB52ECE324636EE24321D69D659614A298E1BD4116CA25CF4EB5001130BA481/11/ja"
"特開2022-028670","特願2021-172480","2021/10/21","2022/02/16","表示される認識テキストの決定方法、装置、電子機器、コンピュータ可読記憶媒体及びコンピュータプログラム","アポロ　インテリジェント　コネクティビティ　（ベイジン）　テクノロジー　カンパニー　リミテッド","G10L15/32,220@Z,G10L15/22,460@Z,G10L15/20,370@D,G10L15/20,370@Z","特開2022-028670","","","","","https://www.j-platpat.inpit.go.jp/c1800/PU/JP-2022-028670/CD4A2570DF715AD1F3A344EB19B0C42016933CCBA7172DE53224C62D0B214E2D/11/ja"
"特開2022-028669","特願2021-172447","2021/10/21","2022/02/16","信号機情報の出力方法、装置、電子機器、コンピュータ可読記憶媒体及びコンピュータプログラム","アポロ　インテリジェント　コネクティビティ　（ベイジン）　テクノロジー　カンパニー　リミテッド","G08G1/09@D,G01C21/26@C","特開2022-028669","","","","","https://www.j-platpat.inpit.go.jp/c1800/PU/JP-2022-028669/7F79705EAA59E7D20AD7E8A52EBAA5B24BC53426AFB8068A44D03B327FE6DC4F/11/ja"
"特開2022-028599","特願2021-079170","2021/05/07","2022/02/16","データ処理装置、データ処理方法及びプログラム","ファーストアカウンティング株式会社","G06Q20/10,300,G06K9/20,340@C,G06K9/03@C,G06K9/03@J,G06V30/12@C,G06V30/12@J,G06V30/412","特開2022-028599","","","","","https://www.j-platpat.inpit.go.jp/c1800/PU/JP-2022-028599/638580E5FCD2925B3218ABEB80252667F7B8A757ABFBAAFB55B09082E94CFBEC/11/ja"
"特開2022-028208","特願2020-131485","2020/08/03","2022/02/16","計算機装置、計算機システムおよびイベント管理方法","株式会社日立製作所","G06F11/34,133,G06F11/07,151,G06F11/07,140@A","特開2022-028208","","","","","https://www.j-platpat.inpit.go.jp/c1800/PU/JP-2022-028208/716237A9F6E6D5AA04671A7FAAA0D2F64177F096E4A6978A7DD358295798D548/11/ja"
"特開2022-028197","特願2020-131465","2020/08/03","2022/02/16","スリットランプ顕微鏡","株式会社トプコン","G02B21/36,G02B21/06,A61B3/135,A61B3/14,G06T7/32,G06T7/00,612","特開2022-028197","","","","","https://www.j-platpat.inpit.go.jp/c1800/PU/JP-2022-028197/EAF0113B1891FE5570BA1F8D54D595E2EC78FCFF3FC3D1DEE0BD41EC85BA54B8/11/ja"
"実登3236367","実願2021-004691","2021/12/08","2022/02/15","飲食店向け給仕ロボット","株式会社シェルパ","A47G23/08@Z","","","実登3236367","","","https://www.j-platpat.inpit.go.jp/c1800/PU/JP-3236367/4DAEC1AC0A3EA6A5405FF78AA38E0BFB6D6D595C14775D4979348080A2E63314/25/ja"
"特許7019859","特願2021-127524","2021/08/03","2022/02/15","リスク管理システムおよびリスク管理方法","三谷産業株式会社,清木　康","G06Q10/06,326,G06N20/00,G06Q10/0635","特開2022-106642","","特許7019859","","","https://www.j-platpat.inpit.go.jp/c1800/PU/JP-7019859/F6E32A7349866B99E42A6666E95CC63A0449661453AB8D126B2A407C3D9F866A/15/ja"
"特許7019227","特願2021-137642","2021/08/25","2022/02/15","服薬指導支援システム及び服薬指導支援プログラム","株式会社シグマソリューションズ","G16H20/10","","","特許7019227","","","https://www.j-platpat.inpit.go.jp/c1800/PU/JP-7019227/37D311D583C6C53F7E7B0D757721B6DA9534F4A67434C01946A3E01BA6B9AB03/15/ja"
"特開2022-027960","特願2021-204651","2021/12/16","2022/02/14","記事生成システム、記事生成装置、記事生成方法、及びコンピュータプログラム","株式会社ミンカブ・ジ・インフォノイド","G06Q40/06","特開2022-027960","","","","","https://www.j-platpat.inpit.go.jp/c1800/PU/JP-2022-027960/7A27AD28E4314360465E7F7927F2B5F973FE3A7061451715DF2D38BFDCC3FCF1/11/ja"
"特開2022-027940","特願2021-203938","2021/12/16","2022/02/14","情報処理装置","ベストライト・インヴェストメント・リミテッド,株式会社豊崎会計事務所","G06Q50/10","特開2022-027940","","","","","https://www.j-platpat.inpit.go.jp/c1800/PU/JP-2022-027940/3338732BDB81EAF47D579BC473B55FE85A91F847D994A45DF3A0291EF4161344/11/ja"
"特表2022-547366","特願2021-563610","2021/08/02","2022/02/10","付加製造システムにおける機械学習を使用した欠陥識別","シグマ　ラボズ，インコーポレイテッド","B22F10/85,B33Y30/00,B33Y50/02,B22F12/90,B22F10/36,B22F10/37,B22F10/28","特表2022-547366","","","","","https://www.j-platpat.inpit.go.jp/c1800/PU/JP-2022-547366/D18DE79DF80362C3519C5B98D62AA7C4CA9F06CDFBF822CEC06E0CB7BD5990F8/11/ja"
"特表2022-546884","特願2021-523396","2021/02/26","2022/02/10","触覚センサ、それを用いた触覚刺激検知方法、ロボット皮膚、及びそれを含むロボット","コリア　アドヴァンスド　インスティテュート　オブ　サイエンス　アンド　テクノロジー","G01L5/00,101@Z,B25J19/02","特表2022-546884","","","","","https://www.j-platpat.inpit.go.jp/c1800/PU/JP-2022-546884/E3803F739E7152FB6BD0C434C6FB6E15AFE7D2FA0642D33D0C9CB1E6473BE1E7/11/ja"
"特表2022-546788","特願2021-555154","2021/07/29","2022/02/10","スティープスロープ電界効果トランジスタとその製造方法","コリア　アドバンスド　インスティチュート　オブ　サイエンス　アンド　テクノロジィ","H01L29/78,301@X,H01L29/78,617@J,H01L29/78,618@C,H01L29/78,616@V,H01L29/78,617@T,H01L27/11521,H01L29/78,371,H10B41/30","特表2022-546788","","","","","https://www.j-platpat.inpit.go.jp/c1800/PU/JP-2022-546788/CC3CE2D678462E4ADF6B9056191DB29EDCCF109A577875DCE49DAD71D5F82B69/11/ja"
"特開2022-027648","特願2021-124788","2021/07/29","2022/02/10","自動運転中の運転者警告を改善するためのシステム及び方法","トヨタ自動車株式会社","G08G1/16@C,B60W60/00,B60W50/14","特開2022-027648","","","","","https://www.j-platpat.inpit.go.jp/c1800/PU/JP-2022-027648/641284F5FB89208EF8067DA13A2E41CAF8C36F7D81C23CADA3B1BCD4D975EBCD/11/ja"
"特開2022-027630","特願2021-124105","2021/07/29","2022/02/10","広域周方向アブレーション点の解剖学的構造の自動セグメンテーション","バイオセンス・ウエブスター・（イスラエル）・リミテッド","A61B18/12,A61B5/287,A61B5/33,100","特開2022-027630","","","","","https://www.j-platpat.inpit.go.jp/c1800/PU/JP-2022-027630/4093B8EEF839F76571935C87EF4C91E569D2BA30F6C384A6C18301EE5CD2F352/11/ja"
"特開2022-027596","特願2021-123313","2021/07/28","2022/02/10","残留ガスの分析システム及び方法","台湾積體電路製造股▲ふん▼有限公司","H01L21/302,101@H,H01L21/31@B,C23C16/44@J,C23C14/00@B,H01L21/316,H01L21/318","特開2022-027596","","","","","https://www.j-platpat.inpit.go.jp/c1800/PU/JP-2022-027596/90B3CA84E820280471F4C33CE03123AD9EFA452267DE6F08F4FA670AD9A3A49B/11/ja"
"特開2022-027588","特願2021-123108","2021/07/28","2022/02/10","複数の画像化モダリティを使用する有機組織内の瘢痕領域の自動識別","バイオセンス・ウエブスター・（イスラエル）・リミテッド","A61B8/12,A61B5/00@G,A61B5/055,383,A61B5/055,390,A61B5/367,A61B5/33,210","特開2022-027588","","","","","https://www.j-platpat.inpit.go.jp/c1800/PU/JP-2022-027588/E9B6ABCAD32616A1A249425ADE771304D34CDF0DA7969AA54DFDB48E9CEB01D1/11/ja"
"特開2022-027569","特願2021-122299","2021/07/27","2022/02/10","ロボット遠隔制御方法及びシステム","ネイバーラボス　コーポレーション","G05D1/02@K,G08G1/16@A,G05D1/00@B","特開2022-027569","","特許7213924","","","https://www.j-platpat.inpit.go.jp/c1800/PU/JP-2022-027569/21C24AECDB55B9C98CFD1F3A8F9FCFEB60EF1CA4828717D3BB86A16C1538A32E/11/ja"
"特開2022-027568","特願2021-122298","2021/07/27","2022/02/10","ロボット管制方法及びシステム","ネイバーラボス　コーポレーション","G05D1/00@B,G06Q50/10,G05D1/02@K","特開2022-027568","","特許7199480","","","https://www.j-platpat.inpit.go.jp/c1800/PU/JP-2022-027568/C39777688F1A1559C07039EABC5824C24A106501E3C0C513FDC2F5FC0C675AED/11/ja"
"特開2022-027567","特願2021-122297","2021/07/27","2022/02/10","ロボット作業の学習方法及びロボットシステム","ネイバーラボス　コーポレーション","B25J3/00@A,B25J13/00@Z","特開2022-027567","","","","","https://www.j-platpat.inpit.go.jp/c1800/PU/JP-2022-027567/2D3CCF6B18219139A86BAE3B08961A0E7A41D2162B4F89B74F10D1FAB0B79683/11/ja"
"特開2022-027551","特願2021-121001","2021/07/21","2022/02/10","カジノシステム、カジノ用品、及びカジノ用品提供方法","エンゼルグループ株式会社","A63F1/06@Z","特開2022-027551","","","","","https://www.j-platpat.inpit.go.jp/c1800/PU/JP-2022-027551/3BC389A596DED01192DEF0D5C368BF72FB379B467E731747FE2EF3F2F6A63137/11/ja"
"特開2022-027476","特願2021-096487","2021/06/09","2022/02/10","カジノ用品の管理システム","エンゼルグループ株式会社","A63F1/06@Z,A63F1/06@A,G06Q50/34,G16Y10/65,G16Y20/20,G16Y40/10","特開2022-027476","","特許7174112","","","https://www.j-platpat.inpit.go.jp/c1800/PU/JP-2022-027476/E4FA6D38038EB632E45AF3593D9458B48A33D6F50CD46F633014082C7B5C641D/11/ja"
"特開2022-027462","特願2021-082211","2021/05/14","2022/02/10","汚水処理施設の運転操作量推論根拠出力装置及び運転操作量推論根拠出力方法","株式会社明電舎","G06N20/00,130,C02F1/00@C,C02F1/00@V,G06N5/04","特開2022-027462","","","","","https://www.j-platpat.inpit.go.jp/c1800/PU/JP-2022-027462/32C9EBB7576853DB7718C6237F68BD6E92941B03ABEE19ACC4EC57E708BA147D/11/ja"
"特開2022-027417","特願2021-018381","2021/02/08","2022/02/10","プログラム、情報処理装置、方法","株式会社ＧａｍｉｎｇＤ","A63F13/5375,A63F13/49,A63F13/497,A63F13/30","特開2022-027417","","","","","https://www.j-platpat.inpit.go.jp/c1800/PU/JP-2022-027417/423CC87E982C2243A0CC248240845376A205CDA7B7CADFB48BF96546D6076648/11/ja"
"特開2022-027416","特願2021-011614","2021/01/28","2022/02/10","データ保護問合せインターフェース","エムエックス・テクノロジーズ・インコーポレーテッド","G06F21/62,345,G06F21/31","特開2022-027416","","特許7204790","","","https://www.j-platpat.inpit.go.jp/c1800/PU/JP-2022-027416/60B8CD288B833B80605509F9515CEA17C81CC6A7E2ACC0299404D22EBDA3EBF2/11/ja"
"特開2022-027399","特願2020-204810","2020/12/10","2022/02/10","データ処理装置、データ処理方法及びプログラム","ファーストアカウンティング株式会社","G06K9/03@B,G06V30/12@B","特開2022-027399","","","","","https://www.j-platpat.inpit.go.jp/c1800/PU/JP-2022-027399/C0CE20B0B67E584D46486FA6213EF32DD69D3DD7DF9F89C9391BA04E359D9080/11/ja"
"特開2022-027393","特願2020-197133","2020/11/27","2022/02/10","印刷回路基板及びその製造方法","サムソン　エレクトロ－メカニックス　カンパニーリミテッド．","H05K1/14@B,H05K3/46@B,H05K3/46@G,H01L23/12@N,H01L23/12@Q","特開2022-027393","","","","","https://www.j-platpat.inpit.go.jp/c1800/PU/JP-2022-027393/2C8DF8C48FA81C660CDE454DB5A5506DD3F92A3E3EB70B2E059A618D723C4696/11/ja"
"特開2022-027071","特願2020-130860","2020/07/31","2022/02/10","歯科用補綴物提供管理装置、歯科用補綴物提供システム、歯科用補綴物提供管理方法、歯科用補綴物提供方法及びプログラム","株式会社リコー","A61C13/00@Z,A61C13/08","特開2022-027071","","","","","https://www.j-platpat.inpit.go.jp/c1800/PU/JP-2022-027071/384FC01553D45C2952DC8C1379F1906908DA03F2E02A499B321D58526248309F/11/ja"
"特開2022-027056","特願2020-130837","2020/07/31","2022/02/10","情報処理システム、情報処理方法、及び、プログラム","サトーホールディングス株式会社","G07G1/12,321@Z,G07G1/00,301@D,G07G1/06@B,G07G1/12,351@Z,G07G1/12,321@L,G06Q20/32,330","特開2022-027056","","","","","https://www.j-platpat.inpit.go.jp/c1800/PU/JP-2022-027056/BB9F83A62162F1958F4CBC27675DB4255EF878311E964C34D4D6FD36C98AEDCA/11/ja"
"特開2022-027036","特願2020-130803","2020/07/31","2022/02/10","車両の自動緊急通報システム","株式会社ＳＵＢＡＲＵ","G08B25/08@A,G08B25/10@Z,G08B21/00@U,H04W76/50,G08G1/09@F,G08G1/13,B60R21/00,340,H04M11/04","特開2022-027036","","","","","https://www.j-platpat.inpit.go.jp/c1800/PU/JP-2022-027036/24A21E3C96324AA8AFDF9D5887198855AA82247335ACA66FB8891263ACAE01CA/11/ja"
"特開2022-027035","特願2020-130802","2020/07/31","2022/02/10","車両の自動緊急通報システムに用いられるサーバ装置","株式会社ＳＵＢＡＲＵ","G08B25/08@A,G08B25/10@D,G08B21/00@U","特開2022-027035","","","","","https://www.j-platpat.inpit.go.jp/c1800/PU/JP-2022-027035/03BC138138CA196F595D34C2D0D4AF73DF823A925AA00E1A76B0A0EA01B7A6C4/11/ja"
"特開2022-027034","特願2020-130801","2020/07/31","2022/02/10","自動通報機能を有する車両","株式会社ＳＵＢＡＲＵ","B60R21/00,340,G08B25/10@D,G08B25/08@A,G08B23/00,510,H04M11/04","特開2022-027034","","","","","https://www.j-platpat.inpit.go.jp/c1800/PU/JP-2022-027034/1D26214FD9846F391B3AB8CAED2368B5091FE3D5993826555F18CB83DA596690/11/ja"
"特開2022-026984","特願2020-130720","2020/07/31","2022/02/10","化粧シートの製造方法並びにそれを用いた化粧シート及び化粧板","凸版印刷株式会社","B32B27/00@E,B32B38/06,B32B38/14,B41M3/06@A","特開2022-026984","","","","","https://www.j-platpat.inpit.go.jp/c1800/PU/JP-2022-026984/BF0F1C5962E8A972A13F2CCC9785C6C9AA36DBE2EF6DDBDB403D872AD1882C11/11/ja"
"特開2022-026983","特願2020-130719","2020/07/31","2022/02/10","法務ナレッジ共有システム及びプログラム","株式会社サイトビジット","G06Q10/10","特開2022-026983","","","","","https://www.j-platpat.inpit.go.jp/c1800/PU/JP-2022-026983/0355D5A3C0373CAE5DE4FF2B4FC01193E9C51A3CFC523F8FF6CBE9E970995DD5/11/ja"
"特開2022-026452","特願2020-129931","2020/07/31","2022/02/10","空調システム","ダイキン工業株式会社","F24F11/62,F24F11/54,F24F11/65,F24F7/007,101,F24F11/46,F25D13/00,101@D,F25D17/06,301,F24F110:10","特開2022-026452","","特許7208538","","","https://www.j-platpat.inpit.go.jp/c1800/PU/JP-2022-026452/9C458AEFA390DA9BEF219FF31D108C0A879E3CDBDE561E971AEE028B46DFF373/11/ja"
"特開2022-026287","特願2020-129680","2020/07/30","2022/02/10","撮影システム、移動体、撮影方法及びプログラム","株式会社リコー","H04N7/18@B,G08G1/00@J,E01C23/01","特開2022-026287","","","","","https://www.j-platpat.inpit.go.jp/c1800/PU/JP-2022-026287/0D8F94605C27477570C79493795CF5486A93E536C93DFC5508EBEF891D54DB88/11/ja"
"特開2022-026035","特願2020-129302","2020/07/30","2022/02/10","情報処理装置及びプログラム","富士ゼロックス株式会社","G06F3/0481,150,G06T3/00,705,G06F3/04815","特開2022-026035","","","","","https://www.j-platpat.inpit.go.jp/c1800/PU/JP-2022-026035/56181BD2D5E5FEB34003E5D2E6350FF9EBD7105333EE4DC1C7900C1B77E1E98C/11/ja"
"特開2022-025932","特願2020-129134","2020/07/30","2022/02/10","サーバ装置","株式会社第一興商","G10K15/04,302@D","特開2022-025932","","","","","https://www.j-platpat.inpit.go.jp/c1800/PU/JP-2022-025932/91693E94DB24F4CBD826296352958926E128DC119FC03646B8D4AB8E6F43A4FD/11/ja"
"特開2022-025860","特願2020-128998","2020/07/30","2022/02/10","水質判定装置","株式会社明電舎","G06T7/00,350@C,G06T7/00,610@Z,G06T7/00,610","特開2022-025860","","","","","https://www.j-platpat.inpit.go.jp/c1800/PU/JP-2022-025860/D3F31F12BE957C86B45A4BAD28B6F9CEEAAF1FAD8C30CC754D2B103452A6778F/11/ja"
"特開2022-025859","特願2020-128997","2020/07/30","2022/02/10","水処理施設の運転支援装置","株式会社明電舎","C02F3/12@H,C02F1/00@T,G05B23/02@G,G05B23/02@T","特開2022-025859","","","","","https://www.j-platpat.inpit.go.jp/c1800/PU/JP-2022-025859/4E929647D4D64338C0AC11A292B5A37AD6E947E66D2147229B6E0A4640BFCE26/11/ja"
"特開2022-025694","特願2020-128663","2020/07/29","2022/02/10","撮像装置、および画像送受信システム","ソニーセミコンダクタソリューションズ株式会社","H04N5/232,290,H04N5/232,H04N5/232,300,H04N5/232,220,H04N5/232,030,H04N7/18@D,H04N23/60,H04N23/60,100,H04N23/60,300,H04N23/60,500,H04N23/66","特開2022-025694","","","","","https://www.j-platpat.inpit.go.jp/c1800/PU/JP-2022-025694/DBD7CA506C769908DCAB53A04F57454492CE8B853DF5E333F53F0F9BF0EF007C/11/ja"
"特開2022-025421","特願2020-128232","2020/07/29","2022/02/10","カラオケ装置","株式会社第一興商","G10K15/04,302@D,G10L25/63","特開2022-025421","","","","","https://www.j-platpat.inpit.go.jp/c1800/PU/JP-2022-025421/1AA53FE4152E6479FD6CE341F23976BC220B011C01B7ED809655601B7299AA2F/11/ja"
"特開2022-025392","特願2020-128180","2020/07/29","2022/02/10","機械学習装置及び機械学習方法","公立大学法人秋田県立大学","G06N3/08,G06T7/00,350@C,G06N20/00,130,G06N3/09,G06N3/096","特開2022-025392","","","","","https://www.j-platpat.inpit.go.jp/c1800/PU/JP-2022-025392/7F2C938D79750BE2F37BAFBD775783F9E8F5B069903C450A9486C2E09694D5E2/11/ja"
"特開2022-025371","特願2020-128152","2020/07/29","2022/02/10","加熱調理器","三菱電機ホーム機器株式会社,三菱電機株式会社","F24C7/04,301@A,F24C7/04,301@Z,F24C7/00@A,F24C15/00@M,F24C15/00@D,F24C11/00@A,H05B6/12,303,H05B6/12,302,H05B6/12,324,F24C7/02,301@E","特開2022-025371","","","","","https://www.j-platpat.inpit.go.jp/c1800/PU/JP-2022-025371/E5D56924052463854218999E077855AB04BFF9C8D987ED340D166A2480A07F43/11/ja"
"特開2022-025313","特願2020-128064","2020/07/29","2022/02/10","情報提供装置、情報提供プログラム及び情報提供システム","栢　孝文","G16H20/60,G06Q50/10","特開2022-025313","","","","","https://www.j-platpat.inpit.go.jp/c1800/PU/JP-2022-025313/C4AF1D095D31BEFD36E2B503FAFFA34B3546BA15C8BAE1FD590773BB1202FDA6/11/ja"
"特開2022-025236","特願2020-127943","2020/07/29","2022/02/10","塗色識別装置","トヨタ自動車株式会社","G06T7/90@A,G01J3/46@Z,G06T7/00,610","特開2022-025236","","","","","https://www.j-platpat.inpit.go.jp/c1800/PU/JP-2022-025236/59280F305EC119DECA0E2BD639C5210639C89828D8E74CE8AA78B81C4441FCF6/11/ja"
"特開2022-025221","特願2020-127908","2020/07/29","2022/02/10","電池診断装置、電池診断方法","株式会社日立製作所","G05F1/67@A","特開2022-025221","","","","","https://www.j-platpat.inpit.go.jp/c1800/PU/JP-2022-025221/F03C61EB943D056D2B9E8FDD7F9114097C9642FA1A6F1637D500395CEA38E9A1/11/ja"
"特許7017766","特願2021-093237","2021/06/02","2022/02/09","情報処理装置及びソフトウェア生成支援方法","シンメトリー・ディメンションズ・インク","G06F8/34,G06F3/14,310@E","特開2022-185500","","特許7017766","","","https://www.j-platpat.inpit.go.jp/c1800/PU/JP-7017766/EA50579CA24F307C43A0CA7A5237334CA8FD2730320E72973A1905DD0AC926BD/15/ja"
"特開2022-025095","特願2021-172146","2021/10/21","2022/02/09","機械学習を用いた医用イメージングの変換のためのシステムおよび方法","ケース　ウェスタン　リザーブ　ユニバーシティ,コーニンクレッカ　フィリップス　エヌ　ヴェ,ユニバーシティ　ホスピタルズ　メディカル　グループ　インコーポレイテッド","A61B5/055,380,G06T7/00,612","特開2022-025095","","","","","https://www.j-platpat.inpit.go.jp/c1800/PU/JP-2022-025095/B834F645465CB9827B8DE08D555705FE9E414D99D2FF75123D05BF202EB4830F/11/ja"
"特開2022-025013","特願2021-106728","2021/06/28","2022/02/09","研究論文に関連付けられたマルチモーダルオンラインリソースの抽出","富士通株式会社","G06F16/907,G06F16/908,G06F16/95","特開2022-025013","","","","","https://www.j-platpat.inpit.go.jp/c1800/PU/JP-2022-025013/C1733E0ABCEECE2909ED2E0A5D6F8D7EA370C4F4C48DD656A8040A479CF3F3D2/11/ja"
"特開2022-025009","特願2021-105274","2021/06/25","2022/02/09","グラフ・ニューラルネットワークを用いたソーシャル・ネットワークにおけるシード拡張","富士通株式会社","G06F16/28,G06Q50/00,300,G06F13/00,540@E,H04L67/00","特開2022-025009","","","","","https://www.j-platpat.inpit.go.jp/c1800/PU/JP-2022-025009/52752295F5D3B1204B030E668E0040013C190F0B43A3834DB80200C760415425/11/ja"
"特開2022-025008","特願2021-105233","2021/06/24","2022/02/09","テキスト行識別に基づくナンバープレート識別方法","同▲済▼大学","G06T7/00,350@C,G06N3/04,G06N3/08,G06T7/00,650,G06V20/62,G06N3/0442,G06N3/0455","特開2022-025008","","","","","https://www.j-platpat.inpit.go.jp/c1800/PU/JP-2022-025008/B641E25AAD9F69A364F566034A562125771866925798108DE8E88094DC5E2E6A/11/ja"
"特開2022-024993","特願2021-075819","2021/04/28","2022/02/09","ビデオ処理方法及び装置、記憶媒体","ペキン　シャオミ　パインコーン　エレクトロニクス　カンパニー，　リミテッド","H04N21/44,H04N21/431","特開2022-024993","","","","","https://www.j-platpat.inpit.go.jp/c1800/PU/JP-2022-024993/4C45AB42C7672F6A6CFD0333BF61CD7172070EC61D44071404A3543315DDB79F/11/ja"
"特開2022-024969","特願2020-218832","2020/12/28","2022/02/09","青果物の品質検査装置","ＡＳＳＥＳＴ株式会社","G01N21/85@A,G01N21/27@A","特開2022-024969","","","","","https://www.j-platpat.inpit.go.jp/c1800/PU/JP-2022-024969/56EE3AB417110DA1A24F33DFE15D8C7737934E94C9424B3307E7C987C068A706/11/ja"
"特開2022-024952","特願2020-178736","2020/10/26","2022/02/09","物体引渡しの機械学習制御","エヌビディア　コーポレーション","B60W30/00,B60W60/00,B60W50/00,B60W40/00,B25J13/00@Z","特開2022-024952","","","","","https://www.j-platpat.inpit.go.jp/c1800/PU/JP-2022-024952/AE4713FF9EA3AA15707C0D13B1E9B287CC8D75FE56596FDD8B1735EE01064973/11/ja"
"特開2022-024925","特願2020-127776","2020/07/28","2022/02/09","青果物の販売単価提案プログラム","ＡＳＳＥＳＴ株式会社","G06Q30/06","特開2022-024925","","","","","https://www.j-platpat.inpit.go.jp/c1800/PU/JP-2022-024925/FB9D0FD2978A4CE8EB5D89D0EAFF0FBC9A60094156B8F06420C05439878F0B52/11/ja"
"特開2022-024866","特願2020-127688","2020/07/28","2022/02/09","評価方法、プログラム、及び、評価システム","パナソニック株式会社,株式会社コーセー,株式会社ミルボン","G01N33/50@Q","特開2022-024866","","","","","https://www.j-platpat.inpit.go.jp/c1800/PU/JP-2022-024866/4D6A77B44B6B8734CDFACEE2CFE1763A049F1BFE1981AF6DC76AF019EBBA4024/11/ja"
"特開2022-024865","特願2020-127687","2020/07/28","2022/02/09","評価方法、プログラム、及び、評価システム","パナソニック株式会社,株式会社コーセー,株式会社ミルボン","C12Q1/04,C12M1/34@B","特開2022-024865","","","","","https://www.j-platpat.inpit.go.jp/c1800/PU/JP-2022-024865/EA4589FC8BE3345AFC616BF0B5968D937F1A86DF06430C60FA9069CBEF1C3DF8/11/ja"
"特開2022-024661","特願2020-127377","2020/07/28","2022/02/09","画像処理装置、画像処理方法、及びプログラム","株式会社エム・アール・テクノロジー,国立大学法人　新潟大学","A61B5/055,380,A61B5/055,382,G01N24/08,510@Y","特開2022-024661","","","","","https://www.j-platpat.inpit.go.jp/c1800/PU/JP-2022-024661/CF2160A94F3CA2FECFF9EC82071FF2C7466B3B10D019CF7D52D168C431ECDCD9/11/ja"
"特開2022-024657","特願2020-127371","2020/07/28","2022/02/09","会議支援装置、会議支援方法、および会議支援プログラム","株式会社ＪＶＣケンウッド","H04N7/15,120,G06F3/0481","特開2022-024657","","","","","https://www.j-platpat.inpit.go.jp/c1800/PU/JP-2022-024657/47A4F81B1B74A0E981C34F85205DFABA9FA33ECB0B223F842A7CDE1F017DEC9C/11/ja"
"特開2022-024532","特願2020-127179","2020/07/28","2022/02/09","青果物品質推定プログラム","ＡＳＳＥＳＴ株式会社","G06Q50/02,G01N21/27@A,G01N33/02","特開2022-024532","","","","","https://www.j-platpat.inpit.go.jp/c1800/PU/JP-2022-024532/06B4A2B1CC8C40B54C271B7F8FD644C2C0135594EF33E293CBFF7FC53E2C0807/11/ja"
"特開2022-024531","特願2020-127178","2020/07/28","2022/02/09","青果物品質推定プログラム","ＡＳＳＥＳＴ株式会社","G06Q50/02,G01N21/27@A,G01N33/02","特開2022-024531","","","","","https://www.j-platpat.inpit.go.jp/c1800/PU/JP-2022-024531/608F0DA2D68F4E4453EB9CBCC77EDD07CF7692724E2EA06683FC4D18507BB5C3/11/ja"
"特開2022-024456","特願2020-127071","2020/07/28","2022/02/09","ユーザガイド方法、ガイド検索装置およびガイド検索方法","オリンパス株式会社","G06F16/9035,G06Q50/10,G06F16/909","特開2022-024456","","","","","https://www.j-platpat.inpit.go.jp/c1800/PU/JP-2022-024456/A22ED5E5F2AD5F3BBE852FD532954F8BC8B459284C8C718B43762FD8D8C208D1/11/ja"
"特開2022-024277","特願2020-120726","2020/07/14","2022/02/09","分析システム、分析装置、分析方法","株式会社日立製作所","G06F11/34,147,G06F21/55,340","特開2022-024277","","","","","https://www.j-platpat.inpit.go.jp/c1800/PU/JP-2022-024277/FE9B9006A5EF0BB2AD54EDA46CA65F756E31520F080A3FF6B351CD05D31AAE77/11/ja"
"特許7017267","特願2020-194342","2020/11/24","2022/02/08","情報処理装置、情報処理方法、及びプログラム","エステートテクノロジーズ株式会社","G06Q50/16,G06Q30/02,398,G06Q30/0251","特開2022-083088","","特許7017267","","","https://www.j-platpat.inpit.go.jp/c1800/PU/JP-7017267/174EA5B6C01EC4A79264322D762DE20B4FE75B5950DDEB3A31159B87408C922E/15/ja"
"特開2022-024177","特願2021-197078","2021/12/03","2022/02/08","印刷発注システム及びプログラム","株式会社グーフ","G06Q50/10","特開2022-024177","","特許7050378","","","https://www.j-platpat.inpit.go.jp/c1800/PU/JP-2022-024177/8DCFF7DA898EA3E2C35D1BBF98B9BAA3F811A04897259DBD07BD56CCA7DD29FD/11/ja"
"特開2022-024118","特願2021-188704","2021/11/19","2022/02/08","感知データ検出方法及び装置","ベイジン　バイドゥ　ネットコム　サイエンス　テクノロジー　カンパニー　リミテッド","G08G1/16@C,G06V10/776,G06T7/00,650@B","特開2022-024118","","","","","https://www.j-platpat.inpit.go.jp/c1800/PU/JP-2022-024118/B8D821C9B6BFD82B678F373CD294F0D5300D653A5AD31CE0628DA884E0EBE88D/11/ja"
"特開2022-024116","特願2021-188548","2021/11/19","2022/02/08","遊技用貨幣の管理システム、及び保管箱","エンゼルグループ株式会社","A63F1/06@Z,A63F1/06@B","特開2022-024116","","","","","https://www.j-platpat.inpit.go.jp/c1800/PU/JP-2022-024116/753E6518FE1BF89BAB76BB4461EFE05E4AC85AFE84CDD74C349002F02DE85780/11/ja"
"特開2022-024110","特願2021-188138","2021/11/18","2022/02/08","音声認識方法、装置、電子機器及び記憶媒体","ベイジン　バイドゥ　ネットコム　サイエンス　テクノロジー　カンパニー　リミテッド","G10L15/04,300@Z,G10L25/30","特開2022-024110","","","","","https://www.j-platpat.inpit.go.jp/c1800/PU/JP-2022-024110/BBA1E56E50CC7F7F512E1BF74BA4A31A194101F127026461D5853FB92260AF6F/11/ja"
"特開2022-024102","特願2021-187732","2021/11/18","2022/02/08","検索モデルのトレーニング方法、目標対象の検索方法及びその装置","ベイジン　バイドゥ　ネットコム　サイエンス　テクノロジー　カンパニー　リミテッド","G06F16/335,G06F16/90,100","特開2022-024102","","","","","https://www.j-platpat.inpit.go.jp/c1800/PU/JP-2022-024102/2F7BED5B2E31B502864B4B7EAD15B85F75DB1CFC0EBB8B1A502C3C43A4E078B0/11/ja"
"特開2022-024093","特願2021-187369","2021/11/17","2022/02/08","テキスト内の数値コンテンツの誤り訂正方法、装置及び電子機器","ベイジン　バイドゥ　ネットコム　サイエンス　テクノロジー　カンパニー　リミテッド","G06F40/279","特開2022-024093","","","","","https://www.j-platpat.inpit.go.jp/c1800/PU/JP-2022-024093/D061C48C08BBD1DD3343541B9DB77208808C3975175B173922E426F441C76CF3/11/ja"
"特開2022-024081","特願2021-186754","2021/11/17","2022/02/08","ニューラルネットワーク加速器のデータ処理方法、装置、機器及び記憶媒体","ベイジン　バイドゥ　ネットコム　サイエンス　テクノロジー　カンパニー　リミテッド","G06N3/10","特開2022-024081","","","","","https://www.j-platpat.inpit.go.jp/c1800/PU/JP-2022-024081/D537BB0A93BD2C58F8271BA97853EA0494B955C1A858394AC1A5D88C788D6436/11/ja"
"特開2022-024080","特願2021-186752","2021/11/17","2022/02/08","ニューラルネットワークの積和演算方法及び装置","ベイジン　バイドゥ　ネットコム　サイエンス　テクノロジー　カンパニー　リミテッド","G06F17/10@S,G06F17/10@A,G06N3/02,G06N3/0464","特開2022-024080","","","","","https://www.j-platpat.inpit.go.jp/c1800/PU/JP-2022-024080/C31205DFC1B7FDCB6CF19D0F66F94D0D3CB9586436A0E10F8C47355AF6224DC5/11/ja"
"特開2022-023969","特願2021-179388","2021/11/02","2022/02/08","無人運転車両の制御方法、装置及び電子機器","阿波▲羅▼智▲聯▼（北京）科技有限公司","G08G1/16@A,G06F16/532,G06F16/56,G06T7/00,650@A,G06T7/00,300@F,B60W60/00,B60W40/06","特開2022-023969","","","","","https://www.j-platpat.inpit.go.jp/c1800/PU/JP-2022-023969/ED3DC99C9619DA6F8CD18388CA9F35388F40938C773B5550488CADFD25562331/11/ja"
"特開2022-023956","特願2021-178781","2021/11/01","2022/02/08","自動駐車に用いる異常データ収集方法、装置、記憶媒体及びコンピュータプログラム","阿波羅智聯（北京）科技有限公司","B60W30/06,G08G1/00@D,G08G1/09@F,B60W50/04","特開2022-023956","","","","","https://www.j-platpat.inpit.go.jp/c1800/PU/JP-2022-023956/67EA8973142AE73B39132572A2AF56AB60B6E2E193CC86F50221DA669AFCA24D/11/ja"
"特開2022-023935","特願2021-176230","2021/10/28","2022/02/08","情報処理装置、プログラム及び制御方法","富士フイルムビジネスイノベーション株式会社","G06F3/16,610,G06F3/0481,G06F3/12,324,G06F3/12,305,G06F3/12,326,G06F3/12,353,G06F3/12,392,H04M1/72412,H04L51/046,G06F3/16,650","特開2022-023935","","","","","https://www.j-platpat.inpit.go.jp/c1800/PU/JP-2022-023935/46F7CAA11E1DC7EBF653716C5426C9246FAE5CB515F3587267926F5643959961/11/ja"
"特開2022-023930","特願2021-175802","2021/10/27","2022/02/08","電子会議システム","株式会社リコー","H04N7/15,150,H04N21/8549,G06F16/483,G06Q10/10","特開2022-023930","","特許7173265","","","https://www.j-platpat.inpit.go.jp/c1800/PU/JP-2022-023930/CF4E10BF00907F95126E6BCDE208D3096880843A0A419E12B80D680905B01C5A/11/ja"
"特開2022-023910","特願2021-174000","2021/10/25","2022/02/08","通行状態取得方法及び装置、路側装置、並びに、クラウド制御プラットフォーム","アポロ　インテリジェント　コネクティビティ　（ベイジン）　テクノロジー　カンパニー　リミテッド","G08G1/09@D,G08G1/16@A,G06T7/00,650@Z,G08G1/04@C","特開2022-023910","","","","","https://www.j-platpat.inpit.go.jp/c1800/PU/JP-2022-023910/715A9ECAA8BD92E44712421F8D57DB125F32A57036F96F4EE65ACB056527ECF6/11/ja"
"特開2022-023894","特願2021-172420","2021/10/21","2022/02/08","ゲームサービスを提供するための装置、その方法及び該コンピュータプログラム","ネクソン　コリア　コーポレーション","A63F13/49,A63F13/533,A63F13/79,500,A63F13/52,G06T19/00,300@A,G06T13/80@B,G06F3/0484","特開2022-023894","","","","","https://www.j-platpat.inpit.go.jp/c1800/PU/JP-2022-023894/8E6E919308150562C8478D820B33589AF769EA986B471C4B9D1EE9CD086ACCCD/11/ja"
"特開2022-023875","特願2021-169974","2021/10/18","2022/02/08","テーブルゲームの管理システム","エンゼルグループ株式会社","A63F1/06@Z,A63F1/06@A,A63F1/18,G06Q50/34,G07D7/12,G06K19/04,070,G06K19/07,230,G06K19/06,009,G06K7/10,264,G06K7/10,372","特開2022-023875","","特許7189301","","","https://www.j-platpat.inpit.go.jp/c1800/PU/JP-2022-023875/7B97306C11E72944FF71915F1C4768D89F89F933E6808E3105F252709D36E769/11/ja"
"特開2022-023770","特願2021-040886","2021/03/14","2022/02/08","文字の認識方法及び装置、電子機器、コンピュータ可読記憶媒体及びコンピュータプログラム","ベイジン　バイドゥ　ネットコム　サイエンス　アンド　テクノロジー　カンパニー　リミテッド","G06K9/32,G06K9/03@Z,G06V30/12@Z,G06V30/146","特開2022-023770","","","","","https://www.j-platpat.inpit.go.jp/c1800/PU/JP-2022-023770/3796F5998B39FA2A34C0866EBC3B2DF1213C4CB1A61945CD450D3A67343083AB/11/ja"
"特開2022-023767","特願2021-008754","2021/01/22","2022/02/08","プログラム、情報処理方法及び学習モデルの生成方法","株式会社アルタレーナ","G06Q30/06,330,G06Q30/06,G06Q50/12,G06Q30/0601,330","特開2022-023767","","特許7095917","","","https://www.j-platpat.inpit.go.jp/c1800/PU/JP-2022-023767/AC1780802D46AB8D9184BF55CBAEE436156451DFB347C0BF42B20E27AE4E0ECB/11/ja"
"特開2022-023682","特願2020-126791","2020/07/27","2022/02/08","車両用安全支援システム","株式会社テクノアクセルネットワークス,株式会社村上開明堂","G08B21/02,G08B21/24,G08B21/00@U,G08B25/04@K,G08B25/00,510@M,G06T7/00,660@Z,G01S13/52,G08G1/16@F,G01S13/88,A61B5/11,110,G06T7/00,650","特開2022-023682","","","","","https://www.j-platpat.inpit.go.jp/c1800/PU/JP-2022-023682/E6B1B4FBF7665595A279CA5AE63A8834B7267D463142FECE48F8DD71C2554672/11/ja"
"特開2022-023545","特願2020-126550","2020/07/27","2022/02/08","医療施設の外来アシスタントシステム","布目　勝也","G16H40/20","特開2022-023545","","","","","https://www.j-platpat.inpit.go.jp/c1800/PU/JP-2022-023545/C61901D14E61C645F2D9E626BB1AF922D2AE004A8AED3BFA7E351E0BADF86D4B/11/ja"
"特開2022-023400","特願2020-126327","2020/07/27","2022/02/08","情報処理装置、情報処理システムおよびプログラム","学校法人幾徳学園","G06F17/15,G06Q30/02","特開2022-023400","","","","","https://www.j-platpat.inpit.go.jp/c1800/PU/JP-2022-023400/02A3694F946E6F4CC84A47397C58DA479A17F3F6F7B278D2884A50BE3398FC55/11/ja"
"特開2022-023297","特願2020-126132","2020/07/27","2022/02/08","加熱調理器","三菱電機ホーム機器株式会社,三菱電機株式会社","A47J27/00,109@L,H05B6/12,312,H05B6/12,313,H05B6/12,324,F24C7/04,301@A,F24C15/00@M","特開2022-023297","","","","","https://www.j-platpat.inpit.go.jp/c1800/PU/JP-2022-023297/5B9B8994419BB90F5721AF05FCE6269FA958F3245070C8EC055F9E6FD7B2CF4A/11/ja"
"特開2022-023190","特願2021-176870","2021/10/28","2022/02/07","メチルテトラプロールを用いる植物病害防除方法","住友化学株式会社","A01N43/713,A01P3/00,A01N25/00,102,A01N65/12,A01P7/04,A01N43/28,A01N47/38@C,A01N43/90,102,A01N47/12@B,A01C1/06","特開2022-023190","","","","","https://www.j-platpat.inpit.go.jp/c1800/PU/JP-2022-023190/5A6165A13ECB0F53129F12BF5C968457D94E43198A69CECB0EE5F9D7F4D23AB2/11/ja"
"特開2022-023185","特願2021-176434","2021/10/28","2022/02/07","検査システム","川崎重工業株式会社","G01N35/02@G,G01N33/48@S,C12M1/00@A,C12M1/34@Z,G16H10/40,C12Q1/686@Z,C12N15/09@Z,A61G10/00@K","特開2022-023185","","特許7021390","","","https://www.j-platpat.inpit.go.jp/c1800/PU/JP-2022-023185/76AB34D27382B369AC2953726262604D1382B9F51D2D95FAB7133A4CB8E36A30/11/ja"
"特開2022-023101","特願2021-164726","2021/10/06","2022/02/07","チップの計測システム","エンゼルグループ株式会社","A63F1/06@A,A63F1/18","特開2022-023101","","","","","https://www.j-platpat.inpit.go.jp/c1800/PU/JP-2022-023101/234A22FC35EA5E3687CE3C44D724B91FC0693A2D76B113CCFAE0AEDE7E1844EF/11/ja"
"特開2022-023017","特願2021-111322","2021/07/05","2022/02/07","広域周方向アブレーション点の自動連続性推定","バイオセンス・ウエブスター・（イスラエル）・リミテッド","A61B34/00,A61B5/33,100,G06N3/04,G06N3/08,A61B18/14","特開2022-023017","","","","","https://www.j-platpat.inpit.go.jp/c1800/PU/JP-2022-023017/4B235723F25FA9F4D6EB66FCA09EA88A61AEBD70768D6FFC8BB21CF2DB4CCF59/11/ja"
"特開2022-023006","特願2021-108622","2021/06/30","2022/02/07","マッピングポイントの場所を示唆することによるマッピング効率の改善","バイオセンス・ウエブスター・（イスラエル）・リミテッド","A61B5/349,A61B5/00,102@C","特開2022-023006","","","","","https://www.j-platpat.inpit.go.jp/c1800/PU/JP-2022-023006/7F992C95E95936FDE5B47B99AF9C767572C17CE7ABB9C2AA6B40ECA58F4C06AD/11/ja"
"特開2022-022976","特願2021-079709","2021/05/10","2022/02/07","遊技場における不正検知システム","エンゼルグループ株式会社","A63F1/06@Z,A63F1/18","特開2022-022976","","","","","https://www.j-platpat.inpit.go.jp/c1800/PU/JP-2022-022976/C24D154E5D53AA6EE5951E8AE3C0238193540B7F6EAF63895AB9852BE2EBBE67/11/ja"
"特開2022-022885","特願2020-119019","2020/07/10","2022/02/07","人工知能による水位予測システム","株式会社新日本コンサルタント","G01W1/02@A,G01W1/14@Z,G06N3/02","特開2022-022885","","","","","https://www.j-platpat.inpit.go.jp/c1800/PU/JP-2022-022885/1735DE654C49E251B7F466C2596F12A32C04901D3830A754E478C37BDB1CDBA2/11/ja"
"特開2022-022556","特願2020-110591","2020/06/26","2022/02/07","車両用灯具","株式会社小糸製作所","B60Q1/00@G,F21V14/04,F21V7/00,590,B60Q1/26@Z,E01F9/00,F21S43/14,F21S43/10,F21W103:60,F21Y115:30,F21Y115:10","特開2022-022556","","","","","https://www.j-platpat.inpit.go.jp/c1800/PU/JP-2022-022556/2FB95E4CBB3AC29FA9866E9C35DAD19BFB626DFDFAEEABFCB48D10F91EDDA209/11/ja"
"特許7177304","特願2022-539620","2021/07/30","2022/02/03","金属管の製造方法と装置","株式会社中田製作所","B21C37/08@D,B21D5/12@M,B21C37/08@C","WO2022/025272","","特許7177304","","","https://www.j-platpat.inpit.go.jp/c1800/PU/JP-7177304/746760A50AA272F44177B775553C1E898841AB2522D8A47743AAFCF5EE9E6BC0/15/ja"
"特許7170368","特願2022-539503","2021/07/27","2022/02/03","疾患リスク評価方法、疾患リスク評価装置、及び疾患リスク評価プログラム","株式会社シンクメディカル","G01N33/68,G01N33/50@T,G16H50/50,C12Q1/48,C12Q1/48@A,C12Q1/61","WO2022/025069","","特許7170368","","","https://www.j-platpat.inpit.go.jp/c1800/PU/JP-7170368/6ED587CE246FA8BBD2E014C350867DD4A5A47DB17CBC7ABAF00AA3CEC7E6B995/15/ja"
"特表2023-501642","特願2022-527984","2021/05/24","2022/02/03","仮想表示方法、装置、デバイス及びコンピュータ可読記憶媒体","ベイジン・センスタイム・テクノロジー・デベロップメント・カンパニー・リミテッド","G06F3/0488,G06T19/00,600","特表2023-501642","","","","","https://www.j-platpat.inpit.go.jp/c1800/PU/JP-2023-501642/6C6544EAA250313AADFB1109963A94759C8E627942A070A465F6B6B5885D6BF8/11/ja"
"特表2022-551249","特願2022-520212","2020/11/24","2022/02/03","画像処理方法、画像処理用コマンドの生成方法および装置","地平▲線▼（上海）人工智能技▲術▼有限公司","G06T3/40,G06T3/00,775","特表2022-551249","","","","","https://www.j-platpat.inpit.go.jp/c1800/PU/JP-2022-551249/A7E1D015BFE0D5EE702FFA3E4770472DB9A843CC035DD6EE09F6EA7F9A220500/11/ja"
"特表2022-546149","特願2021-560144","2021/04/20","2022/02/03","画像分割方法及び装置、画像分割モデルのトレーニング方法及び装置","インファービジョン　メディカル　テクノロジー　カンパニー　リミテッド","A61B6/03,360@J,G06T7/00,350@C,G06T7/00,612,G06T7/187,G06V10/82,A61B6/03,360@D,A61B6/03,360@Q","特表2022-546149","","","","","https://www.j-platpat.inpit.go.jp/c1800/PU/JP-2022-546149/A11712489A76AEC37EE5C794072C2AD07D6F46F03BFD2C3D054EC9747D0FF122/11/ja"
"特表2022-545851","特願2021-570511","2021/05/24","2022/02/03","仮想対象制御方法及び装置、機器、コンピュータ可読記憶媒体","ベイジン・センスタイム・テクノロジー・デベロップメント・カンパニー・リミテッド","G06T19/00,600,G06F3/01,510,G06F3/04815,G06F3/0346,422,G06F3/038,310@A","特表2022-545851","","","","","https://www.j-platpat.inpit.go.jp/c1800/PU/JP-2022-545851/F1939CCD788E19D00313007F3EE63DE18A151B85C1B751CB4AD16BE1400D09DA/11/ja"
"特表2022-545598","特願2021-570926","2021/04/23","2022/02/03","仮想対象の調整方法、装置、電子機器、コンピュータ記憶媒体及びプログラム","ベイジン・センスタイム・テクノロジー・デベロップメント・カンパニー・リミテッド","G06F3/01,570,G06F3/0488,G06F3/04845,G06T19/00,600","特表2022-545598","","","","","https://www.j-platpat.inpit.go.jp/c1800/PU/JP-2022-545598/7947F01042A36C092B9558D6D3448B2E6EA98A861A2A8A3ED69E8FD4319CA325/11/ja"
"特開2022-022350","特願2021-198828","2021/12/07","2022/02/03","車両制御システム、車両制御方法、およびプログラム","本田技研工業株式会社","G08G1/16@F","特開2022-022350","","","","","https://www.j-platpat.inpit.go.jp/c1800/PU/JP-2022-022350/0601C8A5869506D06AFD5F524FD42D7D796019EC3195BA5A41A4FD82403B6F90/11/ja"
"特開2022-022251","特願2021-188822","2021/11/19","2022/02/03","情報インタラクション方法、装置、電子機器、及び記憶媒体","阿波▲羅▼智▲聯▼（北京）科技有限公司","G06F3/16,650,G06F16/182,H04Q9/00,301@D","特開2022-022251","","","","","https://www.j-platpat.inpit.go.jp/c1800/PU/JP-2022-022251/8EC49C08CE9E2167F91BFF3C79191E1451CBBB4F3153E244092F112851937CE8/11/ja"
"特開2022-022204","特願2021-121408","2021/07/26","2022/02/03","人工知能に基づく脳情報提供装置及び方法","アクティブレイン　バイオ　インコーポレイテッド","A61B10/00@E,A61B10/00@H,A61B5/1455,A61B5/12,A61B5/16,110,A61B5/00@A,A61B5/318","特開2022-022204","","","","","https://www.j-platpat.inpit.go.jp/c1800/PU/JP-2022-022204/D277E091466AEFC9E7ABF2208D41ACE880D21FA743FF45170031FF961E59784E/11/ja"
"特開2022-022080","特願2021-051717","2021/03/25","2022/02/03","ビデオセグメント抽出方法、ビデオセグメント抽出装置、電子デバイス、コンピュータ可読記憶媒体及びコンピュータプログラム","ベイジン　バイドゥ　ネットコム　サイエンス　アンド　テクノロジー　カンパニー　リミテッド","G06F16/735,H04N21/439,H04N21/845,G10L25/54","特開2022-022080","","","","","https://www.j-platpat.inpit.go.jp/c1800/PU/JP-2022-022080/480917063C0551F91B313F775E9BCA16A95D9F39B986C38F96B632AD20D3ABDB/11/ja"
"特開2022-022079","特願2021-046852","2021/03/22","2022/02/03","画像収集モジュール、電子機器、画像収集方法および記憶媒体","ペキン　シャオミ　モバイル　ソフトウェア　カンパニー，　リミテッド","G03B15/05,G03B15/02@G,G03B15/02@L,G03B15/03@W,H04N5/225,600,H04N5/235,400,H04N23/56,H04N23/74","特開2022-022079","","特許7138743","","","https://www.j-platpat.inpit.go.jp/c1800/PU/JP-2022-022079/B1F1A19FCA797494DA5CA9043DD8229F8263AC42239FD976218112E9C83896AB/11/ja"
"特開2022-021954","特願2020-125886","2020/07/23","2022/02/03","学校におけるウイルス感染症の予防方法及びその方法を用いたウイルス感染症の予防システム","株式会社ソフトケン","G06Q50/20,G16H10/00","特開2022-021954","","","","","https://www.j-platpat.inpit.go.jp/c1800/PU/JP-2022-021954/3DCA923E4604164777625098AB256744DF2A828FA7F2AA44D67BFC54875FC64F/11/ja"
"特開2022-021437","特願2020-124985","2020/07/22","2022/02/03","作業支援装置、作業支援方法及びプログラム","三菱電機株式会社","G06Q50/04,G05B19/418@Z","特開2022-021437","","","","","https://www.j-platpat.inpit.go.jp/c1800/PU/JP-2022-021437/D8C2C050A93A3409CCBABFCD209410221662D274E22C939B7D6395E1164EE43E/11/ja"
"特開2022-021399","特願2020-124922","2020/07/22","2022/02/03","評価システム、評価方法及びプログラム","株式会社ＶＲバンク","G06Q30/02,312,G06Q30/0203","特開2022-021399","","","","","https://www.j-platpat.inpit.go.jp/c1800/PU/JP-2022-021399/97E1BBE660298B1D752E910D6261B1C57CD7EA7D9C86BFF68B42E6897C332AE5/11/ja"
"特開2022-021352","特願2020-124812","2020/07/22","2022/02/03","診断システム、及び診断プログラム","株式会社トライグループ","G06Q50/20","特開2022-021352","","","","","https://www.j-platpat.inpit.go.jp/c1800/PU/JP-2022-021352/555A830B620B1FF1F5D5F8E01EB840ED838F75386FAD6B4D94E2DD5209181312/11/ja"
"特開2022-021349","特願2018-222407","2018/11/28","2022/02/03","情報処理装置、情報処理方法、およびプログラム","ソニー株式会社","G10L13/08,124,G10L15/00,200@T,G10L15/22,300@Z,G10L13/02,110@Z,G10L13/00,100@M","特開2022-021349","","","","","https://www.j-platpat.inpit.go.jp/c1800/PU/JP-2022-021349/C98A454DBFDDC9584E692698566F1A73491436917DE8A9445746DAAC65891097/11/ja"
"特許7015405","特願2021-075232","2021/04/27","2022/02/02","学習モデルの生成方法、プログラム、情報処理装置及び学習用データの生成方法","東京エレクトロンデバイス株式会社","G06N20/00,130","特開2022-169290","","特許7015405","","","https://www.j-platpat.inpit.go.jp/c1800/PU/JP-7015405/67E95AECAA28DC2641410299AF241DDB31C79627E55831398F67ACB7E534A4FE/15/ja"
"特開2022-021343","特願2021-119966","2021/07/20","2022/02/02","時間データの関係を提供するデータキャプチャ及び視覚化システム","オブザーヴ，インコーポレイテッド","G06F16/2452,G06F16/248","特開2022-021343","","","","","https://www.j-platpat.inpit.go.jp/c1800/PU/JP-2022-021343/ADE48988D6DF630EE2EEF316C22772DFDD491AC4E8B75D62FB465F1ED745004E/11/ja"
"特開2022-021314","特願2021-115072","2021/07/12","2022/02/02","飲料自動提供システム","ＴｅｃｈＭａｇｉｃ株式会社","B67D1/08@Z","特開2022-021314","","","","","https://www.j-platpat.inpit.go.jp/c1800/PU/JP-2022-021314/215DF291580481EFE0747BDED753EB0E5CD59E302200571FC1D9CAAF3FF13892/11/ja"
"特開2022-021294","特願2021-038791","2021/03/10","2022/02/02","生放送室でのユーザコミュニケーションのための方法および装置、電子機器、記憶媒体並びにコンピュータプログラム","北京百度网▲訊▼科技有限公司","G06Q50/00,300,G06Q10/10","特開2022-021294","","","","","https://www.j-platpat.inpit.go.jp/c1800/PU/JP-2022-021294/BAA075F124CD0E56BB8A2C7B494C13B243AB48081CC521F9A034B5819E609F96/11/ja"
"特開2022-021267","特願2020-124791","2020/07/21","2022/02/02","養殖魚の品質判別プログラム","ＡＳＳＥＳＴ株式会社","A01K61/95","特開2022-021267","","","","","https://www.j-platpat.inpit.go.jp/c1800/PU/JP-2022-021267/982A502539F5191296BE33F22A31D9E4499110A358C9CC50151B70A7CD29CFD5/11/ja"
"特開2022-021266","特願2020-124790","2020/07/21","2022/02/02","魚の品質判別プログラム及びシステム","ＡＳＳＥＳＴ株式会社","G06Q10/04,G06Q50/02","特開2022-021266","","","","","https://www.j-platpat.inpit.go.jp/c1800/PU/JP-2022-021266/EF9C37CCC7C05332C69C4F4414057923CD895F1CC56D5A36C5E57281FC599201/11/ja"
"特開2022-021265","特願2020-124789","2020/07/21","2022/02/02","魚の販売単価提案プログラム","ＡＳＳＥＳＴ株式会社","G06Q30/02,490,G06Q50/02,G06Q30/0283","特開2022-021265","","","","","https://www.j-platpat.inpit.go.jp/c1800/PU/JP-2022-021265/50D9E91796FB5B39C12BD273C9ABBA44082AC0617FA7059E8487B963371A8D1B/11/ja"
"特開2022-021264","特願2020-124788","2020/07/21","2022/02/02","魚の品質検査装置","ＡＳＳＥＳＴ株式会社","G01N33/12,G01N21/27@A","特開2022-021264","","","","","https://www.j-platpat.inpit.go.jp/c1800/PU/JP-2022-021264/E11BBD670258EC9A9E4A5655577E5F0A13CDA937759177FA028D574DCF9ACCBF/11/ja"
"特開2022-021263","特願2020-124787","2020/07/21","2022/02/02","魚の品質判別プログラム及びシステム","ＡＳＳＥＳＴ株式会社","G06Q10/04,G06Q50/02,G06Q30/00","特開2022-021263","","","","","https://www.j-platpat.inpit.go.jp/c1800/PU/JP-2022-021263/BA68BD420F0478F5B64A3CE9F2CA0CC3BBDCCF81FDDE93503FC1406890F949AE/11/ja"
"特開2022-021262","特願2020-124786","2020/07/21","2022/02/02","魚の品質判別プログラム及びシステム","ＡＳＳＥＳＴ株式会社","G06Q10/04,G06Q30/00,G06Q50/02","特開2022-021262","","","","","https://www.j-platpat.inpit.go.jp/c1800/PU/JP-2022-021262/9FD80236E2255F524DA13D5DFAD48980FA5445C313AC2DEEF6830D65D18A7DFA/11/ja"
"特開2022-021261","特願2020-124785","2020/07/21","2022/02/02","魚の品質判別プログラム及びシステム","ＡＳＳＥＳＴ株式会社","G06Q10/04,G06T7/00,300@F,G06T7/00,350@C,G06Q30/00,G06Q50/02,G06T7/00,610","特開2022-021261","","","","","https://www.j-platpat.inpit.go.jp/c1800/PU/JP-2022-021261/4DE4F405DF9EF262A887178E9438EAEB2B730209504DB96830600A69DA07F1DF/11/ja"
"特開2022-021257","特願2020-124779","2020/07/21","2022/02/02","マップデータの修正方法及び修正プログラム","株式会社ＺＭＰ","G09B29/00@Z,G01B11/24@A","特開2022-021257","","","","","https://www.j-platpat.inpit.go.jp/c1800/PU/JP-2022-021257/950221E5AFFFED6DA407F79DAD22D27BC2C713703F8F1D8F52BAD036B1D1DCAB/11/ja"
"特開2022-021208","特願2020-124670","2020/07/21","2022/02/02","サーバ装置","株式会社　ミックウェア","G06Q30/02,398,A63F13/35,A63F13/217,A63F13/61,G09F19/00@Z,G06Q30/0251","特開2022-021208","","","","","https://www.j-platpat.inpit.go.jp/c1800/PU/JP-2022-021208/F861EA764DF5FD657E4AD64EC472DFAC6A9EB880152492E3704E32C0F33726E1/11/ja"
"特開2022-021206","特願2020-124668","2020/07/21","2022/02/02","サーバ装置及びコンピュータプログラム","株式会社　ミックウェア","A63F13/216,A63F13/65,A63F13/55,A63F13/56,G09B29/00@A","特開2022-021206","","","","","https://www.j-platpat.inpit.go.jp/c1800/PU/JP-2022-021206/0361E7B23822B77D6F495AB404997C812A25FA47AE2A32B9FB5FA081695DBA5D/11/ja"
"特開2022-021141","特願2020-124563","2020/07/21","2022/02/02","プログラム、情報処理装置、情報処理方法及び学習モデルの生成方法","合同会社Ｈ．Ｕ．グループ中央研究所","G06Q50/16,300","特開2022-021141","","","","","https://www.j-platpat.inpit.go.jp/c1800/PU/JP-2022-021141/687774BD59E90C10FDD19DCBD46FC1FDEB81DD8E788A84DD4DCD0B3FC19B9AFE/11/ja"
"特開2022-021107","特願2020-124500","2020/07/21","2022/02/02","機械学習システム","トヨタ自動車株式会社","F02D45/00,374,F02D45/00,372,G06N20/00","特開2022-021107","","","","","https://www.j-platpat.inpit.go.jp/c1800/PU/JP-2022-021107/CAF1971049569F0F379DE27395DC7160DD13D49A8AD709CFAD721DD770CFC58D/11/ja"
"特許7014280","特願2020-181381","2020/10/29","2022/02/01","ミラーシステム","横浜ゴム株式会社","A61B5/01,350,A61B5/00,102@A","特開2022-072117","","特許7014280","","","https://www.j-platpat.inpit.go.jp/c1800/PU/JP-7014280/822D5FA1F1A94D689241128723E13133B32B39CC2B34F64DA345BE605756B6D4/15/ja"
"特開2022-020777","特願2021-183399","2021/11/10","2022/02/01","機器制御システム","ダイキン工業株式会社","H04Q9/00,311@J,F24F11/38,F24F11/49,F24F11/64,F24F11/89,F24F11/54","特開2022-020777","","","","","https://www.j-platpat.inpit.go.jp/c1800/PU/JP-2022-020777/80E10CB926C1F936DFB28B4E6F00F890652204389BACD601D9C30B11CD6427AA/11/ja"
"特開2022-020764","特願2021-182131","2021/11/08","2022/02/01","サンプル偏差データの取得方法、装置及び電子機器","阿波羅智聯（北京）科技有限公司","G08G1/00@A,G08G1/13,B60W60/00,B60W50/00","特開2022-020764","","","","","https://www.j-platpat.inpit.go.jp/c1800/PU/JP-2022-020764/5C6380187F10FE7C8FD912573CBFDE45DBCF1494AE41D764503443ED77B4365E/11/ja"
"特開2022-020673","特願2021-171206","2021/10/19","2022/02/01","ターゲット検出の信頼度を確定する方法、装置、電子機器、記憶媒体、路側機、クラウド制御プラットフォーム及びコンピュータプログラム","阿波▲羅▼智▲聯▼（北京）科技有限公司","G06T7/73","特開2022-020673","","","","","https://www.j-platpat.inpit.go.jp/c1800/PU/JP-2022-020673/4F6DA61D6BBD8F70CF21E54E7A8520D6980D36192A2E70F5892FD510B1A3C159/11/ja"
"特開2022-020658","特願2021-168034","2021/10/13","2022/02/01","バリアントの分類のための深層畳み込みニューラルネットワーク","イルミナ　インコーポレイテッド","G16B40/20,G06N3/04,G06N3/0464,G06N3/0499","特開2022-020658","","","","","https://www.j-platpat.inpit.go.jp/c1800/PU/JP-2022-020658/A7F4B617136BC15E2404A14428087A8853F74ADCC6AFAD48FC494F49D2367AB2/11/ja"
"特開2022-020657","特願2021-167361","2021/10/12","2022/02/01","深層畳み込みニューラルネットワークのアンサンブルを訓練するための半教師あり学習","イルミナ　インコーポレイテッド","G06N3/08,G06N20/20,G06N3/04,154,G16B40/20,G06N3/045,G06N3/0464,G06N3/0499","特開2022-020657","","","","","https://www.j-platpat.inpit.go.jp/c1800/PU/JP-2022-020657/365A307F60EFBF5F6CB8DA419FBCD24C602017BC917735D99ECC4DED618A5213/11/ja"
"特開2022-020647","特願2021-166004","2021/10/08","2022/02/01","ビデオ処理方法、装置、電子デバイス、記憶媒体、及びプログラム","ベイジン　バイドゥ　ネットコム　サイエンス　テクノロジー　カンパニー　リミテッド","G06T7/00,300@F,G06T7/00,350@C,G06F16/783,G06F16/732,G06V10/74,G06V20/40","特開2022-020647","","","","","https://www.j-platpat.inpit.go.jp/c1800/PU/JP-2022-020647/FDB75B1BC8EC60C737AC6BC923532AD925A61B13F656E2C7A0948E95CAAC834B/11/ja"
"特開2022-020646","特願2021-165982","2021/10/08","2022/02/01","遊技用代用貨幣、検査装置、遊技用代用貨幣の製造方法、及びテーブルゲームの管理システム","エンゼルグループ株式会社","G06Q50/34,A63F1/06@A,A63F1/06@Z,G06K19/04,070,G06K19/06,140,G06K19/07,230,G06K19/08,030","特開2022-020646","","","","","https://www.j-platpat.inpit.go.jp/c1800/PU/JP-2022-020646/0686AFD8E22C8DED89F560C74137A0629B9557989B4E0264F1B52E3F6AF208ED/11/ja"
"特開2022-020588","特願2021-118327","2021/07/16","2022/02/01","アクティブインタラクションの方法、装置、電子デバイス及び可読記憶媒体","ベイジン　バイドゥ　ネットコム　サイエンス　アンド　テクノロジー　カンパニー　リミテッド","G06T7/00@Z,G06T7/00,350@C","特開2022-020588","","","","","https://www.j-platpat.inpit.go.jp/c1800/PU/JP-2022-020588/25C886D22824C90D0BC72E3B94A4B6060AE8E35F39F19DE4C2EB129F85314B4E/11/ja"
"特開2022-020582","特願2021-117352","2021/07/15","2022/02/01","自然言語処理モデルの訓練方法、装置、デバイス及び記憶媒体","ベイジン　バイドゥ　ネットコム　サイエンス　アンド　テクノロジー　カンパニー　リミテッド","G06F16/35,G06F40/279,G06N20/00,130","特開2022-020582","","","","","https://www.j-platpat.inpit.go.jp/c1800/PU/JP-2022-020582/8721F35580D24DD7B22A46528E929969518F97F5EDACA7AA98A92B3403C2B6AB/11/ja"
"特開2022-020574","特願2021-114780","2021/07/12","2022/02/01","ユーザ対話における情報処理方法、装置、電子デバイス及び記憶媒体","ベイジン　バイドゥ　ネットコム　サイエンス　アンド　テクノロジー　カンパニー　リミテッド","G06F40/56,G06T13/40","特開2022-020574","","","","","https://www.j-platpat.inpit.go.jp/c1800/PU/JP-2022-020574/79CA11F1878F955E32D94CEF7B1139326CC002415A9F77FBCC06BE9EB3E90F3D/11/ja"
"特開2022-020564","特願2021-106692","2021/06/28","2022/02/01","ゲームログを活用したベッティングサービス提供方法およびシステム","ライン　アップ　コーポレイション","A63F13/80@F,A63F13/86,A63F13/49,A63F13/795,A63F13/87,G06Q50/34","特開2022-020564","","特許7147015","","","https://www.j-platpat.inpit.go.jp/c1800/PU/JP-2022-020564/A734BEC6AC79F3672BA7A27551C0707F5CF869822A47E89A4CB63C97181FF969/11/ja"
"特開2022-020541","特願2020-212589","2020/12/22","2022/02/01","テスト方法及び装置","バイドゥ　オンライン　ネットワーク　テクノロジー　（ベイジン）　カンパニー　リミテッド","G06F11/36,196,G06F11/36,188,G06F11/36,184,G06F11/36,192","特開2022-020541","","特許7030177","","","https://www.j-platpat.inpit.go.jp/c1800/PU/JP-2022-020541/8944E90C07EEB7B516F583983CC5DEB21D747EBBB45AA996DAC3362FEB00F408/11/ja"
"特開2022-020463","特願2020-123972","2020/07/20","2022/02/01","流体圧システムの加速特性算出装置、流体圧システムの開口特性算出装置、流体圧システムの流路設計装置およびプログラム","ナブテスコ株式会社","F15B19/00","特開2022-020463","","","","","https://www.j-platpat.inpit.go.jp/c1800/PU/JP-2022-020463/2F7495F4DE8ABEBC0D750C619ECC3AC033823E0F5CBAD13A9D3222C1C3DE65FB/11/ja"
"特開2022-020093","特願2020-123359","2020/07/20","2022/02/01","エアカーテン発生装置およびウイルス防除方法","株式会社斉藤正▲こしき▼工房","F24F9/00@K,A61L9/20,A61L9/014,G09G5/00,510@A,F04D25/08,301@Z","特開2022-020093","","","","","https://www.j-platpat.inpit.go.jp/c1800/PU/JP-2022-020093/2184C93802A9BE0223EF3AE1C79F2A7F2EAE84045BE34ECDFA0B1FF6AC8BF32F/11/ja"
