﻿"文献番号","出願番号","出願日","公知日","発明の名称","出願人/権利者","FI","公開番号","公告番号","登録番号","審判番号","その他","文献URL"
"再表2018/235669","特願2019-502260","2018/06/12","2018/12/27","図形パターンの形状補正装置および形状補正方法","大日本印刷株式会社","G03F7/20,501,G03F1/36,G03F7/20,504,G03F7/20,521,G06F17/50,666,G06N3/02,H01L21/30,541@E,G06F17/50,666@S,G06F17/50,604@D,G06F30/10,G06F30/27,G06F30/30,G06F30/32,G06F30/33,G06F30/39,G06F30/398","WO2018/235669","","特許6508504","","再表2018/235669","https://www.j-platpat.inpit.go.jp/c1800/PU/JP-2018-235669/5BD63EEF74605149EF84D190B5BB077F281A1F6662C48F246FC177D7046F537E/19/ja"
"再表2018/235563","特願2019-525312","2018/06/01","2018/12/27","位置推定システム","株式会社村田製作所","G01S5/02@Z,G06N20/00,130,H04W64/00,110","WO2018/235563","","特許6852790","","再表2018/235563","https://www.j-platpat.inpit.go.jp/c1800/PU/JP-2018-235563/4133987A301892F4A2B6A6C109EE07AB53B06AA8DAFB8C4CFD9359B9C090775C/19/ja"
"再表2018/235214","特願2018-511295","2017/06/21","2018/12/27","マニピュレーターおよびロボット","株式会社齋藤創造研究所","B25J15/08@W,B25J19/04","WO2018/235214","","特許6560443","","再表2018/235214","https://www.j-platpat.inpit.go.jp/c1800/PU/JP-2018-235214/5C693BAC8B381A2D3A3541D90A53C97620C0752A5DF586824A8CEEF68703BE16/19/ja"
"再表2018/234945","特願2019-524545","2018/06/14","2018/12/27","レイアウト設計システム及びレイアウト設計方法","株式会社半導体エネルギー研究所","G06F17/50,658@A,G06F17/50,604@D,H01L21/82@D,G06F30/10,G06F30/27,G06F30/30,G06F30/32,G06F30/39,G06F30/392,G06F111:02,G06F117:12","WO2018/234945","","特許7146751","","再表2018/234945","https://www.j-platpat.inpit.go.jp/c1800/PU/JP-2018-234945/3F9B7522B01CCDAF97527A1900BF3EA0C3929E8147958C0284664E474ECB7810/19/ja"
"特表2020-524282","特願2019-570432","2018/06/19","2018/12/27","科学機器システムにおける平衡化及び安定性を判定する技術","ウオーターズ・テクノロジーズ・コーポレイシヨン","G01N30/86@V,G01N30/02@Z,G01N30/78,G01N30/54@F,G01N30/32@A,G01N30/86@H","特表2020-524282","","特許7203771","","","https://www.j-platpat.inpit.go.jp/c1800/PU/JP-2020-524282/7086B6EE8D6AD380967DEF062762A700F70CB6D43771E77E9E6A90119DA0FA83/11/ja"
"特表2020-525907","特願2019-570963","2018/06/22","2018/12/27","高スループットプロセッサ","アイキャット・エルエルシー","G06F15/80,G06F9/38,310@J,G06F8/41,130","特表2020-525907","","特許7183197","","","https://www.j-platpat.inpit.go.jp/c1800/PU/JP-2020-525907/2EF3A201BEBF761C04074FC331D60A85FDCAC7DB1750B087A7E9200A23245439/11/ja"
"特表2020-524353","特願2020-519836","2018/05/15","2018/12/27","状態信号に応じて車両モジュールを制御する装置および方法","ツェットエフ、フリードリッヒスハーフェン、アクチエンゲゼルシャフト","G06F11/07,196,G06F11/07,140@R,G06F11/20,628","特表2020-524353","","特許7089588","","","https://www.j-platpat.inpit.go.jp/c1800/PU/JP-2020-524353/1144D9381A047B26079BEFE33367A3E310AC7A3337CE738202B47553FFF8CC43/11/ja"
"特表2020-524352","特願2020-519835","2018/05/15","2018/12/27","車両モジュールを制御する装置および方法","ツェットエフ、フリードリッヒスハーフェン、アクチエンゲゼルシャフト","G06F11/07,190,G06F11/07,140@J,G06F11/07,140@R,B60W50/023,B60W50/04,B60R16/02,660@G","特表2020-524352","","特許7089026","","","https://www.j-platpat.inpit.go.jp/c1800/PU/JP-2020-524352/B866F814C3592228CE1D7B25968ADBF5216641A97D7208E345CE0ADFF92B5629/11/ja"
"特表2020-529647","特願2019-570396","2017/08/30","2018/12/27","拡張カードを介してハードウェアアクセラレーションを実行するための装置、システム、および方法","フェイスブック，インク．","G06F1/18@E,H05K7/12@F,H05K7/14@A,G06F3/00@V,H05K1/11@D,H01R12/72","特表2020-529647","","特許7058293","拒絶2022-000088","","https://www.j-platpat.inpit.go.jp/c1800/PU/JP-2020-529647/CCABDA7E8B03A12E6E3E4AE52A9F7FA8CDF79D93540C5E610ABAE13FD728B89A/11/ja"
"特表2019-528427","特願2018-566263","2018/06/21","2018/12/27","経路計画システムおよび方法","ベイジン　ディディ　インフィニティ　テクノロジー　アンド　ディベロップメント　カンパニー　リミティッド","G01C21/34,G01C21/26@P,G08G1/005,G06Q50/10","特表2019-528427","","特許6934024","","","https://www.j-platpat.inpit.go.jp/c1800/PU/JP-2019-528427/4BED91C482795ACAEE6164EC517A8A8113C7AB77752F1804499969BA45622707/11/ja"
"特表2020-524868","特願2020-520687","2018/06/22","2018/12/27","データ解釈および関連するアクショントリガーのための店内消費者行動イベントメタデータ集約、データ検証およびその人工知能解析のためのシステム","アヴラニ，ディペッシュ,ギニー，カール,タヘニー，ショーン","G06Q30/02,G06Q30/02,398,G06Q30/0251","特表2020-524868","","","","","https://www.j-platpat.inpit.go.jp/c1800/PU/JP-2020-524868/8112315913D7D952F23530BF0CAD4278B2AD93D08CAF493199176E0DDD41CEA2/11/ja"
"特表2019-537757","特願2018-565761","2018/06/19","2018/12/27","地図上に車両の動きを表示するシステムおよび方法","ベイジン　ディディ　インフィニティ　テクノロジー　アンド　ディベロップメント　カンパニー　リミティッド","G08G1/13","特表2019-537757","","","","","https://www.j-platpat.inpit.go.jp/c1800/PU/JP-2019-537757/88585E038A5E4D7828BF80116B8F00F2C4F092687AC218F537F37A575B55FEB7/11/ja"
"特開2018-207259","特願2017-109413","2017/06/01","2018/12/27","ステレオ撮像装置","日立マクセル株式会社,マクセル株式会社","H04N7/18@D,G03B35/08,H04N5/232,290,H04N5/225,800,H04N5/232,930,H04N23/45,H04N23/60,500,H04N23/63","特開2018-207259","","","","","https://www.j-platpat.inpit.go.jp/c1800/PU/JP-2018-207259/FB51C3DD14565314EAAD962CF61B41F6A055B3DDEEDAA378C50699D2424E654F/11/ja"
"特開2018-207222","特願2017-108163","2017/05/31","2018/12/27","カメラ及びパラメータ登録方法","パナソニックＩＰマネジメント株式会社,パナソニック株式会社,パナソニックｉ－ＰＲＯセンシングソリューションズ株式会社","H04N5/232,290,H04N7/18@D,H04N7/18@K,H04N5/232,220,G06T7/00,350@B,H04N23/60,100,H04N23/60,500","特開2018-207222","","","","","https://www.j-platpat.inpit.go.jp/c1800/PU/JP-2018-207222/31296AD3D89834702B42399B986CCABB6CB4303DBC9A575B9C31730251C756C8/11/ja"
"特開2018-207143","特願2017-106372","2017/05/30","2018/12/27","顧客応対システム、顧客応対方法、顧客応対装置、及びプログラム","沖電気工業株式会社","H04M3/523,G10L15/10,500@Z,G06Q30/02,470,G06Q40/02,G06Q30/015","特開2018-207143","","特許6848693","","","https://www.j-platpat.inpit.go.jp/c1800/PU/JP-2018-207143/C92060495135A110599F22A1AC8915AFD9DE4982ABE7BCE3C73D72EF9996D6D9/11/ja"
"特開2018-206982","特願2017-111399","2017/06/06","2018/12/27","リード線の挿入方法及びその実施に用いる保持装置","川崎重工業株式会社","H05K13/04@N,B25J13/00@Z,H05K13/08@P","特開2018-206982","","","拒絶2022-004811","","https://www.j-platpat.inpit.go.jp/c1800/PU/JP-2018-206982/A30676D97EE192DBFD2B0D2A3A5350A78DB14AACC7E0CA4C5B6E82B396068D01/11/ja"
"特開2018-206884","特願2017-109044","2017/06/01","2018/12/27","強磁性半導体、その製造方法およびそれを用いた磁気センサ","国立大学法人　東京大学,国立大学法人東京工業大学","H01F1/40,140,G01R33/06@H,H01L43/06@S,H01L29/82@Z,H01L43/06@M,G01R33/07,H10N52/00@S,H10N52/00@M,H10N52/85","特開2018-206884","","","","","https://www.j-platpat.inpit.go.jp/c1800/PU/JP-2018-206884/9D123109D63FE285921495606E9B6AE212ED8A578C615EE42EC88BC16358671B/11/ja"
"特開2018-206438","特願2018-176597","2018/09/20","2018/12/27","電気自動車の分散型インテリジェンス","アクセンチュア　グローバル　サービスィズ　リミテッド","G06Q50/06,H02J7/00@P,H02J7/02@A","特開2018-206438","","特許6803884","","","https://www.j-platpat.inpit.go.jp/c1800/PU/JP-2018-206438/2417899812039D68CFCB6F98981249CA87A0E874FF1CEF05761CE39B24493FA5/11/ja"
"特開2018-206385","特願2018-104651","2018/05/31","2018/12/27","ユーザの位置及び空間に適した情報を能動的に提供する方法及び装置","ＬＩＮＥ株式会社,ネイバー　コーポレーション","G06F3/16,600,G10L15/22,453,G10L15/10,300@Z,G10L25/51,G01S15/42,G10L15/00,200@F,G06F3/16,630","特開2018-206385","","特許6681940","","","https://www.j-platpat.inpit.go.jp/c1800/PU/JP-2018-206385/962513AB44D488BC4DBCC312E129446319142CE55BDB0A2B5486A0BD758325CC/11/ja"
"特開2018-206376","特願2018-101319","2018/05/28","2018/12/27","情報検索システム、知的財産情報検索システム、情報検索方法、及び知的財産情報検索方法","株式会社半導体エネルギー研究所","G06F17/30,220@Z,G06F17/30,350@C,G06F17/30,170@Z,G06F16/24,G06F16/2455,G06F16/28,G06F16/903","特開2018-206376","","","","","https://www.j-platpat.inpit.go.jp/c1800/PU/JP-2018-206376/D08DAB5957854582D4186E603B67F5C167F2678FF57B0408F99E922C97B7AE3A/11/ja"
"特開2018-206374","特願2018-096546","2018/05/18","2018/12/27","予測される部位特異的なタンパク質リン酸化候補の発見のためのシステムおよび方法","富士通株式会社","G06F19/24,G16B40/00","特開2018-206374","","特許7155604","","","https://www.j-platpat.inpit.go.jp/c1800/PU/JP-2018-206374/F940ED433F0DA09251024866679092F2656E5FA4CCFB6EDDAD11ED4342353468/11/ja"
"特開2018-206341","特願2017-232937","2017/11/16","2018/12/27","事象評価支援システム、事象評価支援装置、及び事象評価支援プログラム","クリスタルメソッド株式会社","G06F17/30,220@Z,G06F17/30,340@A,G06F19/00,100,G06T7/00@P,G16Z99/00,G06F16/2457,G06F16/28,G06F16/9035,G06T7/00,612","特開2018-206341","","","","","https://www.j-platpat.inpit.go.jp/c1800/PU/JP-2018-206341/AA2202C8D88C427CA8629AAD9FE212922ADFFDCA9977C66BC8F5E93B9C97C42B/11/ja"
"特開2018-206148","特願2017-111945","2017/06/06","2018/12/27","リモート監視制御システム及びリモート監視制御方法","株式会社日立製作所","G05B11/36,503@A,G05B11/36,505@A","特開2018-206148","","","","","https://www.j-platpat.inpit.go.jp/c1800/PU/JP-2018-206148/CC841DE9DD24385739C911103179074A824DD736D0989F8AB83BC16505C7E502/11/ja"
"特開2018-206135","特願2017-111802","2017/06/06","2018/12/27","情報生成プログラム、情報処理装置、及び情報生成方法","富士通株式会社","G06F17/30,230@Z,G06F17/30,170@A,G06F17/30,210@A,G06Q10/10,320,G06F16/383,G06F16/908,G06Q10/105","特開2018-206135","","","","","https://www.j-platpat.inpit.go.jp/c1800/PU/JP-2018-206135/B882B6AFCCCE5C585D8B2F7AA4890AC99A3F973DB13633B4FE6B4FA3F84A4CD2/11/ja"
"特開2018-206134","特願2017-111801","2017/06/06","2018/12/27","顧客情報管理システム","株式会社ジーネクスト","G06Q30/02,300,G06Q10/00,G06Q30/0201","特開2018-206134","","特許6491693","","","https://www.j-platpat.inpit.go.jp/c1800/PU/JP-2018-206134/B25FF0E14E0D94138CEC81DB0733223B2EF229AEB3C2B94CC3DA650674E63BA8/11/ja"
"特開2018-206108","特願2017-111458","2017/06/06","2018/12/27","情報処理システム、サーバおよび通信方法","株式会社デンソー","G06T7/60,110,G06T1/00,330@A,H04N5/77,G08G1/13,G06T7/00,650@B,G06T7/00,650,G06T7/00,650@A","特開2018-206108","","特許6922447","","","https://www.j-platpat.inpit.go.jp/c1800/PU/JP-2018-206108/552072980F27697386A53EA8086ED95E0A6FFBE2B9486180E872A09F6B7E5EAE/11/ja"
"特開2018-206036","特願2017-110354","2017/06/02","2018/12/27","車両制御システム及び方法、並びに走行支援サーバ","本田技研工業株式会社","G08G1/16@A,B60W30/095,B60W40/04,B60T7/12@C,G08G1/09@F,B62D6/00,B60W50/06,B60K31/00@Z,F02D29/02,301@Z,B60W60/00","特開2018-206036","","特許6524144","","","https://www.j-platpat.inpit.go.jp/c1800/PU/JP-2018-206036/F39069FF374C4933704DB89D6DE8C1D3C73796D715281A8B0EF7B595676F4F5B/11/ja"
"特開2018-205993","特願2017-109513","2017/06/01","2018/12/27","情報処理装置、最適段数算出プログラム及び最適段数算出方法","富士通株式会社","G06F17/50,656@A,G06F17/50,656@D,G06F17/50,668@A,H01L21/82@A,G06F30/30,G06F30/32,G06F30/33,G06F30/3312,G06F119:12","特開2018-205993","","","","","https://www.j-platpat.inpit.go.jp/c1800/PU/JP-2018-205993/8FCA1ECCE40290FA558C7D65C94E16792FE9CE71ADF2A413A32110CE4E898799/11/ja"
"特開2018-205945","特願2017-108993","2017/06/01","2018/12/27","対話応答文書自動作成人工知能装置","株式会社Ｐｅｒｓｏｎａｌ　ＡＩ","G06F17/24,G06F17/30,170@A,G06F17/30,310@A,G06F17/27,665,G06F16/332,G06F40/20,G06F40/279,G06F40/166","特開2018-205945","","","","","https://www.j-platpat.inpit.go.jp/c1800/PU/JP-2018-205945/B6F7CE45E1C08AB13E6182E22A7AC41033BD929CAA5AE085012267E15E3A42F8/11/ja"
"特開2018-205929","特願2017-108550","2017/05/31","2018/12/27","学習装置、学習方法、学習モデル、検出装置及び把持システム","株式会社Ｐｒｅｆｅｒｒｅｄ　Ｎｅｔｗｏｒｋｓ","G06T7/00,350@C,B25J13/00@Z,G06N99/00,153,G06N3/04,G06T7/70@Z,G06N20/00,130","特開2018-205929","","特許6546618","","","https://www.j-platpat.inpit.go.jp/c1800/PU/JP-2018-205929/4688C0521BBA6EB94ADB86A18D933C2EE83426FD7E151E04526DA21E18E902F3/11/ja"
"特開2018-205900","特願2017-108164","2017/05/31","2018/12/27","監視システム及び監視方法","パナソニックＩＰマネジメント株式会社,パナソニック株式会社,パナソニックｉ－ＰＲＯセンシングソリューションズ株式会社","G06T7/00,350@C,H04N7/18@D,H04N21/235,H04N21/24","特開2018-205900","","特許6989294","","","https://www.j-platpat.inpit.go.jp/c1800/PU/JP-2018-205900/2B2585F97B838847F2037BF59EA463B07E1C53EF156EA8FD53F54AF2940D5408/11/ja"
"特開2018-205864","特願2017-107576","2017/05/31","2018/12/27","ニューラルネットワーク光学習装置","日本電信電話株式会社","G06N3/067,G06N3/08,G06N99/00,153,G06E3/00,G06N20/00,130,G06N3/09,G06N3/098","特開2018-205864","","","","","https://www.j-platpat.inpit.go.jp/c1800/PU/JP-2018-205864/72A9D2D70D7A5B0C81D5602F23AD27486C9ED0B73370E4328B7B00865BF2F9B5/11/ja"
"特開2018-205830","特願2017-106984","2017/05/30","2018/12/27","信号通過予測システム","株式会社日立システムズ","G08G1/00@A,G08G1/09@S,G08G1/16@D","特開2018-205830","","特許6960245","","","https://www.j-platpat.inpit.go.jp/c1800/PU/JP-2018-205830/7E74CE94783F3608AD1127D7BF681E610CDCC570843FF321E63561B7AE473504/11/ja"
"特開2018-205317","特願2018-104649","2018/05/31","2018/12/27","電子機器の充電器を活用して電子機器が位置する空間を把握する方法、その電子機器及び充電器","ＬＩＮＥ株式会社,ネイバー　コーポレーション","G01S5/02@Z,G01S1/68,H04M1/00@U","特開2018-205317","","特許6666955","","","https://www.j-platpat.inpit.go.jp/c1800/PU/JP-2018-205317/1668D1BE423EB68E8398C829080DC7F818CAC0C05EEBCA6E1A0106DAFAE8D282/11/ja"
"特開2018-205292","特願2017-207617","2017/10/10","2018/12/27","周波数領域のセグメント特徴解析による状態識別法","宋　瀏陽,陳山　鵬","G01M99/00@Z,G01H17/00@Z,G05B23/02,302@Y","特開2018-205292","","特許6792746","全部異議2021-700509","","https://www.j-platpat.inpit.go.jp/c1800/PU/JP-2018-205292/00F159B668A94A6F4F7A29A11F0E8EE96A0FEFAF6188BA3162D9DF98042844BC/11/ja"
"特開2018-204940","特願2018-028028","2018/02/20","2018/12/27","状態監視装置","伸和コントロールズ株式会社","F24F11/02,103@A,G05B23/02,302@R,F24F11/50,F24F11/62,F24F11/70,F24F11/33,F24F11/49,F24F11/58,F24F11/61,F24F11/88,F24F11/89,F24F140:00","特開2018-204940","","特許6804099","","","https://www.j-platpat.inpit.go.jp/c1800/PU/JP-2018-204940/E7A14710DF3CBD8000C0628EB12ACD554F148CB130D87712CF4747CF7A6D6E96/11/ja"
"特開2018-203250","特願2018-106800","2018/06/04","2018/12/27","交通に応じた動的車両制御のためのシステムおよび方法","トヨタ　モーター　エンジニアリング　アンド　マニュファクチャリング　ノース　アメリカ，インコーポレイティド","B60W30/14,B60W50/14,B60W40/04,B60W40/09,B60L11/18@A,G08G1/0962,G08G1/09@H,G08G1/09@F,B60L58/13,B60L50/60,B60W60/00","特開2018-203250","","特許6791905","","","https://www.j-platpat.inpit.go.jp/c1800/PU/JP-2018-203250/68A6A0110142150D14F19FFAAE8C8AE966E82FDB73598F01E4C67D4C9AFCB05A/11/ja"
"特開2018-202789","特願2017-112887","2017/06/07","2018/12/27","インクジェットプリンタ","ローランドディー．ジー．株式会社","B41J2/21,B41J2/205,G06T5/00,740,H04N1/40@B,H04N1/405,H04N1/405,510@A","特開2018-202789","","","","","https://www.j-platpat.inpit.go.jp/c1800/PU/JP-2018-202789/4E4AD13532B9F836F9B2F01E4B40B43A693EDD9A925D85A04889DAD13409B718/11/ja"
"特開2018-202088","特願2017-114400","2017/06/09","2018/12/27","ゲームシステム、及びプログラム","株式会社コナミデジタルエンタテインメント","A63F13/53,A63F13/35,A63F13/822","特開2018-202088","","","","","https://www.j-platpat.inpit.go.jp/c1800/PU/JP-2018-202088/D34A8019D61A107377706C034F8AC7AB681E124D08661C0816F718F3F6C294C8/11/ja"
"特開2018-202087","特願2017-114399","2017/06/09","2018/12/27","ゲームシステム、及びプログラム","株式会社コナミデジタルエンタテインメント","A63F13/847,A63F13/55,A63F13/79,A63F13/69,A63F13/53,A63F13/30","特開2018-202087","","特許6624463","","","https://www.j-platpat.inpit.go.jp/c1800/PU/JP-2018-202087/647C2F6D361B65045255B1E688BEF2BC71CD0901A789B0BAD0109A4ACE983014/11/ja"
"特開2018-202086","特願2017-114398","2017/06/09","2018/12/27","ゲームシステム、及びプログラム","株式会社コナミデジタルエンタテインメント","A63F13/58,A63F13/822,A63F13/55","特開2018-202086","","特許6696076","","","https://www.j-platpat.inpit.go.jp/c1800/PU/JP-2018-202086/A248794BF443CE1C5BD3634A2BD28C04C62EA63EA9EB6985FC4B4B4D1781B2FA/11/ja"
"特開2018-202085","特願2017-114397","2017/06/09","2018/12/27","ゲームシステム、及びプログラム","株式会社コナミデジタルエンタテインメント","A63F13/798,A63F13/45,A63F13/795,A63F13/79,A63F13/55,A63F13/46,A63F13/537,A63F13/79,520,A63F13/822,A63F13/847","特開2018-202085","","特許6557927","","","https://www.j-platpat.inpit.go.jp/c1800/PU/JP-2018-202085/1CEA6441AB9FD5AC5ACED30685368805162A860D5233623FEA562FFB86FDB138/11/ja"
"特開2018-202084","特願2017-114396","2017/06/09","2018/12/27","ゲームシステム、及びプログラム","株式会社コナミデジタルエンタテインメント","A63F13/358,A63F13/79,A63F13/55,A63F13/795,A63F13/35,A63F13/79,520,A63F13/56,A63F13/847,A63F13/30","特開2018-202084","","特許6709891","","","https://www.j-platpat.inpit.go.jp/c1800/PU/JP-2018-202084/3AA4A44C07DAC88D10BB43EF385490DB83B9AFE891AA8DE89A1DDD49CB956195/11/ja"
"特開2018-202083","特願2017-114395","2017/06/09","2018/12/27","ゲームシステム、及びプログラム","株式会社コナミデジタルエンタテインメント","A63F13/847,A63F13/822,A63F13/795,A63F13/79,A63F13/46,A63F13/30,A63F13/45,A63F13/69,A63F13/79,520,A63F13/56","特開2018-202083","","特許6710361","拒絶2019-015540","","https://www.j-platpat.inpit.go.jp/c1800/PU/JP-2018-202083/D95D4C8638A566F729B1BCAA3ED3521BD42591D9FCE0606D89F45DDD6F553797/11/ja"
"特開2018-202082","特願2017-114394","2017/06/09","2018/12/27","ゲームシステム、及びプログラム","株式会社コナミデジタルエンタテインメント","A63F13/847,A63F13/795,A63F13/79,A63F13/55,A63F13/30,A63F13/69,A63F13/46,A63F13/45,A63F13/58,A63F13/822,A63F13/79,520","特開2018-202082","","特許6727501","拒絶2020-001626","","https://www.j-platpat.inpit.go.jp/c1800/PU/JP-2018-202082/98F49C51A56A62D9584310AB13887F539422EFEF42327107F8F501B266376596/11/ja"
"特開2018-201905","特願2017-111839","2017/06/06","2018/12/27","情報処理装置及びプログラム","富士ゼロックス株式会社","A63B71/06@J,A63B71/06@K,A63B71/06@T,A61B5/22@B,A61B5/10,310@A,A61B5/11,A61B5/22,100","特開2018-201905","","特許6881047","","","https://www.j-platpat.inpit.go.jp/c1800/PU/JP-2018-201905/A26A227E37A66130155878DF1DF88CC0A1B7EFB7EC7DCD0127373272ADF0C6C5/11/ja"
"特開2018-201417","特願2017-111146","2017/06/05","2018/12/27","収量予測システム","株式会社スプレッド","A01G31/00,612","特開2018-201417","","","","","https://www.j-platpat.inpit.go.jp/c1800/PU/JP-2018-201417/A08EDC222CBA17B3CA400912ED164744E7AD09C797CDA1D44C806F3E7B7C8FFE/11/ja"
"特開2018-201350","特願2017-107316","2017/05/31","2018/12/27","動物管理システムおよび植物管理システム","パナソニックＩＰマネジメント株式会社","A01K29/00,A01G7/00,603,G06T7/292,A01K29/00@A","特開2018-201350","","","","","https://www.j-platpat.inpit.go.jp/c1800/PU/JP-2018-201350/77BF29A983B8B49638AF4B178252A3FD8D1ABF73F6E62BE1A5C9E33B6F0C4229/11/ja"
"特許6443817","特願2018-070260","2018/03/30","2018/12/26","情報処理装置、情報処理方法、および、プログラム","株式会社ＵＰＩホールドマインズ,増田　和宏","G06N3/04,G06N5/04","特開2019-028993","","特許6443817","","","https://www.j-platpat.inpit.go.jp/c1800/PU/JP-6443817/804E6A490673108E69FE8BEF88F02A98587B8A6B9AD9DB37406A6FB76970BC38/15/ja"
"再表2018/230616","特願2019-525493","2018/06/13","2018/12/20","法的情報処理システム、方法及びプログラム","本田技研工業株式会社","G06Q50/10,G06Q10/04,G06Q50/18,G06Q50/04","WO2018/230616","","特許6900479","","再表2018/230616","https://www.j-platpat.inpit.go.jp/c1800/PU/JP-2018-230616/7B6BE06BF3679EF62C462CE4D190106ACC9B761BE8A786294A31DB66644A909C/19/ja"
"再表2018/230596","特願2019-525479","2018/06/13","2018/12/20","支援装置、支援方法、およびプログラム","本田技研工業株式会社","G06Q10/02,G06F17/27,665,G06Q30/08,G06F40/20,G06F40/279","WO2018/230596","","","","再表2018/230596","https://www.j-platpat.inpit.go.jp/c1800/PU/JP-2018-230596/C761D9693C09070A517E665B41A2E3B4A832B6C416BA1DCBD5589A7166241974/19/ja"
"再表2018/230562","特願2019-525459","2018/06/12","2018/12/20","通知システム","日本電気株式会社","G08B25/04@K,G08B25/10@D,G08B21/02,G10L25/51,G10L25/66","WO2018/230562","","","","再表2018/230562","https://www.j-platpat.inpit.go.jp/c1800/PU/JP-2018-230562/501514A71CBBDA37E6E9A4286F29D7A82C21B55E58FA7F30A8F509293CB11DD8/19/ja"
"再表2018/230551","特願2018-567326","2018/06/12","2018/12/20","情報処理装置、情報処理方法及びプログラム","新日鉄住金ソリューションズ株式会社","G06F17/27,665,G06F17/30,170@A,G06F17/30,210@D,G06F16/30,G06F16/35,G06F40/20,G06F40/279","WO2018/230551","","特許6622430","","再表2018/230551","https://www.j-platpat.inpit.go.jp/c1800/PU/JP-2018-230551/861730C9EE8F000C62CCE42BAA6AD09147ABB49940849A92EBA7E4C06F32A8C2/19/ja"
"再表2018/230527","特願2019-525432","2018/06/12","2018/12/20","運転支援方法、運転支援プログラム及び車両制御装置","パナソニックＩＰマネジメント株式会社","B60W50/10,B60W40/08,B60W50/14,G08G1/16@C,B60W60/00","WO2018/230527","","特許7108814","","再表2018/230527","https://www.j-platpat.inpit.go.jp/c1800/PU/JP-2018-230527/6D15CE3CAF833A79E287BA0F09E065F7487063B96E703F070F5501232091FA2E/19/ja"
"再表2018/229881","特願2019-524609","2017/06/13","2018/12/20","スクリュ形状推定装置、スクリュ形状推定方法、スクリュ形状推定プログラム","株式会社日本製鋼所","B29C45/76,B29C45/60,B29B7/48,B29C48/40","WO2018/229881","","特許6913166","","再表2018/229881","https://www.j-platpat.inpit.go.jp/c1800/PU/JP-2018-229881/66CB0945702D6C84945277A77BAD822806704431DAB3C3F680370DAAE02A7F46/19/ja"
"特表2020-523123","特願2019-568333","2018/06/12","2018/12/20","胃内容排出パラメータを測定するための嚥下可能カプセル、システム、および方法","インキューブ　ラブズ，　エルエルシー,ラニ　セラピューティクス，　エルエルシー","A61B5/07","特表2020-523123","","特許7183194","","","https://www.j-platpat.inpit.go.jp/c1800/PU/JP-2020-523123/08C6583F363FDD3319B05156EBE843AC169F9F08DCA55B3DCA90B3086F1E3505/11/ja"
"特表2020-530932","特願2020-518380","2018/06/08","2018/12/20","コンピューターの感情を決定する方法","アカ　インテリジェンス　インコーポレイテッド","G06N3/00,140,B25J13/00@Z,G06N3/004","特表2020-530932","","特許7078714","","","https://www.j-platpat.inpit.go.jp/c1800/PU/JP-2020-530932/B109766C8D34E69608934E0438D20C9CD17CC399A3AE12B88D9F26D0BE7D5D7F/11/ja"
"特表2020-521946","特願2019-553446","2017/06/13","2018/12/20","病理学用の拡張現実顕微鏡","グーグル　エルエルシー","G01N21/17@A,G02B21/00","特表2020-521946","","特許6947841","","","https://www.j-platpat.inpit.go.jp/c1800/PU/JP-2020-521946/548896D564D69B66CA597A349893761968F4B807C64905F04A147C303DC1E627/11/ja"
"特表2020-523923","特願2019-569700","2018/05/11","2018/12/20","５Ｇワイヤレス通信システムに関するレイヤマッピングサブセット制限","エイ・ティ・アンド・ティ　インテレクチュアル　プロパティ　アイ，エル．ピー．","H04B7/0456,300,H04W52/02,130,H04W16/28,130","特表2020-523923","","特許6937853","","","https://www.j-platpat.inpit.go.jp/c1800/PU/JP-2020-523923/8C4474F89B3597DD6E854AE6684D50BD575CABC8BA39F135ACBFB4045A22B908/11/ja"
"特表2020-523643","特願2019-569451","2018/06/14","2018/12/20","声識別特徴最適化および動的登録方法、クライアント、ならびにサーバ","アリババ・グループ・ホールディング・リミテッド","G10L17/04,G10L17/08,G10L15/10,200@W","特表2020-523643","","特許6912605","","","https://www.j-platpat.inpit.go.jp/c1800/PU/JP-2020-523643/639F9C53FB151A2C292517764232184FA94C60222239492E87D227C3FB8751C7/11/ja"
"特表2020-524349","特願2020-519017","2018/06/15","2018/12/20","画像処理システム","マーカブル　インコーポレイテッド","G06Q30/06,330,G06F16/55,G06T7/00,350@C,G06T7/00,300@F,G06Q30/0601,330,G06V10/25,G06V10/82,G06V20/40","特表2020-524349","","特許6890720","","","https://www.j-platpat.inpit.go.jp/c1800/PU/JP-2020-524349/C25E89DE5001438F48B59219959EC93DF45594E8C1E64D962C4A9AC933D68ED3/11/ja"
"特表2020-502599","特願2018-566535","2018/06/13","2018/12/20","組み合わせによって生じるサービス要請者を決定するためのシステム及び方法","ベイジン　ディディ　インフィニティ　テクノロジー　アンド　ディベロップメント　カンパニー　リミティッド","G06Q50/10,G06Q50/30","特表2020-502599","","特許6869270","","","https://www.j-platpat.inpit.go.jp/c1800/PU/JP-2020-502599/D0EC77CD105990B718157F1B9256718CEC270D4DB2B36E788A991C390937343B/11/ja"
"特表2020-524632","特願2019-569895","2018/06/15","2018/12/20","自律車両運転イベントに応答して乗車者フィードバックを取得するシステムおよび方法","ユーエーティーシー，　エルエルシー","B60W50/10,G06F3/0481,170,B60W60/00,G08G1/00@D,G06F3/04817","特表2020-524632","","特許6842574","","","https://www.j-platpat.inpit.go.jp/c1800/PU/JP-2020-524632/C8C4628C78DB1E30B02FE3282D91BABD273A004872637CA7C9274F9B890E6A85/11/ja"
"特表2020-502600","特願2018-566885","2018/06/15","2018/12/20","サービスリクエストを割り振るシステムおよび方法","ベイジン　ディディ　インフィニティ　テクノロジー　アンド　ディベロップメント　カンパニー　リミティッド","G06Q50/30,G06Q10/06,302,G06Q50/10,G06Q30/06,350,G06Q10/0631,G06Q30/0645","特表2020-502600","","特許6797943","","","https://www.j-platpat.inpit.go.jp/c1800/PU/JP-2020-502600/8BFEBC64681C19775688B5CE548740806E36A2887CE5CA4041CEADC20A332E35/11/ja"
"特表2020-511055","特願2019-544685","2018/05/14","2018/12/20","アプリケーション制御方法およびアプリケーション制御装置","オッポ広東移動通信有限公司","G06F9/445,H04M1/72,H04M1/71","特表2020-511055","","特許6796212","","","https://www.j-platpat.inpit.go.jp/c1800/PU/JP-2020-511055/874B56D37FC4157ADA0C0112FDE81A0ED7DFE8A2C58FBC6547D49768BB1EB189/11/ja"
"特表2020-523707","特願2019-569401","2017/09/30","2018/12/20","ユーザプロファイル生成方法および端末","ホアウェイ・テクノロジーズ・カンパニー・リミテッド","G06F21/62,345,H04M1/72,H04M1/71","特表2020-523707","","特許6791569","","","https://www.j-platpat.inpit.go.jp/c1800/PU/JP-2020-523707/1AF91A887C2601305A27EFE4F2733A1B3636DC8A864698D7040AE836D59296F5/11/ja"
"特表2020-524067","特願2020-519664","2018/06/12","2018/12/20","活性薬剤送達装置およびその使用方法","アイレニックス　メディカル，インコーポレイテッド．","A61M5/178,A61M5/44,A61B90/98,A61B90/96,A61M11/00@K","特表2020-524067","","","","","https://www.j-platpat.inpit.go.jp/c1800/PU/JP-2020-524067/663AD67AE86FF74E04EA891B0F59D0BCAA30FD9CAEB887C5D9534DF936C8F391/11/ja"
"特表2019-527871","特願2018-565792","2017/06/13","2018/12/20","到着予定時刻を決定するシステム及び方法","ベイジン　ディディ　インフィニティ　テクノロジー　アンド　ディベロップメント　カンパニー　リミティッド","G06Q50/30","特表2019-527871","","","","","https://www.j-platpat.inpit.go.jp/c1800/PU/JP-2019-527871/553A6B3F7D67B0317E0BBD02A87E36EF9368BB8583801725D32C3957EF656891/11/ja"
"特開2018-201240","特願2018-156997","2018/08/24","2018/12/20","遠隔制御方法および端末","エスゼット　ディージェイアイ　テクノロジー　カンパニー　リミテッド","H04N5/232,990,B64D47/08,B64C39/02,H04N5/222,100,H04N5/232,030,H04N5/232,160,H04N23/62,H04N23/66,H04N23/695","特開2018-201240","","","拒絶2020-008043","","https://www.j-platpat.inpit.go.jp/c1800/PU/JP-2018-201240/2071DA5F4E3DDA1829D589643BF361D5994CFD5D43D1AD983E436E04388618D0/11/ja"
"特開2018-200686","特願2018-093648","2018/05/15","2018/12/20","メッセンジャーを利用した決裁方法およびシステム","ネイバー　コーポレーション","G06Q10/10","特開2018-200686","","特許6741721","拒絶2020-004341","","https://www.j-platpat.inpit.go.jp/c1800/PU/JP-2018-200686/2B7906EB7964065BA3767A9B632AC54D915F81E839473F89F771D37D1070C810/11/ja"
"特開2018-200684","特願2018-086118","2018/04/27","2018/12/20","インタラクティブキオスク","アクセンチュア　グローバル　ソリューションズ　リミテッド","G06Q30/06,340,G06Q30/0601,340","特開2018-200684","","特許6865712","","","https://www.j-platpat.inpit.go.jp/c1800/PU/JP-2018-200684/8CD93CEA382ECC3CA1EDDFAA5C41751AC039865495BADD14491C30503751F4EF/11/ja"
"特開2018-200602","特願2017-105476","2017/05/29","2018/12/20","データ転送方法およびコンピュータプログラム","パナソニックＩＰマネジメント株式会社","G06F13/00,650@B,G06F17/30,120@A,H04M3/42@Z,G06F16/00,H04L51/04,H04L67/00","特開2018-200602","","","拒絶2020-016899","","https://www.j-platpat.inpit.go.jp/c1800/PU/JP-2018-200602/B3652055B6DDB80A1E2579BE396D21F8EA17C2D602AC0AFD2F2594CCECDCA30B/11/ja"
"特開2018-200590","特願2017-105237","2017/05/29","2018/12/20","割当方法、割当装置及びプログラム","パナソニックＩＰマネジメント株式会社","G06Q10/10,320,G06Q50/20,G06Q10/105","特開2018-200590","","","","","https://www.j-platpat.inpit.go.jp/c1800/PU/JP-2018-200590/EDD1B6EDC314AD14EEF7B845C58D970CF2BF6EB6076AB55B98D7EC72AC3FBADC/11/ja"
"特開2018-200540","特願2017-104535","2017/05/26","2018/12/20","学習装置、学習制御方法、及びそのプログラム","オムロン株式会社","G05B13/02@L,B60W50/06,B60W30/10,G06N99/00,150,G06N20/00,B60W60/00","特開2018-200540","","特許6978722","","","https://www.j-platpat.inpit.go.jp/c1800/PU/JP-2018-200540/F5F9A730E78FCE78CC0EBEB84F6B0FF246C3CD01D67592CE6D51A9A2D1D62277/11/ja"
"特開2018-200539","特願2017-104528","2017/05/26","2018/12/20","学習装置、学習制御方法、及びそのプログラム","オムロン株式会社","G06N3/08,B25J13/00@Z,B60W30/10,B60W40/00,B60W50/00,G05B13/02@L,B60W60/00","特開2018-200539","","特許6863082","","","https://www.j-platpat.inpit.go.jp/c1800/PU/JP-2018-200539/C06E45C618BAFCD9D6750DE05B7D6BA7088670779A1A0D13BFAB49A0A735E41E/11/ja"
"特開2018-200537","特願2017-104523","2017/05/26","2018/12/20","学習装置、学習制御方法、及びそのプログラム","オムロン株式会社","G06N3/08,B25J13/00@Z,B60W30/10,G05B13/02@L,B60W60/00","特開2018-200537","","特許6863081","","","https://www.j-platpat.inpit.go.jp/c1800/PU/JP-2018-200537/A48C243F0A4CAE779D4B39320B601EEDF8482F1D0F5628CC58FC825E78369B39/11/ja"
"特開2018-200525","特願2017-104363","2017/05/26","2018/12/20","精算システム、ホスト端末、精算方法、プログラム及び車両","ＪａｐａｎＴａｘｉ株式会社","G06Q50/30,G07B13/00@Z,G06Q30/04,G06Q20/32,300,G16Y10/45","特開2018-200525","","特許6646008","","","https://www.j-platpat.inpit.go.jp/c1800/PU/JP-2018-200525/4F7C37C4435E7866C0D29D8B426C103EBB16D5A0FE111D417481ADF464B80E0F/11/ja"
"特開2018-200513","特願2017-104050","2017/05/26","2018/12/20","株価予測システム、株価予測方法及び株価予測プログラム","国立大学法人茨城大学","G06Q40/04","特開2018-200513","","特許6879552","","","https://www.j-platpat.inpit.go.jp/c1800/PU/JP-2018-200513/C068B5DB2DC9A39B80E936AB1F9A128C2603951D8934BB3F2A1B120C1D5EF294/11/ja"
"特開2018-200499","特願2017-103575","2017/05/25","2018/12/20","トイレ監視システム","清水建設株式会社","G08B25/04@K,A47K17/00,E03D9/00@Z,G08B21/02,G08B25/04@F","特開2018-200499","","","","","https://www.j-platpat.inpit.go.jp/c1800/PU/JP-2018-200499/C2BADE4CE021A4EEC3743B3BEAA3DCACC9A7E8FDB2D1E8C4DF5693A9C47AC110/11/ja"
"特開2018-200322","特願2018-153283","2018/08/16","2018/12/20","分類システムおよびそのキットを使用した肺疾患の同定および診断方法","キャンサー・プリヴェンション・アンド・キュア，リミテッド","G01N33/574@A,G01N33/68,G01N33/53@D,C12M1/34","特開2018-200322","","","","","https://www.j-platpat.inpit.go.jp/c1800/PU/JP-2018-200322/8B99E5A69D2C81CBF3068871B1AE1D42270AB078D057AC4B37E38E0A0012ECA4/11/ja"
"特開2018-200309","特願2018-092848","2018/05/14","2018/12/20","携帯型時計のレートを調整しディスプレー状態を訂正するデバイス及び方法","ザ・スウォッチ・グループ・リサーチ・アンド・ディベロップメント・リミテッド","G04D7/12@E","特開2018-200309","","特許6514394","","","https://www.j-platpat.inpit.go.jp/c1800/PU/JP-2018-200309/EBB16A932B7410528F3A8A51905A812222A1DF8BAB9E835E406FC74351E7EFFB/11/ja"
"特開2018-200308","特願2018-092843","2018/05/14","2018/12/20","携帯型時計のレートを調整するデバイス及び方法","ザ・スウォッチ・グループ・リサーチ・アンド・ディベロップメント・リミテッド","G04D7/00@Z","特開2018-200308","","特許6514393","","","https://www.j-platpat.inpit.go.jp/c1800/PU/JP-2018-200308/EA84C6AEC4B70E3984A7D1830F9C159F58A4B0399608B65D0584549B3F7B3F43/11/ja"
"特開2018-198866","特願2017-105837","2017/05/29","2018/12/20","携帯端末装置、プログラム及び生体情報測定システム","京セラ株式会社","A61B5/10,310@A,A61B5/00,102@A,A61B5/11,200,A61B5/08","特開2018-198866","","特許6871063","","","https://www.j-platpat.inpit.go.jp/c1800/PU/JP-2018-198866/719DF1052A4D45B2504FBCC60FB8BEAC8CA4B18A5CA598AD4CFFAAB2E4146A3B/11/ja"
"特開2018-198609","特願2018-143262","2018/07/31","2018/12/20","農業耕作システム及び農業用ドローンの操作方法","トプコン　ポジショニング　システムズ，　インク．","A01G7/00,603,A01G25/09@C,A01M7/00@D","特開2018-198609","","特許6634484","","","https://www.j-platpat.inpit.go.jp/c1800/PU/JP-2018-198609/1F3E129148264817E28803CA6EA57350B4D61A5A8B2FC3923D1CE82F941F3D33/11/ja"
"特許6438609","特願2018-022269","2018/02/09","2018/12/19","吸収性物品に関する質疑応答を行う方法、吸収性物品に関する質疑応答プログラム、及び自動回答システム","ユニ・チャーム株式会社","G06Q30/02,398,G06Q30/02,446,G06Q30/00,330,G06Q30/016,G06Q30/0241,446,G06Q30/0251","特開2019-139508","","特許6438609","","","https://www.j-platpat.inpit.go.jp/c1800/PU/JP-6438609/FEEFDF896E6752CAE0FC127E42D8D57E2E8BBA7B3143E976AD2EF8248350BC2C/15/ja"
"再表2018/225448","特願2019-523412","2018/05/11","2018/12/13","消化器官の内視鏡画像による疾患の診断支援方法、診断支援システム、診断支援プログラム及びこの診断支援プログラムを記憶したコンピュータ読み取り可能な記録媒体","株式会社ＡＩメディカルサービス","A61B1/045,614,A61B1/045,618,A61B1/00,685,A61B1/045,610,A61B1/273,G06T7/00,612,G06T7/00,350@C","WO2018/225448","","特許6875709","","再表2018/225448","https://www.j-platpat.inpit.go.jp/c1800/PU/JP-2018-225448/BBB8176DD631C11E972312CEAAF29DB29101894E79AE7B923BA340D84131BB98/19/ja"
"特表2020-522364","特願2019-568252","2018/06/05","2018/12/13","タスクを共同処理するためのプラットフォーム","バランスド　メディア　テクノロジー　エルエルシー","A63F13/30,A63F13/53,G06F8/60,G06F13/00,530@A,H04L67/00,A63F13/69,H04L67/10,G06N20/00","特表2020-522364","","特許7212266","","","https://www.j-platpat.inpit.go.jp/c1800/PU/JP-2020-522364/37C72A74272A0D8EF21FDC789B47736184D2DB9342460AE9F70E0C7ED534C04C/11/ja"
"特表2020-524837","特願2019-566064","2018/06/07","2018/12/13","ウェブサイトコンポーネント相互間におけるスマートインタラクションのためのシステム及び方法","ウィックス．コム　リミテッド．","G06F8/34","特表2020-524837","","特許7203767","","","https://www.j-platpat.inpit.go.jp/c1800/PU/JP-2020-524837/204D295B17B3309AC898AF8A3AB900D351906477DECFEDAAB26E8213A6A4F42D/11/ja"
"特表2020-522834","特願2020-518589","2017/09/26","2018/12/13","予測交通管理システム","プラノイ　ロイ","G08G1/00@C","特表2020-522834","","特許7154286","","","https://www.j-platpat.inpit.go.jp/c1800/PU/JP-2020-522834/18D8957ABBEF790ACAD1C957E37B7DE460B3CE7FEE398E2305A1E1F0D23A6BDE/11/ja"
"特表2020-522369","特願2020-517253","2018/06/04","2018/12/13","手術経路上の１つまたは複数の点を決定するシステム","チェン　シェシャオ,ワン　カンジュ,ブレイン　ナビ　バイオテクノロジー　カンパニー　リミテッド","A61B34/10,A61B34/20","特表2020-522369","","特許7095079","","","https://www.j-platpat.inpit.go.jp/c1800/PU/JP-2020-522369/C5905C87C8909FA368827E2FEEFB0927A88EA85FBA354928D3F4C916D155C11F/11/ja"
"特表2020-524866","特願2020-518592","2018/06/06","2018/12/13","コンテンツ取引合意のシステムおよび方法","リニウス（エイ・ユー・エス・ティー）プロプライエタリー・リミテッド","G06F21/10,H04L9/00,675@Z,G06F13/00,540@A,G06Q20/38,310,H04L9/32,200@Z,H04L67/2869,H04L67/00","特表2020-524866","","特許6872078","","","https://www.j-platpat.inpit.go.jp/c1800/PU/JP-2020-524866/9EAED90AC1D82A49A51DBA3FCFA58C7A6BDFF314098DCB512899C0647AF0DF8E/11/ja"
"特表2020-528836","特願2019-568161","2018/06/11","2018/12/13","分散式の自動付加製造のための方法および装置","ストラクト　ピーティーイー．エルティーディー","B29C64/393,B29C64/129,B29C64/255,B29C64/35,B29C64/379,B33Y10/00,B33Y30/00,B33Y40/20,B33Y50/02","特表2020-528836","","","","","https://www.j-platpat.inpit.go.jp/c1800/PU/JP-2020-528836/FA64DF2EFDB83562F1526B927DBDF16A9B635C6CA2C3D00420942658E85F0E04/11/ja"
"特表2020-524928","特願2019-567611","2018/06/07","2018/12/13","制限エリア内の不認可のユーザを識別することを可能にする情報要素をデバイスに提供する方法","タレス・ディス・フランス・エス・ア","H04N7/18@D,H04M11/00,301,H04N7/18@K,G06T7/00,510@F,G07C9/00@Z,G07C9/00,G06V40/16@A","特表2020-524928","","","","","https://www.j-platpat.inpit.go.jp/c1800/PU/JP-2020-524928/6E02BB0607FCFCEC86F6F2D13DFE7F294F9DF9D540CAC57AA266CEC7437AFAC8/11/ja"
"特表2020-522363","特願2019-568145","2018/06/08","2018/12/13","視神経を刺激するためのシステム及び方法","ドパビジョン　ゲゼルシャフト　ミット　ベシュレンクテル　ハフツング","A61F9/007,190@A,A61M21/02@B","特表2020-522363","","","","","https://www.j-platpat.inpit.go.jp/c1800/PU/JP-2020-522363/28F1ABB6DDF837891366C2536B406BA25743A4E2BA0D57E35E604FF76DC65C66/11/ja"
"特表2020-522298","特願2019-565285","2018/05/28","2018/12/13","コンピューティング装置のユーザインターフェースを制御する装置および方法","スーパーセル　オーワイ","A63F13/426,G06F3/0488,A63F13/216,A63F13/55,A63F13/537","特表2020-522298","","","","","https://www.j-platpat.inpit.go.jp/c1800/PU/JP-2020-522298/D8325A133723BA05210D374EF2DC67DF1B29BD765D3E89F1EC0D5EC7C5C5AF79/11/ja"
"特開2018-198457","特願2018-158384","2018/08/27","2018/12/13","通信ネットワークにおいて通信モードを調整するための方法及び装置","エイ・ティ・アンド・ティ　インテレクチュアル　プロパティ　アイ，エル．ピー．","H04B3/54","特開2018-198457","","特許6858736","","","https://www.j-platpat.inpit.go.jp/c1800/PU/JP-2018-198457/80879E7E34D0C7FCBE452E1A8969B3CF257DAD3F86B14BA4B3640F1F091D9796/11/ja"
"特開2018-198440","特願2018-139576","2018/07/25","2018/12/13","メッシュネットワークアドレッシング","グーグル　エルエルシー","H04L12/721@Z,H04L12/70@B,H04L12/715,H04L45/00,H04L45/44,H04L61/00,H04L61/10,H04L101:00,H04L101:659","特開2018-198440","","特許6502558","","","https://www.j-platpat.inpit.go.jp/c1800/PU/JP-2018-198440/AAD56BC45F0633A2C38DB2A0BE8CC487A9302D60765ECEC5315B44B291AB7D33/11/ja"
"特開2018-198097","特願2018-176301","2018/09/20","2018/12/13","文生成装置、文生成方法及びプログラム","カシオ計算機株式会社","G06F17/30,180@A,G06F17/30,170@A,G06F17/30,350@C,G06F16/90,100,G06F16/903","特開2018-198097","","","拒絶2021-010400","","https://www.j-platpat.inpit.go.jp/c1800/PU/JP-2018-198097/A0DC89BAB9742166C076916641BEFCDF936A880B786BA03D33E098F9DFB7AD05/11/ja"
"特開2018-198090","特願2018-166595","2018/09/06","2018/12/13","医療支援方法及び医療支援システム","株式会社トプコン","G06Q50/22,G16H20/00,G16H50/00,G16H50/20","特開2018-198090","","特許6923495","","","https://www.j-platpat.inpit.go.jp/c1800/PU/JP-2018-198090/8074E6CAEACD9E2C20B2C81BE22FE8674499915358EB92D474E824B170B5FD7B/11/ja"
"特開2018-198058","特願2018-094709","2018/05/16","2018/12/13","情報提供方法、電子機器、コンピュータプログラム及び記録媒体","ＬＩＮＥ株式会社,ネイバー　コーポレーション","G06F3/16,650,G06F3/16,G06F3/16,620,G06F3/16,690,G10L15/00,200@N,G10L15/00,200@G,G10L15/00,200@A,G10L15/22,300@Z,G10L13/02,144,G16Y10/00","特開2018-198058","","特許6947687","拒絶2020-004141","","https://www.j-platpat.inpit.go.jp/c1800/PU/JP-2018-198058/A6BEF57C7610292EF8F70134D5D748A463D316905E28DCB94A2170FBC0199910/11/ja"
"特開2018-198048","特願2018-054434","2018/03/22","2018/12/13","モデルオントロジにより入力データセットをリコンサイルするシステム、方法、及びプログラム","富士通株式会社","G06F17/30,419@B,G06F17/30,180@A,G06N5/02,120,G06F16/00,G06F16/90,100,G06N5/022","特開2018-198048","","","","","https://www.j-platpat.inpit.go.jp/c1800/PU/JP-2018-198048/08297A5B6F05762132AD94436C6F31B46FE44834BFBF52A1B265FFD6A95C86FB/11/ja"
"特開2018-198046","特願2018-052481","2018/03/20","2018/12/13","金融イベント・データベースの生成のための装置および方法","富士通株式会社","G06F17/30,230@Z,G06F17/30,170@A,G06F17/30,210@A,G06F17/27,665,G06Q10/04,G06F16/383,G06F16/908,G06F40/20,G06F40/279","特開2018-198046","","","","","https://www.j-platpat.inpit.go.jp/c1800/PU/JP-2018-198046/CEE7768FB79CFD744E99BCF7D1B2411A074A65C114450202C5721F544BCE55FF/11/ja"
"特開2018-198045","特願2018-052480","2018/03/20","2018/12/13","自然言語処理イベントの生成のための装置および方法","富士通株式会社","G06F17/30,340@A,G06F17/30,170@A,G06F17/30,210@A,G06F17/27,675,G06F16/335,G06F16/383,G06F16/908,G06F40/20,G06F40/289","特開2018-198045","","","","","https://www.j-platpat.inpit.go.jp/c1800/PU/JP-2018-198045/AD299D3ACF5D3B870EE1B942F3A33ED062BE1B910952CBD2F8496FEFD050D36C/11/ja"
"特開2018-198044","特願2018-052477","2018/03/20","2018/12/13","複数イベント・パターン・クエリーを生成するための装置および方法","富士通株式会社","G06F17/30,330@B,G06F17/30,415,G06F16/903","特開2018-198044","","","","","https://www.j-platpat.inpit.go.jp/c1800/PU/JP-2018-198044/5724B110205C90A2FF2992A71F8CF1DC2D05273E68D8BC4BF5E00123E82E9980/11/ja"
"特開2018-198042","特願2017-177096","2017/09/14","2018/12/13","稼働モニタリング装置、および、稼働モニタリング装置の制御プログラム","オークマ株式会社","G05B19/418@Z,G05B23/02,302@Y","特開2018-198042","","特許6909117","","","https://www.j-platpat.inpit.go.jp/c1800/PU/JP-2018-198042/41C4F882C56DD2F065FAE9BDE3DF826944DD9A4143B68BAE00D11C1722E53B67/11/ja"
"特開2018-198012","特願2017-103087","2017/05/24","2018/12/13","ネットワーク学習装置、行動決定装置、ネットワーク学習方法、及びプログラム","国立大学法人　東京大学,日本電信電話株式会社","G06N3/08,G06N20/00,G06N3/092","特開2018-198012","","特許6840363","","","https://www.j-platpat.inpit.go.jp/c1800/PU/JP-2018-198012/1B0E12C19A436F5119F669BFBA4BFB943C22C5DC2D11912CE545DD603534DC38/11/ja"
"特開2018-197986","特願2017-102689","2017/05/24","2018/12/13","端末装置、情報伝達方法、および、プログラム","東京瓦斯株式会社","G06F13/00,650@B,G06F13/00,560@C,G06F3/0484,120,H04M1/72409,H04L51/04,H04L67/00,G06F3/04842","特開2018-197986","","特許6878139","","","https://www.j-platpat.inpit.go.jp/c1800/PU/JP-2018-197986/AA64D2E2CE821CB36475170B9A6CFF7FE4E48AA5D41311B6E880D8A0BEE0CE86/11/ja"
"特開2018-197930","特願2017-101952","2017/05/23","2018/12/13","情報処理装置、半導体装置および情報処理方法","株式会社東芝","G06F7/62,G06G7/60,H03K5/131,H03K3/354@B","特開2018-197930","","特許6782193","","","https://www.j-platpat.inpit.go.jp/c1800/PU/JP-2018-197930/B9A5592580D0C95995D85F7246F639654425C7CB0697279A5F1E5EDC74FBE457/11/ja"
"特開2018-197907","特願2017-101560","2017/05/23","2018/12/13","文書処理システム及びプログラム","富士ゼロックス株式会社","G06Q10/06,302,G06Q10/0631","特開2018-197907","","特許6844415","","","https://www.j-platpat.inpit.go.jp/c1800/PU/JP-2018-197907/29C4251FB4ADEA5579C4CEDA6042CFF5F66214D5672A25530A30FE57D3E4447A/11/ja"
"特許6438169","特願2018-159443","2018/08/28","2018/12/12","地震予測システム、及び地震予測方法","株式会社地震科学探査機構","G01V1/00@E","特開2020-034340","","特許6438169","","","https://www.j-platpat.inpit.go.jp/c1800/PU/JP-6438169/40451B52FBCB39E58BE7FC6D5083026B114E056FE6BCD877CEC740860C4A061D/15/ja"
"再表2018/221283","特願2019-522122","2018/05/21","2018/12/06","低吸湿性材料からなるナノメカニカルセンサ用受容体及びそれを受容体として使用するナノメカニカルセンサ","国立研究開発法人物質・材料研究機構","G01N5/02@A","WO2018/221283","","特許6961252","","再表2018/221283","https://www.j-platpat.inpit.go.jp/c1800/PU/JP-2018-221283/B625B5BBDE7C16D91F1A8AD9BB2E43C1E4F5DFDA0D175C659987F3F92F5A8503/19/ja"
"再表2018/221175","特願2019-522080","2018/05/14","2018/12/06","半順序手順計画装置、半順序手順計画方法および半順序手順計画プログラム","日本電気株式会社","G06Q10/04","WO2018/221175","","特許7176514","","再表2018/221175","https://www.j-platpat.inpit.go.jp/c1800/PU/JP-2018-221175/BE41FBB3C9F1AACBB0A0C27EFE650AF92EB4C6C8950BDE909686E66E63FD81E5/19/ja"
"再表2018/221027","特願2019-522005","2018/04/11","2018/12/06","医療用診療装置","株式会社モリタ製作所","G16H40/60,A61C19/00@B,G16H50/20,A61C19/04,A61B6/14,A61B1/24,A61G15/00,A61G15/10","WO2018/221027","","特許6829763","","再表2018/221027","https://www.j-platpat.inpit.go.jp/c1800/PU/JP-2018-221027/63D3EB76CB3FC4345FA042977491DD2F0211024FB50B1C2E030D18B8043F0E6A/19/ja"
"再表2018/220925","特願2018-543405","2018/02/28","2018/12/06","情報処理システムおよび情報処理装置","オリンパス株式会社","A61B17/00,700","WO2018/220925","","","","再表2018/220925","https://www.j-platpat.inpit.go.jp/c1800/PU/JP-2018-220925/04C4F0465B178E6C26338AE94A03DEF15363CB793C5DD59F52ECE84D463E0786/19/ja"
"再表2018/220829","特願2019-521906","2017/06/02","2018/12/06","ポリシー生成装置及び車両","本田技研工業株式会社","B60W40/09,B60W30/00,G08G1/16@C,B60W60/00","WO2018/220829","","特許6790258","","再表2018/220829","https://www.j-platpat.inpit.go.jp/c1800/PU/JP-2018-220829/4C21261D93AC63C064241AB7A270CA25D375CAE01074314031ED0A0FAA57CDFE/19/ja"
"再表2018/220813","特願2019-521893","2017/06/02","2018/12/06","判定装置、判定方法及び判定プログラム","富士通株式会社","G01M99/00@Z,G05B23/02@T","WO2018/220813","","特許6795093","","再表2018/220813","https://www.j-platpat.inpit.go.jp/c1800/PU/JP-2018-220813/3E7BFB6DD53E3C4D15BA923DF571B622054C78693990175C0DDB2738E3E4EAB3/19/ja"
"再表2018/220751","特願2019-521603","2017/05/31","2018/12/06","状態監視装置、並びに機器システム","株式会社日立製作所","H02P29/00,H02P21/13,G05B23/02@T,G05B23/02,302@R,G01M99/00@A","WO2018/220751","","特許6899897","一部異議2021-701243","再表2018/220751","https://www.j-platpat.inpit.go.jp/c1800/PU/JP-2018-220751/35B30ADAD61C28B7D60F9E0F97D1126EE67E362FB3310CC53C7636C0A1CEF801/19/ja"
"特表2020-522191","特願2019-566147","2018/05/24","2018/12/06","バーチャル・リアリティ・データをカスタマイズするための方法及びシステム","ベライゾン・パテント・アンド・ライセンシング・インコーポレイテッド","H04N21/236,H04N21/266,H04N21/4728,G06T19/00,300@B","特表2020-522191","","特許7217713","","","https://www.j-platpat.inpit.go.jp/c1800/PU/JP-2020-522191/F20FA49E65D719E1F49E57C3F362DCD158278D73D40B0EAC90A173A22442580C/11/ja"
"特表2020-522802","特願2019-566176","2018/05/24","2018/12/06","異なる複数のヴァンテージ・ポイントから、バーチャル・シーンのバーチャル・エンティティ記述フレームに基づいて、バーチャル・シーンのフレームをレンダリングする方法及びシステム","ベライゾン・パテント・アンド・ライセンシング・インコーポレイテッド","G06T19/00@A,H04N21/431,H04N21/2362,H04N21/84","特表2020-522802","","特許7194126","","","https://www.j-platpat.inpit.go.jp/c1800/PU/JP-2020-522802/7205D33BE640E931F0F9D55E1C7FEF63BF07C31DFB0094EFCC2E8B1EC84FDFB9/11/ja"
"特表2020-522194","特願2019-566170","2018/05/24","2018/12/06","異なるビデオ・データ・ストリームにおいて、異なる複数のヴァンテージ（Ｖａｎｔａｇｅ）・ポイントから表現されるバーチャル・オブジェクト及び現実世界オブジェクトに基づいて融合現実シーンを生成するための方法","ベライゾン・パテント・アンド・ライセンシング・インコーポレイテッド","H04N21/266,H04N21/2365,H04N21/235,G06T15/20,500,G06T19/00@A","特表2020-522194","","特許7189895","","","https://www.j-platpat.inpit.go.jp/c1800/PU/JP-2020-522194/BBA83773FE41A3881C8C5813972C7379AB6FA10CB4B98B7F034D2D5D8D985AB0/11/ja"
"特表2020-522068","特願2019-565544","2018/05/30","2018/12/06","臨床判断支援のための生医療画像データの機械学習","コーニンクレッカ　フィリップス　エヌ　ヴェ","G16H30/40,G16H30/00","特表2020-522068","","特許7181230","","","https://www.j-platpat.inpit.go.jp/c1800/PU/JP-2020-522068/C18B8163AC6E43A22F62A23F663DBF22A98301E9E451B94C05BCBAF8A54AEB66/11/ja"
"特表2020-523628","特願2019-566685","2018/06/14","2018/12/06","アイウェア用の着脱可能な拡張現実システム","ポゴテック　インク","G02B27/02,G02B3/00@A,H05B33/14@A,H05B33/02,H10K50/10,H10K50/80,H10K50/85,H10K50/858,H10K59/00,H10K59/10,H10K59/80,H10K77/10,H10K85/50","特表2020-523628","","","拒絶2021-014600","","https://www.j-platpat.inpit.go.jp/c1800/PU/JP-2020-523628/01FAC26C1F4BD59E70C00F991A73CC96F2503EBDC2C3E88295BFF5CB89C1C6BB/11/ja"
"特表2020-522798","特願2019-565885","2017/05/31","2018/12/06","運動データに基づいて運転挙動を認識するデバイスおよび方法","ベイジン　ディディ　インフィニティ　テクノロジー　アンド　ディベロップメント　カンパニー　リミティッド","G08G1/00@D","特表2020-522798","","","","","https://www.j-platpat.inpit.go.jp/c1800/PU/JP-2020-522798/5722F6F77CE2A350F1942A3F67EF49095EF593B9A27A4A1271D95AA8D80BAB36/11/ja"
"特表2020-522697","特願2019-566358","2018/06/01","2018/12/06","転移性疾患における、循環腫瘍細胞（ＣＴＣ）の単一細胞特徴づけに基づく治療を検出する方法","エピック　サイエンシス，　インコーポレイテッド","G01N33/574@D,C12Q1/04,A61K31/58,A61P35/00,A61K31/4166","特表2020-522697","","","","","https://www.j-platpat.inpit.go.jp/c1800/PU/JP-2020-522697/FBAFE3ECBF502683CCD4E413B29F7B098BBF9A1479515C74A6EC9A78F913FF0D/11/ja"
"特表2020-522067","特願2019-565502","2018/05/29","2018/12/06","動的視覚センサ用ブロックマッチングオプティカルフローとステレオ視","ユニベアズィテート　チューリッヒ","G06T7/223,G06T7/593","特表2020-522067","","","","","https://www.j-platpat.inpit.go.jp/c1800/PU/JP-2020-522067/2038CF37B1D9512C13F4E61FCC565C7170098272537B5F5F82334F31C8DFD6A8/11/ja"
"特表2020-507159","特願2019-539943","2018/04/04","2018/12/06","ピクチャプッシュの方法、移動端末および記憶媒体","オッポ広東移動通信有限公司","G06F13/00,540@P,G06F3/01,510,H04L67/2869,H04L67/00","特表2020-507159","","","拒絶2021-015451","","https://www.j-platpat.inpit.go.jp/c1800/PU/JP-2020-507159/BCA41E0007E3407AE92B193C1F623D1B0EA519ED801692E686B18996F3FB44B0/11/ja"
"特開2018-195331","特願2018-136790","2018/07/20","2018/12/06","発話文生成装置とその方法とプログラム","日本電信電話株式会社","G06F17/28,681,G10L15/10,500@T,G10L15/22,300@Z,G10L13/00,100@M,G10L13/08,124,G06F40/40,G06F40/56","特開2018-195331","","特許6676110","","","https://www.j-platpat.inpit.go.jp/c1800/PU/JP-2018-195331/0CA642E90AB690DEC5A62D0EC5406DA11C826868F4D6BA6ADFDA194EFBA0038C/11/ja"
"特開2018-195330","特願2018-136789","2018/07/20","2018/12/06","発話文生成装置とその方法とプログラム","日本電信電話株式会社","G06F17/28,681,G10L15/10,500@T,G10L15/22,300@Z,G10L13/00,100@M,G10L13/08,124,G06F40/40,G06F40/56","特開2018-195330","","特許6676109","","","https://www.j-platpat.inpit.go.jp/c1800/PU/JP-2018-195330/AA8CBCB0604E3C00EEBFD2BE924472116A3282A4DD89ADEFAD04CF6F0232E68C/11/ja"
"特開2018-195312","特願2018-094708","2018/05/16","2018/12/06","音声要請に対応する情報提供のためのメディア選択","ＬＩＮＥ株式会社,ネイバー　コーポレーション","G06F13/00,358@C,G06F3/16,650,G06F17/30,180@A,G06F17/30,310@Z,G06F17/30,360@Z,H04Q9/00,301@E,G06F16/90,100,G06F16/9038,G06F16/904,G06F16/909,H04L12/28,500@C","特開2018-195312","","特許6607999","","","https://www.j-platpat.inpit.go.jp/c1800/PU/JP-2018-195312/E527EA2C9857E6FC82801E3FDFB48AABD880B966C55ACA489D70DFBF0BDF9810/11/ja"
"特開2018-195298","特願2018-075078","2018/04/09","2018/12/06","対話シナリオの表示制御プログラム、対話シナリオの表示制御方法および情報処理装置","富士通株式会社","G06F17/28,681,G06Q50/10,G06F40/40,G06F40/56","特開2018-195298","","特許7159597","","","https://www.j-platpat.inpit.go.jp/c1800/PU/JP-2018-195298/4003ADE38B4D9866DEEE7D5B214EC9F6B80C0E329BECD10C63BE523C9E9157D1/11/ja"
"特開2018-195252","特願2017-100870","2017/05/22","2018/12/06","銀行業務支援システム、銀行業務支援方法及び銀行業務支援プログラム","株式会社　みずほ銀行","G06Q40/02","特開2018-195252","","特許6453939","","","https://www.j-platpat.inpit.go.jp/c1800/PU/JP-2018-195252/71EC1AECBC128A44B7EC87E8378BA080DF01EBF29054FAE9997A47AD1761C59F/11/ja"
"特開2018-195236","特願2017-100696","2017/05/22","2018/12/06","金融情報表示装置および金融情報表示プログラム","リコノミカル株式会社,株式会社ＡＳＴＲＯＴＥＣＨ　ＳＯＦＴＷＡＲＥ　ＤＥＳＩＧＮ　ＳＴＵＤＩＯＳ","G06Q30/02,470,G06Q30/015","特開2018-195236","","","","","https://www.j-platpat.inpit.go.jp/c1800/PU/JP-2018-195236/49011557894FD71ABA473CCD2739D77CEC212951269D7405BBECE7B24C320DDE/11/ja"
"特開2018-195089","特願2017-098564","2017/05/17","2018/12/06","クラスタリング方法、クラスタリングプログラム、および情報処理装置","富士通株式会社","G06F17/30,210@D,G06F16/906,G06N20/00,160","特開2018-195089","","特許6881017","","","https://www.j-platpat.inpit.go.jp/c1800/PU/JP-2018-195089/B13971F6F8EC8536C9EE83B4DF4F2A2CA140ACA63089812CA3382E716F81DBE1/11/ja"
"特開2018-194968","特願2017-096783","2017/05/15","2018/12/06","表示プログラム、表示方法、表示装置","富士通株式会社","G06Q50/26,E03F1/00@Z,G01W1/10@P,G01W1/00@Z,G08B21/10,G08B31/00@B,G08B23/00,510@D","特開2018-194968","","","","","https://www.j-platpat.inpit.go.jp/c1800/PU/JP-2018-194968/3EC6D83A8B21BE68DD9F19943688AF90647AB5C9C82D21A5A243C381489976D8/11/ja"
"特開2018-194844","特願2018-094704","2018/05/16","2018/12/06","音声制御装置、音声制御装置の動作方法、コンピュータプログラム及び記録媒体","ＬＩＮＥ株式会社,ネイバー　コーポレーション","G10L15/10,200@W,G06F3/16,650,G06F3/16,640,G06F3/16,630,G10L15/10,300@G,G10L15/28,500","特開2018-194844","","特許6510117","","","https://www.j-platpat.inpit.go.jp/c1800/PU/JP-2018-194844/2DF501245C8650D6EFA9FF1548CAF57F10977CF5F88A2F77CF885BDA14AC80E1/11/ja"
"特開2018-194842","特願2018-094247","2018/05/16","2018/12/06","機械学習方法、機械学習システム","株式会社半導体エネルギー研究所","G09G5/36,520@A,G06N3/08,G09G5/00,550@H,G09G5/00,510@V,G09G5/36,520@P,G09G5/10@R,G09G5/00,550@C,G09G5/00@X,G11C11/405,G09G5/37,100,G09G5/37,320","特開2018-194842","","特許7068753","","","https://www.j-platpat.inpit.go.jp/c1800/PU/JP-2018-194842/F7E392EB72C562B2939F97955C7B441CDEAF1B25BBA94CA7BB10CDA11038C0ED/11/ja"
"特開2018-194832","特願2018-091853","2018/05/11","2018/12/06","受信した音声入力の入力音量に基づいて出力される音の出力音量を調節するユーザ命令処理方法およびシステム","ＬＩＮＥ株式会社,ネイバー　コーポレーション","G10L13/02,130@C,G06F3/16,540,G06F3/16,630,G06F3/16,650,G10L15/00,200@N,G10L15/10,200@W,G10L13/10,114,G10L13/00,100@M,G10L13/10,111@E","特開2018-194832","","特許6567727","","","https://www.j-platpat.inpit.go.jp/c1800/PU/JP-2018-194832/ED1E83BA4E2F4206F64D126E32BFF2E2EC9C07706B2449053FDB821112DE2E1E/11/ja"
"特開2018-194810","特願2017-157389","2017/08/17","2018/12/06","デバイス制御方法及び電子機器","ＬＩＮＥ株式会社,ネイバー　コーポレーション","G10L15/10,500@T,G06F3/16,650,G10L15/00,200@F,G10L15/24@Z,G10L25/51,400,G06F3/01,510","特開2018-194810","","特許6731894","拒絶2020-003849","","https://www.j-platpat.inpit.go.jp/c1800/PU/JP-2018-194810/65B86D0EF1CF1B1DF734EE82F516751C6F2189994CA94A2C835444C3ABC3F854/11/ja"
"特開2018-194719","特願2017-099647","2017/05/19","2018/12/06","表示システム及び電子機器","株式会社半導体エネルギー研究所","G09G3/20,680@D,H05B33/14@A,H01L27/32,G09G3/20,641@P,G09G3/20,611@A,G09G3/20,642@A,G09G3/20,612@U,G09F9/40,301,G09F9/30,365,G09G3/3233,H01L29/78,612@B,H10K50/10,H10K59/00,H10K59/10,H10K59/18,H10K59/40,H10K59/65,H10K59/70,H10K71/00,H10K85/50,H10K101:60","特開2018-194719","","","","","https://www.j-platpat.inpit.go.jp/c1800/PU/JP-2018-194719/4B7F94453F05C57664AED4040D7B05D62C5A437368878D7191A00F1282AD2AB3/11/ja"
"特開2018-194590","特願2017-095904","2017/05/12","2018/12/06","与信スコア最適化方法、装置及びシステム","株式会社ブレインチャイルド","G10L25/72@Z,G10L15/10,500@Z,G10L15/06,500@Z,G10L25/15,G06Q40/02,300,G06Q40/03","特開2018-194590","","","","","https://www.j-platpat.inpit.go.jp/c1800/PU/JP-2018-194590/024C71481AC719092FB7F4470B5D7AEC2645401410E8C375A169D43CE033A790/11/ja"
"特開2018-194541","特願2018-060578","2018/03/27","2018/12/06","情報探索システム及び方法、情報探索プログラム","エバ・ジャパン　株式会社","G01N21/27@A,G01J3/50,G06F17/30,170@Z,G06F16/00","特開2018-194541","","特許6843439","","","https://www.j-platpat.inpit.go.jp/c1800/PU/JP-2018-194541/64DAB8D25D91B12DBA84F8CC4F9689C1B800049999CB0AF0A2734D4B00DDC680/11/ja"
"特開2018-193933","特願2017-098899","2017/05/18","2018/12/06","情報処理装置、基準データ決定装置、情報処理方法、基準データ決定方法及びプログラム","株式会社荏原製作所","F04B37/16@A,F04B37/16@H,H01L21/31@B,H01L21/02@Z","特開2018-193933","","特許6820799","","","https://www.j-platpat.inpit.go.jp/c1800/PU/JP-2018-193933/0065F19AA37DDDFEB6730F96EF806033D284B688EEB28A3E1C1CCB793D3D8232/11/ja"
"特開2018-193932","特願2017-098691","2017/05/18","2018/12/06","情報処理装置、基準データ決定装置、情報処理方法、基準データ決定方法及びプログラム","株式会社荏原製作所","F04B37/16@A,F04B49/10,331@B,F04B51/00","特開2018-193932","","特許7046503","拒絶2020-016173","","https://www.j-platpat.inpit.go.jp/c1800/PU/JP-2018-193932/A393000E2A1980FD65DFA85ED00C7625C0033F5A9BF032D026B8CE1AF31B3840/11/ja"
"特開2018-192826","特願2017-095448","2017/05/12","2018/12/06","車両の自動運転制御システム","株式会社デンソー","B60R21/01,B60R16/03@A,B60R16/033@B,B60R21/00,621@B,B60R21/00,621@C,B60R21/00,621@E,B60R21/00,624@B,B60R21/00,624@C,B60R21/00,624@E,B62D6/00,B60W30/085,B60W40/08,B60W50/035,G08G1/16@A,B60T7/12@C","特開2018-192826","","特許6711312","","","https://www.j-platpat.inpit.go.jp/c1800/PU/JP-2018-192826/48381A03FB3D04BF2760E6A3A48F390EF7206E81402EB104784B5652C871B697/11/ja"
"特開2018-192825","特願2017-095447","2017/05/12","2018/12/06","車両の自動運転制御システム","株式会社デンソー","B62D6/00,B60W30/085,B60W50/08,B60T7/12@C,B60T7/12@B,B62D101:00,B62D113:00,B60W60/00","特開2018-192825","","特許6900775","","","https://www.j-platpat.inpit.go.jp/c1800/PU/JP-2018-192825/08BEFCD7288FBD49245EB68EC1A092772ED1CD0AA165263939756E32309CBDD1/11/ja"
"特開2018-192256","特願2018-093586","2018/05/15","2018/12/06","医用画像診断装置及び医用画像診断システム","キヤノンメディカルシステムズ株式会社","A61B6/00,320@Z,G01R31/34@A,A61B6/00,300@D,A61B6/00,300@X,A61B5/055,390","特開2018-192256","","","拒絶2022-015403","","https://www.j-platpat.inpit.go.jp/c1800/PU/JP-2018-192256/EDE1FAC189B92EA993F948EE57F4FE1DED434672A6B523FCD2BA8911F88B940F/11/ja"
"特許6433614","特願2018-078637","2018/04/16","2018/12/05","チャットボット検索システムおよびプログラム","ＪＥインターナショナル株式会社","G06F17/30,380@E,G06F17/30,340@B,G06F13/00,650@B,G06F16/9038,H04L51/04,H04L67/00","特開2019-185614","","特許6433614","","","https://www.j-platpat.inpit.go.jp/c1800/PU/JP-6433614/837207BADC68B3ABAA2463EA9D58EA3DB11E97F328AF9A13DA2DC288C687B3B1/15/ja"
