﻿"文献番号","出願番号","出願日","公知日","発明の名称","出願人/権利者","FI","公開番号","公告番号","登録番号","審判番号","その他","文献URL"
"実登3234668","実願2021-003176","2021/08/17","2021/10/28","Ｘ線による脊柱側弯症の画像認識システム","青島大学附属医院","A61B6/00,350@D","","","実登3234668","","","https://www.j-platpat.inpit.go.jp/c1800/PU/JP-3234668/7EF3F797AAA0878468F42AC726217CBEB0625C85F362E0007B02313E8AF50653/25/ja"
"特表2022-532967","特願2021-536167","2020/11/25","2021/10/28","地理位置を検索するための類似性モデル作成方法、装置、電子デバイス、記憶媒体およびプログラム","バイドゥ　オンライン　ネットワーク　テクノロジー（ペキン）　カンパニー　リミテッド","G06F16/909,G06N3/08","特表2022-532967","","特許7203981","","","https://www.j-platpat.inpit.go.jp/c1800/PU/JP-2022-532967/AA7D162CFB2FE36A91725315CB381F18057F4A275C622DB93F231AC9FD6E0E2D/11/ja"
"特表2022-525689","特願2021-564285","2021/03/15","2021/10/28","仮想キャラクタ使用データの処理方法並びにその、装置、機器及びコンピュータプログラム","テンセント・テクノロジー・（シェンジェン）・カンパニー・リミテッド","A63F13/79,A63F13/73,A63F13/533,G06F3/0484,120,G06F3/04842","特表2022-525689","","特許7098846","","","https://www.j-platpat.inpit.go.jp/c1800/PU/JP-2022-525689/D215C10116644554D0FC415C341F12FCCD2DFAD0B6F66407BB817255230B248E/11/ja"
"特表2023-500994","特願2022-541668","2021/02/20","2021/10/28","障害物認識方法、装置、自律移動機器及び記憶媒体","追▲べき▼創新科技（蘇州）有限公司","G06T7/12,G06V10/70,G01B11/24@K","特表2023-500994","","","","","https://www.j-platpat.inpit.go.jp/c1800/PU/JP-2023-500994/645FD1B58BE6346BA62FA6E3733879C2FF025F0BF0D648993BE96567DB831B86/11/ja"
"特表2022-533919","特願2021-564351","2021/03/15","2021/10/28","仮想キャラクタの制御方法並びにそのコンピュータ機器、コンピュータプログラム、及び仮想キャラクタの制御装置","▲騰▼▲訊▼科技（深▲セン▼）有限公司","A63F13/533,A63F13/2145,A63F13/426,G06F3/0481","特表2022-533919","","","","","https://www.j-platpat.inpit.go.jp/c1800/PU/JP-2022-533919/A7FCDB684694E71C8217D717F985D1E04F7BA4F96A04F4726439449F617C66DC/11/ja"
"特表2022-533200","特願2021-568840","2020/11/25","2021/10/28","地理的位置を検索する方法、装置、機器、コンピュータ記憶媒体及びコンピュータプログラム","バイドゥ　オンライン　ネットワーク　テクノロジー（ペキン）　カンパニー　リミテッド","G06F16/387,G06F16/33,G09B29/00@A","特表2022-533200","","","","","https://www.j-platpat.inpit.go.jp/c1800/PU/JP-2022-533200/1EF14CEAD939DA42EA91C2F0F905C270B47966EEDDD98B54E9197B65FA3998EC/11/ja"
"特表2022-533051","特願2021-566600","2021/03/08","2021/10/28","仮想オブジェクトの制御方法、装置、デバイス及びコンピュータプログラム","テンセント・テクノロジー・（シェンジェン）・カンパニー・リミテッド","A63F13/56","特表2022-533051","","","","","https://www.j-platpat.inpit.go.jp/c1800/PU/JP-2022-533051/9A0494BA3970C7AC0159DDC086A29A83B47EA659334FB353D788772BE439094D/11/ja"
"特表2022-532972","特願2021-541153","2020/09/17","2021/10/28","敵対的模倣学習に基づく無人運転車両車線変更決定方法及びシステム","▲広▼州大学","B60W30/10,B60W60/00,G06N20/00,B60W50/08,B60W40/04,G08G1/16@C","特表2022-532972","","","","","https://www.j-platpat.inpit.go.jp/c1800/PU/JP-2022-532972/2EFE8FD580F70E37BD449FF49812C68908EEA1DCEF85322D6AE2C58C69DEB148/11/ja"
"特表2022-532876","特願2021-566186","2021/03/08","2021/10/28","仮想環境の画面表示方法、装置、機器及びコンピュータプログラム","テンセント・テクノロジー・（シェンジェン）・カンパニー・リミテッド","A63F13/5372,G06F3/04847,G06F3/04886,A63F13/426,A63F13/2145,A63F13/822","特表2022-532876","","","","","https://www.j-platpat.inpit.go.jp/c1800/PU/JP-2022-532876/F1A63538721D518455E06DFC6E99BA9F43A50327843E63F8A894BFFF117CFA19/11/ja"
"特表2022-532870","特願2021-565788","2021/03/08","2021/10/28","仮想シーンに基づく操作コントロールの表示方法、装置、コンピュータ機器及びコンピュータプログラム","▲騰▼▲訊▼科技（深▲セン▼）有限公司","A63F13/56,A63F13/426,A63F13/822,G06F3/0481","特表2022-532870","","","","","https://www.j-platpat.inpit.go.jp/c1800/PU/JP-2022-532870/E83213D2DFBF5177552C57FC1CB74FAF1931B979FB3C7C12210E334713CD413E/11/ja"
"特開2021-170774","特願2021-068094","2021/04/14","2021/10/28","ウェアラブルデバイスおよびモバイルデバイスに企業サービスを提供するための方法およびシステム","アバイア　マネジメント　エル．ピー．","H04M3/42@E,H04W12/086,H04W12/33,G06F21/35","特開2021-170774","","","","","https://www.j-platpat.inpit.go.jp/c1800/PU/JP-2021-170774/2395A24E3810A944F362D478D207C034EA3B40AC3DF720C0C4883D19E2205C1C/11/ja"
"特開2021-170410","特願2021-126659","2021/08/02","2021/10/28","交通データの分析方法、装置、デバイス、車両、記憶媒体及びプログラム","アポロ　インテリジェント　コネクティビティ　（ベイジン）　テクノロジー　カンパニー　リミテッド","G06Q50/10,G06Q50/30,G16Y10/40,G16Y20/10,G16Y40/20","特開2021-170410","","","","","https://www.j-platpat.inpit.go.jp/c1800/PU/JP-2021-170410/AA247054B5D60F4172FB4DD99AF59E83108DF3ACD3DAF922375559CFD62B9C01/11/ja"
"特開2021-170399","特願2021-123633","2021/07/28","2021/10/28","信号灯識別方法、装置、デバイス、記憶媒体及びプログラム","アポロ　インテリジェント　コネクティビティ　（ベイジン）　テクノロジー　カンパニー　リミテッド","G06T7/00,650@A,G08G1/09@D,G06T7/00,650","特開2021-170399","","特許7111873","","","https://www.j-platpat.inpit.go.jp/c1800/PU/JP-2021-170399/7AB00F99028508104C5E21B6D8E32EDF4ECD295D8C73BC22FCAD6182C2CB264B/11/ja"
"特開2021-170394","特願2021-122253","2021/07/27","2021/10/28","役割のラベル付け方法、役割のラベル付け装置、電子機器及び記憶媒体","ベイジン　バイドゥ　ネットコム　サイエンス　アンド　テクノロジー　カンパニー　リミテッド","G06F40/30","特開2021-170394","","","","","https://www.j-platpat.inpit.go.jp/c1800/PU/JP-2021-170394/399960FBD91782FAC57DFDCCB77940B633FFB541BDD2496729D46C8D698053CB/11/ja"
"特開2021-170391","特願2021-121060","2021/07/21","2021/10/28","商品案内方法、装置、デバイス、記憶媒体、及びプログラム","ベイジン　バイドゥ　ネットコム　サイエンス　アンド　テクノロジー　カンパニー　リミテッド","G06Q30/06,330,G06T7/60,150@S,G06Q30/0601,330","特開2021-170391","","特許7168837","","","https://www.j-platpat.inpit.go.jp/c1800/PU/JP-2021-170391/78B89316A0FF5309ED044F9E100F759698D6EF9BDD2B086A4240A3E75B85332A/11/ja"
"特開2021-170383","特願2021-119372","2021/07/20","2021/10/28","管理サーバおよび健康サービス提供方法","ベストリハ株式会社","G16H10/00","特開2021-170383","","","","","https://www.j-platpat.inpit.go.jp/c1800/PU/JP-2021-170383/6E4F010276188DA334BC47EDEAB61C40B577C47FB8D100CD0EF192114A20E6B5/11/ja"
"特開2021-170362","特願2021-112038","2021/07/06","2021/10/28","既存の会話を促進するためにアクションを推奨するように構成された仮想アシスタント","グーグル　エルエルシー","G06F16/90,100,G06F16/9035","特開2021-170362","","","","","https://www.j-platpat.inpit.go.jp/c1800/PU/JP-2021-170362/8B891A54001D32740FFB3BCF88BB93634D678F0CF4EC776110EC59DA95116383/11/ja"
"特開2021-170350","特願2021-108694","2021/06/30","2021/10/28","深層ニューラルネットワークに基づくバリアント分類器","イルミナ　インコーポレイテッド","G06N3/04,154,G06N5/04,C12M1/34@Z,G06N3/045,G06N3/0464,G06N3/0499","特開2021-170350","","特許7143486","","","https://www.j-platpat.inpit.go.jp/c1800/PU/JP-2021-170350/D4C2A2DAC472A200A46E2481965DFC70A61D8991B6ED642D7AD4CBB74C6575CD/11/ja"
"特開2021-170335","特願2021-075109","2021/04/27","2021/10/28","アプリケーション構築方法、装置、電子設備、記憶媒体、及びプログラム","ベイジン　バイドゥ　ネットコム　サイエンス　アンド　テクノロジー　カンパニー　リミテッド","G06F9/48,300@Z","特開2021-170335","","","","","https://www.j-platpat.inpit.go.jp/c1800/PU/JP-2021-170335/2B76EF7F3BD528D03A71D6A6761A3D2459706948693B5FD0DD32F3BC35BEDEBC/11/ja"
"特開2021-170326","特願2021-056535","2021/03/30","2021/10/28","データ分析に用いられる方法、デバイス及びプログラム","日本電気株式会社","G06Q30/02,310,G06Q10/04,G06Q30/0202","特開2021-170326","","","","","https://www.j-platpat.inpit.go.jp/c1800/PU/JP-2021-170326/675E43CDC5A7486DDEA485F4CD563DB2E436753B032A9BA178193302DD6E1904/11/ja"
"特開2021-170312","特願2020-198041","2020/11/30","2021/10/28","データ処理方法、装置、及び関連製品","中科寒武紀科技股▲分▼有限公司","G06F9/30,350,G06F9/30,330@D,G06F17/16@Z","特開2021-170312","","","","","https://www.j-platpat.inpit.go.jp/c1800/PU/JP-2021-170312/515338A43BF5E91187C9E15CD866DFF593542A2BFCC6973086B04D66E92E6028/11/ja"
"特開2021-170310","特願2020-193197","2020/11/20","2021/10/28","対話生成方法、装置、電子機器、プログラム及び記憶媒体","ベイジン　バイドゥ　ネットコム　サイエンス　アンド　テクノロジー　カンパニー　リミテッド","G06F16/90,100","特開2021-170310","","","拒絶2022-018350","","https://www.j-platpat.inpit.go.jp/c1800/PU/JP-2021-170310/8AF11B1B2B672BC7C5F3B2B72BFC1947106219FDFCD322E707C8A314D8255BB1/11/ja"
"特開2021-170286","特願2020-073843","2020/04/17","2021/10/28","遠隔診療支援システム","株式会社アルム","G16H20/00,G16H40/67,G16H40/20,G16H80/00","特開2021-170286","","特許6958880","","","https://www.j-platpat.inpit.go.jp/c1800/PU/JP-2021-170286/E1053EF0BC6BCD4157D1F1498F05A8942FA517413407EB1F54AEA1B69456594D/11/ja"
"特開2021-170175","特願2020-072406","2020/04/14","2021/10/28","事故状況図生成装置、コンピュータプログラム及び事故状況図生成方法","大日本印刷株式会社","G06Q40/08","特開2021-170175","","","","","https://www.j-platpat.inpit.go.jp/c1800/PU/JP-2021-170175/E568E43DB2741390B2B4596A713CFCA4400F5EFDD54BA38D66535906D4740CB8/11/ja"
"特開2021-170167","特願2020-072283","2020/04/14","2021/10/28","印刷システム、印刷方法、情報処理装置、及び、情報処理プログラム","セイコーエプソン株式会社","G06F3/12,373,G06F3/12,303,G06F3/12,371,H04N1/00,127@A,B41J29/38,B41J29/38,801","特開2021-170167","","","","","https://www.j-platpat.inpit.go.jp/c1800/PU/JP-2021-170167/65B6DF9D882D7D486703FA9BE4EA6516392C9FB8F0CC128D66874C4A891D8E96/11/ja"
"特開2021-170064","特願2020-072797","2020/04/15","2021/10/28","極端紫外光光源装置およびプラズマ位置調整方法","ウシオ電機株式会社","G03F7/20,503,H05G2/00@K,G03F7/20,521","特開2021-170064","","","","","https://www.j-platpat.inpit.go.jp/c1800/PU/JP-2021-170064/14DA10D8A20107C486DCF8EFD7D583AA32165C9D0AC3BF1327E4BB1F946A6F5C/11/ja"
"特開2021-170006","特願2021-069394","2021/04/15","2021/10/28","車載レーダー装置用レドーム及びその製造方法","三恵技研工業株式会社","G01S7/03,246,H01Q1/42,B29C45/14,B29C65/70","特開2021-170006","","","","","https://www.j-platpat.inpit.go.jp/c1800/PU/JP-2021-170006/7B6C92578426122A91ED247CE196E37D199E48E7C3E571A1066D63C065EB78EF/11/ja"
"特開2021-169973","特願2020-073482","2020/04/16","2021/10/28","異音評価システムおよび異音評価方法","トヨタ自動車株式会社","G01H3/00@A","特開2021-169973","","","","","https://www.j-platpat.inpit.go.jp/c1800/PU/JP-2021-169973/2B4CB4ADA5C22C1BCBE916C734D22B012D86829152BAB5E8ECF0F9353A014774/11/ja"
"特開2021-169705","特願2020-072239","2020/04/14","2021/10/28","学習済みモデル生成方法および路面性状判定装置","ＫＹＢ株式会社","E01C23/01,G06N20/00,130","特開2021-169705","","","","","https://www.j-platpat.inpit.go.jp/c1800/PU/JP-2021-169705/6BDF8A8876C771CC370676D7445F6EB7AE52F9D0C67EB59EC4ACA546A1961302/11/ja"
"特開2021-169307","特願2021-107300","2021/06/29","2021/10/28","車両クルーズ制御方法、装置、電子機器及び記憶媒体","ベイジン　バイドゥ　ネットコム　サイエンス　アンド　テクノロジー　カンパニー　リミテッド","B60W30/10,B60W40/06,B60W60/00,B60W30/06,G01C21/30,G08G1/16@C","特開2021-169307","","特許7214794","","","https://www.j-platpat.inpit.go.jp/c1800/PU/JP-2021-169307/4E1C2F02BA7C32EB3FAFEB3F53AA5854C149326FAC95328AA119B1F351F17C76/11/ja"
"特開2021-169243","特願2020-072445","2020/04/14","2021/10/28","空間制御システム、乗物の室内空間を制御する方法および空間制御プログラム","トヨタ紡織株式会社","B60H3/00@J","特開2021-169243","","","","","https://www.j-platpat.inpit.go.jp/c1800/PU/JP-2021-169243/101C20B4BB8463505D05BA52D1AA386C9B8D4763F893891069758C0C80C0D803/11/ja"
"特開2021-168938","特願2021-114075","2021/07/09","2021/10/28","ゲーム管理システム","エンゼルグループ株式会社","A63F1/18,A63F1/06@A","特開2021-168938","","","","","https://www.j-platpat.inpit.go.jp/c1800/PU/JP-2021-168938/E530CEF7252D9C7D88087D481B62BE75FC536819CC8AEA48DA9DE4F88C0E7CC9/11/ja"
"特開2021-168913","特願2021-065798","2021/04/08","2021/10/28","対象者の緑内障のリスクを予測する予測モデルを生成する方法、当該予測モデルを用いて対象者の緑内障リスクを決定する方法、対象者の緑内障リスクを予測する装置、コンピュータプログラム及びコンピュータ可読媒体","インスティトゥト・ヘミー・ビオオルガニチネイ・ペアエヌ,ロベルト・ヘンリク・ヴァシレヴィチ","A61B3/16,A61B5/16,130,A61B5/1455,A61B5/022,400@H,A61B5/029,A61B5/02,310@V,G16H50/50","特開2021-168913","","","","","https://www.j-platpat.inpit.go.jp/c1800/PU/JP-2021-168913/F792DCC8E481E2A9D523DBA3DA15F8D1BA3DBBCA307333A6E8F72356CE86607B/11/ja"
"特開2021-168901","特願2021-000471","2021/01/05","2021/10/28","認知症兆候判別プログラム","ＡＳＳＥＳＴ株式会社","A61B10/00@H,G06F3/01,590","特開2021-168901","","","","","https://www.j-platpat.inpit.go.jp/c1800/PU/JP-2021-168901/EA71D79CBE91990B97658DE065079AE809AB5A79C1E29ED570092CF58D373A82/11/ja"
"特開2021-168746","特願2020-072121","2020/04/14","2021/10/28","サンドバッグおよび管理サーバおよび運動量計測方法","和泉　宏治","A63B69/22,A63B69/34,A63B69/00,513@D,G09F19/00@Z","特開2021-168746","","","","","https://www.j-platpat.inpit.go.jp/c1800/PU/JP-2021-168746/8083B7ECC55D75036EF6F8C78C15E998B2D755C2869722A4EE217B3DAB74F85E/11/ja"
"特許6955295","特願2021-022428","2021/02/16","2021/10/27","識別装置、識別プログラム、および識別方法","株式会社アーバンエックステクノロジーズ","G06T7/00,650@A,G06T7/00,350@B,G01B11/30@A,G08G1/00@J,G06T7/00,650","特開2022-124663","","特許6955295","","","https://www.j-platpat.inpit.go.jp/c1800/PU/JP-6955295/2E854D615233EED763BEA761E4C5690562A2EF5F16C8D4E57C4FDED11BFD4651/15/ja"
"特許6955286","特願2020-159385","2020/09/24","2021/10/27","不正経費検出プログラム","ＡＳＳＥＳＴ株式会社","G06Q40/00,400,G06Q40/12","特開2022-052879","","特許6955286","","","https://www.j-platpat.inpit.go.jp/c1800/PU/JP-6955286/54268985CA32A552332E36FB81CCE637F5B098C838095956502F1FC9B18A8816/15/ja"
"特許6955079","特願2020-207895","2020/12/15","2021/10/27","学習支援装置、学習支援方法及びコンピュータプログラム","株式会社ナガセ","G09B19/00@H,G09B7/04,G06Q50/20","特開2022-094804","","特許6955079","","","https://www.j-platpat.inpit.go.jp/c1800/PU/JP-6955079/7977A13026CCE4277A72A89F9B950F66084A9A24A338EA7FC218804A369EDD2D/15/ja"
"特許6954716","特願2021-500968","2020/09/07","2021/10/27","仮想旅行提供方法","株式会社ロゼッタ","G06Q50/14","WO2022/049774","","特許6954716","","","https://www.j-platpat.inpit.go.jp/c1800/PU/JP-6954716/F2EB6FD9E1235AF3F5A3A7D78E4824773C8C327FFF4656B98220D4C4B91873FB/15/ja"
"特許6954550","特願2021-529761","2020/12/11","2021/10/27","体調変化検知装置、及び体調変化管理システム","株式会社メッツ,島崎　拓則,有限会社エムズ","A61B5/01,350,A61B5/00,102@A,A61B5/02,310@B,A61B5/11,200,G08B21/02,G08B25/04@K","WO2021/234986","","特許6954550","","","https://www.j-platpat.inpit.go.jp/c1800/PU/JP-6954550/6E5452C2252E4228C7AA579575F255DB2A3E4173A3226FC1D07C99AAC4B009B7/15/ja"
"特許6954549","特願2021-099311","2021/06/15","2021/10/27","エンティティとインテントとコーパスの自動生成装置及びプログラム","ソプラ株式会社","G06F40/279,G06F16/90,100,G06F16/36","特開2022-190845","","特許6954549","","","https://www.j-platpat.inpit.go.jp/c1800/PU/JP-6954549/5B3719A64F765855C855E43C8F94C9E53BA6F3F962F2A985A3370DA762D04994/15/ja"
"特許6953038","特願2020-074256","2020/04/17","2021/10/27","在庫管理支援装置および在庫管理支援プログラム","小山　太一","G06Q30/06,300,G06Q10/08,330,G06Q10/087,G06Q30/0601","特開2021-174016","","特許6953038","","","https://www.j-platpat.inpit.go.jp/c1800/PU/JP-6953038/F53B0D60B31943AC2742295DD0A27EBBEDD140F06385F4134C72935C7A5354A0/15/ja"
"特表2022-532466","特願2021-549530","2020/12/09","2021/10/21","ニューラルネットワークに基づく量子誤り訂正復号方法、装置、チップ、コンピュータ機器、及びコンピュータプログラム","▲騰▼▲訊▼科技（深▲セン▼）有限公司","G06N10/00,G06N3/02,H03M13/37","特表2022-532466","","特許7186891","","","https://www.j-platpat.inpit.go.jp/c1800/PU/JP-2022-532466/28F0012F75F4AEB55D9EDEB813F9D76CEBCC756920ACED1E9F0AC13BFFC4D157/11/ja"
"特表2022-532469","特願2021-553277","2021/01/22","2021/10/21","量子回路のフォールトトレランス・誤り訂正・復号方法、装置及びチップ並びにコンピュータプログラム","テンセント・テクノロジー・（シェンジェン）・カンパニー・リミテッド","G06N10/00,H03M13/37,G06F11/08,G06N10/70","特表2022-532469","","特許7182015","","","https://www.j-platpat.inpit.go.jp/c1800/PU/JP-2022-532469/2E378D2C5049A5FD6A09A86E87E196946A3A9B949BA369E0EEC4854FD9224E6D/11/ja"
"特表2023-504668","特願2022-533194","2021/02/24","2021/10/21","情報処理方法、情報処理システム、情報処理装置、コンピュータ機器及びコンピュータプログラム","▲騰▼▲訊▼科技（深▲セン▼）有限公司","A63F13/87,A63F13/35,A63F13/79,500","特表2023-504668","","","","","https://www.j-platpat.inpit.go.jp/c1800/PU/JP-2023-504668/0BC035215DDBF9A59072E62246C0DCAA2BA7CDC9D00E70DD9B499A08279A9DA4/11/ja"
"特表2022-533321","特願2021-564607","2021/03/01","2021/10/21","仮想オブジェクトの制御方法、装置、デバイス及びコンピュータプログラム","▲騰▼▲訊▼科技（深▲セン▼）有限公司","A63F13/56,A63F13/5372,A63F13/426,A63F13/69,G06F3/04842,G06F3/0488","特表2022-533321","","","","","https://www.j-platpat.inpit.go.jp/c1800/PU/JP-2022-533321/94E840DF668CE88F82F7F28A6608227ADF798A7361F351B45008E7F58A8EE8F2/11/ja"
"特開2021-168195","特願2021-117979","2021/07/16","2021/10/21","顔画像の分類方法、装置、電子機器及び記憶媒体","ベイジン　バイドゥ　ネットコム　サイエンス　アンド　テクノロジー　カンパニー　リミテッド","G06T7/00,660@A,G06T7/00,300@F","特開2021-168195","","","","","https://www.j-platpat.inpit.go.jp/c1800/PU/JP-2021-168195/E3FCDFBE0EB4A18774008E217D16FAA64CB282778B2F2A01E5A341F5326DFE38/11/ja"
"特開2021-168175","特願2021-112896","2021/07/07","2021/10/21","起業家による起業を支援するためのコンピュータシステム、そのコンピュータシステムにおいて実行される方法およびプログラム","スクエアワン株式会社","G06Q50/10","特開2021-168175","","","","","https://www.j-platpat.inpit.go.jp/c1800/PU/JP-2021-168175/351ACA377663D19391755A7E634A71454C3282C7DEFD90C4D8DE498F6447348B/11/ja"
"特開2021-168174","特願2021-112735","2021/07/07","2021/10/21","車両整列情報を特定する方法及び装置、電子機器、路側機器、クラウド制御プラットフォーム、記憶媒体並びにコンピュータプログラム製品","北京百度網訊科技有限公司","G06T7/00,650@B,G06T7/00,350@C,G08G1/04@D,G06T7/00,650","特開2021-168174","","","","","https://www.j-platpat.inpit.go.jp/c1800/PU/JP-2021-168174/2BD4708EA552AB3721505C94DDF9D084C7FD3D28F6FB3914B65EB01EEDA2EAAC/11/ja"
"特開2021-168167","特願2021-109603","2021/06/30","2021/10/21","画像処理装置及び画像処理方法、並びに移動体","ソニーグループ株式会社","G08G1/16@F,G06T7/20,300@B,G06T7/00,650@Z,G06T7/00,650","特開2021-168167","","","","","https://www.j-platpat.inpit.go.jp/c1800/PU/JP-2021-168167/953737E9CC50FA008288498CCA52C9115F55985208086F3D385927D0FCE4B222/11/ja"
"特開2021-168144","特願2021-099127","2021/06/15","2021/10/21","データ収集装置、道路状態評価支援装置、及びプログラム","株式会社ユピテル","G08G1/00@J,G08G1/13,G07C5/00@Z,G16Y10/40,G16Y40/10","特開2021-168144","","特許7195021","","","https://www.j-platpat.inpit.go.jp/c1800/PU/JP-2021-168144/31C0465169B0E6EE757B14BB3F64BCF3A19FDEE51AFF74498AD874D613636A8A/11/ja"
"特開2021-168139","特願2021-087333","2021/05/25","2021/10/21","マンマシンインタラクションのための方法、装置、機器および媒体","ベイジン　バイドゥ　ネットコム　サイエンス　アンド　テクノロジー　カンパニー　リミテッド","G06T13/40,G10L15/00,200@Z,G10L13/00,100@M,G06F3/16,650,G06F3/16,690,G06F3/01,510","特開2021-168139","","","","","https://www.j-platpat.inpit.go.jp/c1800/PU/JP-2021-168139/5E48130F188AFBD7362837A828E096FD1457FC6C07D19F3EC201969AB4CBF63C/11/ja"
"特開2021-168132","特願2021-065959","2021/04/08","2021/10/21","改善されたマルチプライヤ回路","ベリシリコン　ホールディングス　カンパニー　リミテッド,ベリシリコン　マイクロエレクトロニクス（シャンハイ）　カンパニー　リミテッド","G06F17/16@F","特開2021-168132","","","","","https://www.j-platpat.inpit.go.jp/c1800/PU/JP-2021-168132/946379CDA306671162F7D94E7AB0F24E4DE5807807CA49B68AEDBC69A0001671/11/ja"
"特開2021-168128","特願2021-061617","2021/03/31","2021/10/21","人材需要予測方法、装置、電子デバイス、コンピュータ可読記憶媒体及びコンピュータプログラム","百度在線網絡技術（北京）有限公司","G06Q10/10,322,G06Q10/1053","特開2021-168128","","","","","https://www.j-platpat.inpit.go.jp/c1800/PU/JP-2021-168128/D649844ACDDE657B63F05990FC983BF5A7D43BFBCB04A04A0F16D74D2D0A4F6F/11/ja"
"特開2021-168125","特願2021-056068","2021/03/29","2021/10/21","スマート応答方法及び装置、電子機器、記憶媒体並びにコンピュータプログラム","北京百度网▲訊▼科技有限公司","G06F16/90,100","特開2021-168125","","","","","https://www.j-platpat.inpit.go.jp/c1800/PU/JP-2021-168125/396ADCCAFF157E4F84A91623F77A6B9EDD3B8675DB7E48AE2470595ED0AA5773/11/ja"
"特開2021-168114","特願2021-034929","2021/03/05","2021/10/21","ニューラルネットワーク及びその訓練方法","富士通株式会社","G06N3/04,154,G06N3/08,G06N20/00,G06T7/00,350@C,G06N3/045,G06N3/0464","特開2021-168114","","","","","https://www.j-platpat.inpit.go.jp/c1800/PU/JP-2021-168114/7EBE91CB4AEF94A7B9A45607EFD606C5C9FF8BED0EE28FBE6130FD0F6D77B490/11/ja"
"特開2021-168094","特願2020-071925","2020/04/13","2021/10/21","学習データ作成システム、学習データ作成方法、および学習済みモデル","株式会社イーアイアイ,大栄環境株式会社","G06T7/00,350@B","特開2021-168094","","","","","https://www.j-platpat.inpit.go.jp/c1800/PU/JP-2021-168094/BB2D5F99DA195F89464784383F9A1C3A0311453A52E89146EA6C654B88BABE1D/11/ja"
"特開2021-168067","特願2020-071648","2020/04/13","2021/10/21","人工頭脳システム及びそれに用いられる智識装置","増田　和宏,一般社団法人ニューロンナレッジ人工知能研究所","G06N5/02,120,G06N20/00,G06N5/022","特開2021-168067","","特許7193870","","","https://www.j-platpat.inpit.go.jp/c1800/PU/JP-2021-168067/167C33B18D985481F55A5BF5455C3EA287AD8C9C4DD3BDA671AB8015A228D644/11/ja"
"特開2021-168055","特願2020-071424","2020/04/13","2021/10/21","情報処理装置、アノテーション評価プログラム、及びアノテーション評価方法","カラクリ株式会社","G06N20/00","特開2021-168055","","","","","https://www.j-platpat.inpit.go.jp/c1800/PU/JP-2021-168055/59E21BCBA9D6CDA8D7664002B226909372BDE8B49A9758F6048E64BE5DA757C7/11/ja"
"特開2021-168052","特願2020-071348","2020/04/10","2021/10/21","健康情報管理装置、健康情報管理システム、健康情報管理方法、健康情報管理プログラム、及びデータ構造","株式会社ＰＲＯＳＰＥＣＴ","G16H10/00,G16H10/60,G16H20/10,G16H15/00","特開2021-168052","","","","","https://www.j-platpat.inpit.go.jp/c1800/PU/JP-2021-168052/64C6931D62E55675D20B81718A21DBE74F9A47A0A45C275DA4B673D82D12D44D/11/ja"
"特開2021-168042","特願2020-071101","2020/04/10","2021/10/21","情報処理装置、情報処理方法及びプログラム","株式会社アラヤ","G06N20/00,130,G06N3/08,G06N5/04,G06F17/16@P,G06N3/0495,G06N3/09","特開2021-168042","","","","","https://www.j-platpat.inpit.go.jp/c1800/PU/JP-2021-168042/EDE3E59BFBB37CE3813F2DA92D25F73F236182B8079B085B5F90D07A5DB6F035/11/ja"
"特開2021-168026","特願2020-070739","2020/04/10","2021/10/21","緊急通報システム","譜久山　満","G08B25/04@K,G08B21/02,A61B5/00,102@C,G08B25/00,510@K,G08B25/00,510@L,H04M11/00,303","特開2021-168026","","","","","https://www.j-platpat.inpit.go.jp/c1800/PU/JP-2021-168026/A62DAD7B7F42CAB4C27584931409D79184A3346E563742DEB0AF18E50AEF826C/11/ja"
"特開2021-168020","特願2020-070652","2020/04/09","2021/10/21","音声入力装置","鈴木　励至","G06F3/16,610,G06F3/16,620,G06F3/16,650,G06F3/0488,160,G10L15/22,470@Z,G10L15/22,460,G06F3/04886","特開2021-168020","","特許7109498","","","https://www.j-platpat.inpit.go.jp/c1800/PU/JP-2021-168020/C0E3439B71C39D1A6471343E50FEAEF7EE54E5DF25785515A604D2EB4566616C/11/ja"
"特開2021-167977","特願2021-120083","2021/07/21","2021/10/21","音声信号処理方法、音声信号処理装置、電子機器及び記憶媒体","ベイジン　バイドゥ　ネットコム　サイエンス　アンド　テクノロジー　カンパニー　リミテッド","G10L21/0208,100@Z,G10L15/20,370@D,G10L21/0272,100@Z,G10L21/0208,100@B","特開2021-167977","","特許7214798","","","https://www.j-platpat.inpit.go.jp/c1800/PU/JP-2021-167977/6469A3A3553C7EF5D57B12E766494A51BC54D9A27EA0B85029AE29A5296AB1C2/11/ja"
"特開2021-167975","特願2021-118086","2021/07/16","2021/10/21","可動レーザビームを備えたモジュール式対物アセンブリ","ハミルトン－ソーン　インコーポレイテッド","G02B21/00,G02B21/06","特開2021-167975","","","","","https://www.j-platpat.inpit.go.jp/c1800/PU/JP-2021-167975/56EE1C28B36B9D839F6EFCB257C9165D730A91293053B007F78B0F77912B661D/11/ja"
"特開2021-166925","特願2021-124339","2021/07/29","2021/10/21","医用画像診断装置及び医用画像診断システム","キヤノンメディカルシステムズ株式会社","A61B6/00,320@Z,A61B6/00,300@X,A61B6/00,300@D","特開2021-166925","","特許7214802","","","https://www.j-platpat.inpit.go.jp/c1800/PU/JP-2021-166925/75323DF745F925ECC31F06D2B49E61AF7410841AF43A6D6725915D73EF200AC4/11/ja"
"特開2021-166904","特願2021-123901","2021/07/29","2021/10/21","眼科装置","株式会社トプコン","A61B3/10,100","特開2021-166904","","特許7106728","","","https://www.j-platpat.inpit.go.jp/c1800/PU/JP-2021-166904/0741B4133BEB7788492FA8FAB8BFCA3BEF9E3C7403924542FB511AE3B3E619C4/11/ja"
"特開2021-166847","特願2021-119485","2021/07/20","2021/10/21","ストリーミングビデオデータの管理","スキルズ　インコーポレイテッド","A63F13/86,H04N21/2668,H04N21/4728,A63F13/525,A63F13/497","特開2021-166847","","特許7194785","","","https://www.j-platpat.inpit.go.jp/c1800/PU/JP-2021-166847/423C0E17D47820AABB6EF9B66A355CF1BADABDC4E04F77C620EF733B6CD5EA8D/11/ja"
"特開2021-166751","特願2021-109792","2021/07/01","2021/10/21","感情状態推定要求と返信情報とのやり取り方法","株式会社ワコム","A61B5/16,120,A61B5/16,110,G06F3/01,515,G06F3/03,400@Z,G06F3/03,400@A,G06F3/046@A,G06F3/041,580","特開2021-166751","","特許7108752","","","https://www.j-platpat.inpit.go.jp/c1800/PU/JP-2021-166751/12DE5BAE451B975B4EC0A750F9D6D64064B08EC74CE30829782373E0507960F7/11/ja"
"特開2021-166671","特願2020-071725","2020/04/13","2021/10/21","ゲームプログラム、ゲームシステム、及びコンピュータ","株式会社カプコン","A63F13/216,A63F13/30,A63F13/822,A63F13/65,A63F13/69,A63F13/847","特開2021-166671","","","拒絶2022-019626","","https://www.j-platpat.inpit.go.jp/c1800/PU/JP-2021-166671/0AC2EA4151B6A23545ABA10B13B2CF052B69A915B57BCD3A930EFCB18A380EF3/11/ja"
"特開2021-166664","特願2020-071529","2020/04/13","2021/10/21","認知症経過判別プログラム","ＡＳＳＥＳＴ株式会社","A61B10/00@H,G10L15/00,200@L,G10L15/18,300@G,G16H50/20,G06T7/20,300@B,G06T7/00,612","特開2021-166664","","","","","https://www.j-platpat.inpit.go.jp/c1800/PU/JP-2021-166664/DA110D09EF3B97342381C3050350D474A386A12C12E8440C33CADC1ED5B93E42/11/ja"
"特開2021-166637","特願2020-071175","2020/04/10","2021/10/21","高熱者検出方法、高熱者検出装置、および高熱者検出システム","株式会社東芝,東芝デジタルソリューションズ株式会社","A61B5/01,350,A61B5/00,102@B,G08B21/02,G08B25/04@K,G06Q50/22,G16H50/00,G06T7/00,660@A","特開2021-166637","","","","","https://www.j-platpat.inpit.go.jp/c1800/PU/JP-2021-166637/A074BAC7FAD71165EA3720D8895E4557611610BEF411BF2CCC50B621F143E8DA/11/ja"
"特許6951004","特願2021-055158","2021/03/29","2021/10/20","情報処理システム及び仮想人材","株式会社ｐｌｕｓｚｅｒｏ","G06Q10/10,320,G06Q50/10,G06Q10/105","特開2022-152397","","特許6951004","","","https://www.j-platpat.inpit.go.jp/c1800/PU/JP-6951004/312FBD8DA172EC87F97F0A904CCF157BF15398333FBC7103DD46CDB4DDD2324D/15/ja"
"特表2023-503874","特願2022-529073","2021/02/23","2021/10/14","データ同期方法、装置、端末、サーバ及びコンピュータプログラム","▲騰▼▲訊▼科技（深▲セン▼）有限公司","H04L67/131,A63F13/837,A63F13/358,A63F13/577","特表2023-503874","","","","","https://www.j-platpat.inpit.go.jp/c1800/PU/JP-2023-503874/8BA0DB652CD3EB13A4B5C1B2DC9E962B3C46F2FEE3571EA39C5F279D2D581466/11/ja"
"特表2022-532009","特願2021-545445","2021/02/26","2021/10/14","分子結合部位検出方法、装置、電子機器及びコンピュータプログラム","▲騰▼▲訊▼科技（深▲セン▼）有限公司","G16B15/30,G06T7/00,350@C,G06T7/521,G06N3/02","特表2022-532009","","","","","https://www.j-platpat.inpit.go.jp/c1800/PU/JP-2022-532009/4A908CBACBEBCBBE891094D9495BAACB2A3D0806B9936B6D1CFE5F3F06706C54/11/ja"
"特表2022-531770","特願2021-564807","2021/03/11","2021/10/14","仮想環境画面の表示方法、装置、機器およびコンピュータプログラム","▲騰▼▲訊▼科技（深▲セン▼）有限公司","A63F13/5255,A63F13/5252,G06F3/0488,160,G06F3/0484,150","特表2022-531770","","","","","https://www.j-platpat.inpit.go.jp/c1800/PU/JP-2022-531770/71F05E4FF8859856826E78A6D2963FF3CB7BDFC54E6EAF68282EC1E5B59D46AB/11/ja"
"特表2022-531764","特願2021-564608","2021/03/11","2021/10/14","仮想環境の画面表示方法、装置、機器及びコンピュータプログラム","▲騰▼▲訊▼科技（深▲セン▼）有限公司","A63F13/52,A63F13/55,A63F13/5252,A63F13/537,A63F13/426,G06F3/0481,150","特表2022-531764","","","","","https://www.j-platpat.inpit.go.jp/c1800/PU/JP-2022-531764/C1206C472AEC73EC29DC7224014FDB1E1ABF6B3CD40C23A14DD88D0AAAE8917C/11/ja"
"特開2021-166401","特願2021-110576","2021/07/02","2021/10/14","電子機器のパスワード更新方法、装置、機器及び記憶媒体","アポロ　インテリジェント　コネクティビティ　（ベイジン）　テクノロジー　カンパニー　リミテッド","H04L9/00,673@B,G06F21/45,G06F21/60,320,H04L9/32,100@B","特開2021-166401","","","","","https://www.j-platpat.inpit.go.jp/c1800/PU/JP-2021-166401/08308840CFB47B51B89B4B7BF13EFF4D87F34754D6A3571D7C673274689EFA07/11/ja"
"特開2021-166383","特願2021-057496","2021/03/30","2021/10/14","馬情報配信システム","株式会社デジマース","H04N21/2343,G06F13/00,540@A,H04N21/2187,G03B37/00@Z,G03B15/00@W,G06Q50/34,H04L67/00","特開2021-166383","","","","","https://www.j-platpat.inpit.go.jp/c1800/PU/JP-2021-166383/B8B676C50AD9EB5FA260610CA2038855CA8A812C5E3DF7E8EBDA177602F4BEAA/11/ja"
"特開2021-166109","特願2021-121052","2021/07/21","2021/10/14","融合順序付けモデルの訓練方法と装置、検索の順序付け方法と装置、電子デバイス、記憶媒体、及びプログラム","ベイジン　バイドゥ　ネットコム　サイエンス　アンド　テクノロジー　カンパニー　リミテッド","G06F16/9038,G06F16/9035","特開2021-166109","","","","","https://www.j-platpat.inpit.go.jp/c1800/PU/JP-2021-166109/A637DBC6DCD8B31F56040AA76688B3F0290C9A955BAF3548535BC807C0755551/11/ja"
"特開2021-166090","特願2021-113766","2021/07/08","2021/10/14","商品情報管理システム及びサービス情報管理システム","株式会社すなおネット","G06Q30/02,470,G06Q30/00,340,G06Q30/015,G06Q30/018","特開2021-166090","","特許6980328","","","https://www.j-platpat.inpit.go.jp/c1800/PU/JP-2021-166090/DB79391DDB47A527402AF5FB8986AE7343BC0640A92638D9583D5ED50CD5D7BA/11/ja"
"特開2021-166075","特願2021-106266","2021/06/28","2021/10/14","画像の投影方法、装置、デバイス及び記憶媒体","アポロ　インテリジェント　コネクティビティ　（ベイジン）　テクノロジー　カンパニー　リミテッド","G06T7/70,H04N5/74@Z,G06T7/00,650","特開2021-166075","","","","","https://www.j-platpat.inpit.go.jp/c1800/PU/JP-2021-166075/D07D42D5A4E2FB36045969A34398676F122EC09ECB94818F58FE207922B475C4/11/ja"
"特開2021-166070","特願2021-103269","2021/06/22","2021/10/14","文書比較方法、装置、電子機器、コンピュータ読取可能な記憶媒体及びコンピュータプログラム","北京百度網訊科技有限公司","G06F40/194,G06F16/383,G06K9/20,340@C,G06V30/412","特開2021-166070","","","","","https://www.j-platpat.inpit.go.jp/c1800/PU/JP-2021-166070/795460402B4BEC4A26724D5AB3622D0E0C08C9CC248A72C87F3E72DFC02707F0/11/ja"
"特開2021-166066","特願2021-100928","2021/06/17","2021/10/14","ビデオにおけるキーロゴの認識方法、装置、設備、記憶媒体、及びプログラム","ベイジン　バイドゥ　ネットコム　サイエンス　アンド　テクノロジー　カンパニー　リミテッド","G06T7/11,G06V10/25,G06V20/40","特開2021-166066","","特許7209044","","","https://www.j-platpat.inpit.go.jp/c1800/PU/JP-2021-166066/DF0CEECA851EB268BA4BAF02C7F209AA626CC39AE81DC454D76FC66B7A35BD08/11/ja"
"特開2021-166037","特願2021-022896","2021/01/07","2021/10/14","治療に伴う検査データの予測、記録、比較装置","株式会社ＡｎｃｉｅｎｔＴｒｅｅ,降旗　謙一","G16H20/00","特開2021-166037","","","","","https://www.j-platpat.inpit.go.jp/c1800/PU/JP-2021-166037/716A5593D1F23124B5AF501B29C2CDC9BEDA7B9A8304D094F0F8BC11B3671386/11/ja"
"特開2021-165998","特願2020-069808","2020/04/08","2021/10/14","異常監視支援装置、プログラム及び方法","沖電気工業株式会社","G06F21/55,320","特開2021-165998","","","","","https://www.j-platpat.inpit.go.jp/c1800/PU/JP-2021-165998/5ADEE5600065E2FB68F90C9E4A0EFE9EA965B924F948A6A1C77ABB62EE5CE455/11/ja"
"特開2021-165974","特願2020-069514","2020/04/08","2021/10/14","情報処理装置、情報処理方法、及びプログラム","株式会社アクセア","G06Q30/06,350,G06Q30/0645","特開2021-165974","","","","","https://www.j-platpat.inpit.go.jp/c1800/PU/JP-2021-165974/AA08A49F22247AB8F19DEC7C4B77B88061F59F0C1E7F983C3035BFAAABAA47AE/11/ja"
"特開2021-165937","特願2020-069014","2020/04/07","2021/10/14","情報処理装置、情報処理方法およびプログラム","株式会社ロイヤリティマーケティング","G06Q30/02,370,G06Q30/0235","特開2021-165937","","","","","https://www.j-platpat.inpit.go.jp/c1800/PU/JP-2021-165937/1AA1347739429A43C792982B0896A7C3E63D3195A81643BC7E8582F232249EC8/11/ja"
"特開2021-165885","特願2020-068299","2020/04/06","2021/10/14","エボルブテクノロジー社製の危険物検知ゲートシステムと組み合わせて使用されるゲート装置","ナスクインターナショナル株式会社","G07C9/00,G06Q50/16,G07B15/00@M","特開2021-165885","","","","","https://www.j-platpat.inpit.go.jp/c1800/PU/JP-2021-165885/AD3BF0427A70A30DC62950E2639F6627FA2E20CAC2616F1021BADEF94954F34F/11/ja"
"特開2021-165867","特願2019-228337","2019/12/18","2021/10/14","データ処理方法および関連製品","カンブリコン　テクノロジーズ　コーポレーション　リミテッド","G06F11/36,192,G06F9/44,G06N20/00,G06F11/36,196","特開2021-165867","","特許7106513","","","https://www.j-platpat.inpit.go.jp/c1800/PU/JP-2021-165867/64D0F426C6D33D1BBBBD7C2E7F61E525382E02ED0EC9803C645ECD080020EC73/11/ja"
"特開2021-165822","特願2020-070006","2020/04/08","2021/10/14","音声対話装置、音声対話装置の制御方法及びプログラム","キヤノン株式会社","G10L15/22,460@D,G10L15/10,500@Z,G10L13/00,100@M,G10L15/22,460@Z,G06F3/16,650","特開2021-165822","","","","","https://www.j-platpat.inpit.go.jp/c1800/PU/JP-2021-165822/E450F8A203467C74FAE210FBAD5ED81811DD78EF3B7698181552F77D84C2D9C0/11/ja"
"特開2021-165731","特願2021-032607","2021/03/02","2021/10/14","測位方法、装置、コンピューティングデバイス、およびコンピュータ可読記憶媒体","ベイジン　バイドゥ　ネットコム　サイエンス　アンド　テクノロジー　カンパニー　リミテッド","G01C21/30,G01S17/89","特開2021-165731","","","","","https://www.j-platpat.inpit.go.jp/c1800/PU/JP-2021-165731/D5F5D885BF6D33240489082D8BC6A2FD12C34FA82BB74BF027B5BA4467F20846/11/ja"
"特開2021-165722","特願2020-069979","2020/04/08","2021/10/14","セメント質硬化体の表面における白華の発生可能性の評価方法","太平洋セメント株式会社","G01N33/38,G01N23/046","特開2021-165722","","","","","https://www.j-platpat.inpit.go.jp/c1800/PU/JP-2021-165722/45DFC8F725694D9085BF7D688DD9D24F23FAAF6D405E4C7DB840D3E4D4179153/11/ja"
"特開2021-165683","特願2020-069295","2020/04/07","2021/10/14","排ガス通路内壁面の付着物厚み推定方法及び装置","ＪＦＥエンジニアリング株式会社,日本原子力発電株式会社","G01B21/08,G01B15/02@Z,G01B11/06@Z,F27D21/00@A","特開2021-165683","","","","","https://www.j-platpat.inpit.go.jp/c1800/PU/JP-2021-165683/2B83131863124336BC8F457931C0B2ED703BBBA4B635E155822AA4FFB1E33D17/11/ja"
"特開2021-165682","特願2020-069294","2020/04/07","2021/10/14","排ガス通路内壁面の付着物厚み推定方法及び装置","ＪＦＥエンジニアリング株式会社","G01B11/06@Z","特開2021-165682","","","","","https://www.j-platpat.inpit.go.jp/c1800/PU/JP-2021-165682/23427C35377C0F6229AB27C5D0D84197C75BF08D89D26B1B1A26D0280D86AD59/11/ja"
"特開2021-165621","特願2020-069809","2020/04/08","2021/10/14","リーファーコンテナ","岡村　宏,日栄インテック株式会社","F25D11/00,101@D,F25D23/00,301@N,B65D88/74,B65D88/12@W,H02K7/18@B","特開2021-165621","","","","","https://www.j-platpat.inpit.go.jp/c1800/PU/JP-2021-165621/67EEE0C3BD234345A942F863967EDAC1C864D8FB8FFA618B1F9854FAE095077E/11/ja"
"特開2021-165414","特願2020-068684","2020/04/06","2021/10/14","炉況評価装置、炉況評価方法、及び炉況評価プログラム、並びに、学習済みモデルの生成方法","日本製鉄株式会社","C21B7/24,C21B5/00,323","特開2021-165414","","","","","https://www.j-platpat.inpit.go.jp/c1800/PU/JP-2021-165414/800CAE0493BB64F7EA9D8DB0BB7BA627162302BEDE7A368D813C36E6EF6B483E/11/ja"
"特開2021-165346","特願2020-069130","2020/04/07","2021/10/14","コークス炉操業データの監視方法","日本製鉄株式会社","C10B21/10,C10B57/00,C10B41/02","特開2021-165346","","","","","https://www.j-platpat.inpit.go.jp/c1800/PU/JP-2021-165346/55C8EB2BC48FA8E141B86048F9BF3FB1DB180DC34A975F372CB12AE152186F00/11/ja"
"特開2021-165303","特願2021-112754","2021/07/07","2021/10/14","有害生物防除組成物および防除方法","住友化学株式会社","A01N53/10,210,A01P7/04,A01N25/04,102,A01M1/20@A,A01M1/02@B","特開2021-165303","","","","","https://www.j-platpat.inpit.go.jp/c1800/PU/JP-2021-165303/81935A851950A6D7D1B799894CB2306F463FA8839AD133122F48033E4FE3B38E/11/ja"
"特開2021-165297","特願2021-111107","2021/07/02","2021/10/14","有害生物防除方法","住友化学株式会社","A01N37/36,A01P21/00,A01P19/00,A01P17/00,A01P7/00,A01P9/00,A01P3/00,A01N43/28,A01N43/90,102,A01N47/38@C,A01N47/12@B,A01N37/52,A01N37/44,A01N37/50,A01N43/30,A01N43/32,A01N43/56@B,A01N43/40,101@A,A01N41/10@Z,A01N47/12@A,A01N47/22@Z,A01N43/88,A01N43/653@Q,A01G13/00@A,A01C1/08,A01M1/02@B,A01M1/20@A,A01M17/00@B,A01M29/12","特開2021-165297","","","","","https://www.j-platpat.inpit.go.jp/c1800/PU/JP-2021-165297/6D7E0A5A45D1C3664DB7E009A7BE908DE002A07CED2D44C7B823BC25898E0E7C/11/ja"
"特開2021-165035","特願2021-042074","2021/03/16","2021/10/14","データ出力装置、立体造形システムおよびデータ出力方法","株式会社リコー","B29C64/386,B29C64/393,B33Y50/02,B33Y50/00,B33Y10/00,B33Y30/00,B29C64/106","特開2021-165035","","","","","https://www.j-platpat.inpit.go.jp/c1800/PU/JP-2021-165035/A38CCD6962E5852214620D079EAA03919B34132EE86216372C8C5D9154F5223E/11/ja"
"特開2021-164663","特願2021-103005","2021/06/22","2021/10/14","医用画像処理方法及び医用画像処理装置","株式会社トプコン","A61B3/10,G06T7/00,350@C,G06T3/40,725,G06T7/00,612","特開2021-164663","","","","","https://www.j-platpat.inpit.go.jp/c1800/PU/JP-2021-164663/AA22E4FEA2C497A0AC3064356EDBF204063867E8D950D2D5F448CBED044023DC/11/ja"
"特開2021-164641","特願2021-065012","2021/04/06","2021/10/14","マンモグラフィにおけるユーザおよび／または患者の経験の改善のための方法およびシステム","ジーイー・プレシジョン・ヘルスケア・エルエルシー","A61B6/00,330@Z,A61B6/02,301@A,A61B6/08,310","特開2021-164641","","","","","https://www.j-platpat.inpit.go.jp/c1800/PU/JP-2021-164641/49D7722C3B3EA94FEC13E44EE84E0BBE8393979193254F9978DE61834BD67463/11/ja"
"特開2021-164578","特願2020-069194","2020/04/07","2021/10/14","コンピュータシステムおよび大会の管理方法","株式会社カプコン","A63F13/71,A63F13/75,A63F13/79","特開2021-164578","","特許7157341","","","https://www.j-platpat.inpit.go.jp/c1800/PU/JP-2021-164578/BA7952A801E29960812BBF88A0299D6D82808ACA6C24B5EC4DF6324330EA2741/11/ja"
"特開2021-164569","特願2020-068965","2020/04/07","2021/10/14","超音波診断装置、およびプログラム","キヤノンメディカルシステムズ株式会社","A61B8/14","特開2021-164569","","","","","https://www.j-platpat.inpit.go.jp/c1800/PU/JP-2021-164569/B6F3B208AC49110551787B4E5C144094767B019104870DFE8D98C9687BE8EC92/11/ja"
"特開2021-164538","特願2020-068729","2020/04/07","2021/10/14","診断支援システム、診断支援装置及びプログラム","コニカミノルタ株式会社","A61B5/00@G,A61B6/03,360@D,A61B6/03,360@Q,A61B6/03,360@T,G16H50/20,G06N20/00,G06T7/00,350@B,G06T7/00,612","特開2021-164538","","","","","https://www.j-platpat.inpit.go.jp/c1800/PU/JP-2021-164538/BF0C45D383D4505EC3F271178D78EF274F2E0BF43DDA26D3344BBE67050F611A/11/ja"
"特開2021-164535","特願2020-068611","2020/04/06","2021/10/14","画像処理装置、画像処理方法、及びプログラム","キヤノン株式会社","A61B3/10,100,G01N21/17,630,G06T1/00,290,G06T3/40,725,G06T7/00,350@C,G06T7/00,612","特開2021-164535","","","","","https://www.j-platpat.inpit.go.jp/c1800/PU/JP-2021-164535/B6CEDC09484A279379E1C3584F9E542BA1B38D52B1B6FF188F3F1E07D9FFFE45/11/ja"
"特許6949341","特願2021-038519","2021/03/10","2021/10/13","プログラムコード自動生成装置及びプログラム","ソプラ株式会社","G06F8/30,G06F40/30,G06N3/02,G06N20/00","特開2022-138568","","特許6949341","","","https://www.j-platpat.inpit.go.jp/c1800/PU/JP-6949341/D06459F27EF0480BE09B7F6064D82C1C1536A225F1BB34B9DC2B5F1123AAE7A4/15/ja"
"特許6948535","特願2020-177793","2020/10/23","2021/10/13","道路作業システム","株式会社システック,中日本ハイウェイ・エンジニアリング名古屋株式会社","G08G1/00@D,E01H5/04@Z","特開2022-068947","","特許6948535","","","https://www.j-platpat.inpit.go.jp/c1800/PU/JP-6948535/983600ACE13C1D26E65272582395DCA5EE961D49FACAAAA9141CE5CF1C52644F/15/ja"
"特許6948497","特願2020-098564","2020/06/05","2021/10/13","生体情報評価システム及び生体情報評価プログラム","株式会社コスミックコーポレーション,一般社団法人日本甲状腺学会","G16H50/20,A61B5/00@D,G01N33/48@Z,G06N3/02","特開2021-192163","","特許6948497","","","https://www.j-platpat.inpit.go.jp/c1800/PU/JP-6948497/D651F3F99C418CCB88B76DEC82A3B62D0858447136CEDBE0F89DC117E939D40A/15/ja"
"特許6948095","特願2021-124945","2021/07/30","2021/10/13","プログラム、方法、およびシステム","株式会社ＬａＶｉｅｎａ","G16H20/60,G16H20/00","特開2023-019885","","特許6948095","","","https://www.j-platpat.inpit.go.jp/c1800/PU/JP-6948095/6C542D4CA40FE76AEA8BB0932BB7A35FE8A9661433519C4BF57B0AF2B0F17254/15/ja"
"特許6947899","特願2020-193739","2020/11/20","2021/10/13","画像解析システム、画像解析方法、および、画像解析プログラム","株式会社　日立産業制御ソリューションズ","G06F16/783,G06T7/00,660@Z,H04N7/18@D,G08B25/00,510@M","特開2022-082270","","特許6947899","","","https://www.j-platpat.inpit.go.jp/c1800/PU/JP-6947899/6218F8C4E69CB9EA550173E5406AF490F980D8113B8907EE8EB6F3D9721B1283/15/ja"
"特開2021-164135","特願2020-067581","2020/04/03","2021/10/11","映像管理支援システムおよび映像管理支援方法","株式会社東芝,東芝エネルギーシステムズ株式会社","H04N7/18@D,H04N7/18@U,H04N5/77,H04N5/92,010,G06Q10/00,300,G06Q10/20","特開2021-164135","","","","","https://www.j-platpat.inpit.go.jp/c1800/PU/JP-2021-164135/48DE668D429F2DD969DB1509854BDA18944FD2C9EF9B74EFE1542903BF728BC2/11/ja"
"特開2021-164084","特願2020-065361","2020/03/31","2021/10/11","操作装置","株式会社富士通ゼネラル","H04Q9/00,331@A,F24F11/56","特開2021-164084","","","","","https://www.j-platpat.inpit.go.jp/c1800/PU/JP-2021-164084/74F940EFC60827EF49549BAC1D1E765DA6600595F5E5FA422F3CD9C8EF66A821/11/ja"
"特開2021-164047","特願2020-063586","2020/03/31","2021/10/11","制御装置、通信システム、制御方法","株式会社光電製作所,進藤　卓也,平栗　健史","H04W40/12,H04W28/22,H04W84/18","特開2021-164047","","","","","https://www.j-platpat.inpit.go.jp/c1800/PU/JP-2021-164047/F8564B39F2CE903E2A82DE3632A1D1E52C45B4F2874C4A715FDB50D8A22A3A89/11/ja"
"特開2021-164043","特願2020-063431","2020/03/31","2021/10/11","撮影装置、システム及びプログラム","株式会社ユピテル","H04N5/232,220,H04N7/18@D,H04N5/232,300,H04N5/232,060,G07C5/00@Z,G08G1/00@D,G08G1/09@F,G03B15/00@R,G03B15/00@V,G03B15/00@Q,H04N23/60,100,H04N23/60,300,H04N23/661","特開2021-164043","","","","","https://www.j-platpat.inpit.go.jp/c1800/PU/JP-2021-164043/95A7F136F7EF252BE267EFB9D8CEF8BACFD453832D02B30351F4103A1094CE55/11/ja"
"特開2021-164008","特願2020-061465","2020/03/30","2021/10/11","情報処理方法、情報処理装置、プログラム及び情報処理システム","大日本印刷株式会社","H04N7/18@D,G08B25/04@E,G08B25/00,510@M,H04N7/18@K","特開2021-164008","","","","","https://www.j-platpat.inpit.go.jp/c1800/PU/JP-2021-164008/A05C0E999249998D4FF6A4A1D2A0B68BA56FD6D6E2DB4EB76B48BC35D8CC9EE8/11/ja"
"特開2021-163600","特願2020-063379","2020/03/31","2021/10/11","リチウムイオン電池システムおよび電池状態推定システム","ＡＰＢ株式会社,三洋化成工業株式会社","H01M10/48@P,H01M10/052,H02J7/00@Y","特開2021-163600","","","","","https://www.j-platpat.inpit.go.jp/c1800/PU/JP-2021-163600/1B29DB35BEF05B39F6ADDECA6E2D435C7AD8DBEDE3F4BF70B0C565D8B2448E97/11/ja"
"特開2021-163515","特願2021-111364","2021/07/05","2021/10/11","磁気記録媒体","ソニーグループ株式会社","G11B5/70,G11B5/738,G11B5/73,G11B5/714,G11B5/735,G11B5/706,G11B5/78,G11B23/30@E,G11B15/43,G11B23/107","特開2021-163515","","特許6969699","","","https://www.j-platpat.inpit.go.jp/c1800/PU/JP-2021-163515/858BE2210EA32BE2E04C23E2E51FD084474CD62FCF283CDF0483876C0788C5DC/11/ja"
"特開2021-163503","特願2021-062699","2021/04/01","2021/10/11","２次元カメラによる３次元の姿勢推定","ファナック株式会社","G06T7/00,350@C,G06N3/08,G06N20/00,G06N3/0499","特開2021-163503","","","","","https://www.j-platpat.inpit.go.jp/c1800/PU/JP-2021-163503/6BA3B1DDCA4C5EDA6B7EC375D811EEA44A339B2A99E1BACF372C9C5E513FB3B6/11/ja"
"特開2021-163502","特願2021-062641","2021/04/01","2021/10/11","複数の２次元カメラによる３次元の姿勢推定","ファナック株式会社","G06T7/70@Z,G06T7/00,350@C,B25J19/04","特開2021-163502","","","","","https://www.j-platpat.inpit.go.jp/c1800/PU/JP-2021-163502/E499DB36BD0CCE5405EE539FE06C412B319D5520A2B98171E6B202C2C4DF087A/11/ja"
"特開2021-163497","特願2021-059328","2021/03/31","2021/10/11","バイクフィッテイングのための方法及びシステム","巨大機械工業股▲分▼有限公司","G06F30/20,B62J99/00,G06F30/15","特開2021-163497","","","","","https://www.j-platpat.inpit.go.jp/c1800/PU/JP-2021-163497/6A5768854F8EF6B8D23FD4CC33ED3D436EFCB053BD8167EBE0377E4D5E213150/11/ja"
"特開2021-163492","特願2021-056851","2021/03/30","2021/10/11","ユーザによって生成されたコンテンツの収益を共有する方法、及びゲーム提供装置","ネクソン　コリア　コーポレーション","G06Q50/18,310,A63F13/79,520,G06Q30/02,320,G06Q30/0207","特開2021-163492","","","","","https://www.j-platpat.inpit.go.jp/c1800/PU/JP-2021-163492/7EBF160090B8A161C452E974E2641571236C20DAAEA0F803EB51B09F2303C6F2/11/ja"
"特開2021-163487","特願2021-048832","2021/03/23","2021/10/11","運搬経路提案プログラム","ＡＳＳＥＳＴ株式会社","G06Q10/08","特開2021-163487","","","","","https://www.j-platpat.inpit.go.jp/c1800/PU/JP-2021-163487/846DA82F38FD1BEC4851CFD569B44AAA95BA55DB0BF3F2BB1A1E2B8B76734DCF/11/ja"
"特開2021-163486","特願2021-048831","2021/03/23","2021/10/11","入庫経路提案プログラム","ＡＳＳＥＳＴ株式会社","G06Q10/08,G06Q10/04","特開2021-163486","","","","","https://www.j-platpat.inpit.go.jp/c1800/PU/JP-2021-163486/B51A24F6FEC5985A740084A9E3472A899D5F11550FF0E015D4F8F3C1663819A1/11/ja"
"特開2021-163477","特願2021-030712","2021/02/26","2021/10/11","画像処理方法及び装置、電子機器、コンピュータ可読記憶媒体並びにコンピュータプログラム","バイドゥ　オンライン　ネットワーク　テクノロジー（ペキン）　カンパニー　リミテッド","G06T7/00,300@F,G06F16/58,G06F16/532","特開2021-163477","","特許7121819","","","https://www.j-platpat.inpit.go.jp/c1800/PU/JP-2021-163477/3C29E3D9EF8E863E622802D198DA42E932ED2514EFE09DB0B9B3AE54D57DDC1B/11/ja"
"特開2021-163461","特願2021-010324","2021/01/26","2021/10/11","要約テキストのタギング方法及びその装置、デバイス及びコンピュータ記憶媒体","株式会社ＮＴＴドコモ","G06F40/117,G06F40/134","特開2021-163461","","","","","https://www.j-platpat.inpit.go.jp/c1800/PU/JP-2021-163461/87FF5A096D956B20EBBD52CCDBB672F36908771DB81FC66C8C543423FA82ACAD/11/ja"
"特開2021-163456","特願2020-215106","2020/12/24","2021/10/11","クロスモーダル処理方法、装置、電子機器及びコンピュータ記憶媒体","ベイジン　バイドゥ　ネットコム　サイエンス　アンド　テクノロジー　カンパニー　リミテッド","G06K9/66,G06T7/00,350@C,G06N20/00,130,G06V20/62,G06V30/194","特開2021-163456","","","拒絶2023-000251","","https://www.j-platpat.inpit.go.jp/c1800/PU/JP-2021-163456/48561E394DF4F05805B174DDFF9F412D893EC593B15B6B9F245D6F5A6A4952FF/11/ja"
"特開2021-163452","特願2020-204476","2020/12/09","2021/10/11","汎用ナビゲーションシステムを有する車両のための目標指向型ナビゲーションシステム、方法、および非一時的コンピュータ可読媒体","デンソー　インターナショナル　アメリカ　インコーポレーテッド,株式会社デンソー","G08G1/16@C,G08G1/0969,G01C21/36,B60W30/095,B60W40/02,B60W30/14,G09B29/10@A","特開2021-163452","","","","","https://www.j-platpat.inpit.go.jp/c1800/PU/JP-2021-163452/57FBC62AA09C3B86C6ADECCB6AE44755613215D1852003F0B10AD2524A3A1C33/11/ja"
"特開2021-163450","特願2020-192587","2020/11/19","2021/10/11","表示装置、制御装置、表示方法、制御方法、及びプログラム","株式会社　ゼンショーホールディングス","G07G1/01,301@E,G07G1/00,311@D","特開2021-163450","","","","","https://www.j-platpat.inpit.go.jp/c1800/PU/JP-2021-163450/ABE9D21B740AAEEFCACCE0D1612D45655377819929F12D8D42B081D8A15F32BD/11/ja"
"特開2021-163433","特願2020-067937","2020/04/03","2021/10/11","演算装置","トヨタ自動車株式会社","G06N3/04,154,G06N3/045","特開2021-163433","","","","","https://www.j-platpat.inpit.go.jp/c1800/PU/JP-2021-163433/6DBABE5922E02018E16035A677232389C98950A4AB930A2AFB86799E40AEB426/11/ja"
"特開2021-163422","特願2020-067796","2020/04/03","2021/10/11","出発物質からの化学反応を解析する解析方法、解析装置、解析システムおよび解析プログラム","ダイキン工業株式会社","G16C20/10,B01J19/00,321","特開2021-163422","","特許7021443","","","https://www.j-platpat.inpit.go.jp/c1800/PU/JP-2021-163422/D0B661C055A63FF3BF7B302223B2E0881A2631246C03C54609DB083DB3869FA9/11/ja"
"特開2021-163219","特願2020-064368","2020/03/31","2021/10/11","情報処理システム、情報処理システムの制御方法、及びプログラム並びに記録媒体","株式会社スタートライン","G06Q50/22,G16H20/00","特開2021-163219","","","","","https://www.j-platpat.inpit.go.jp/c1800/PU/JP-2021-163219/E62C553CCACE5D22467AF9821DB0CB7D6D4673537759CD55E0A9FDF128161458/11/ja"
"特開2021-163178","特願2020-063778","2020/03/31","2021/10/11","情報処理装置","キヤノン株式会社","G06F16/583,G06K9/20,340@C,G06K9/03@B,G06V30/12@B,G06V30/412","特開2021-163178","","","","","https://www.j-platpat.inpit.go.jp/c1800/PU/JP-2021-163178/92CF707C2E4B20A4300DD522C6D8E939529909726F70F3F39C708229FFBEFCA2/11/ja"
"特開2021-163149","特願2020-063596","2020/03/31","2021/10/11","車両制御装置、車両制御方法、およびプログラム","本田技研工業株式会社","G08G1/16@C,B60W30/09,B60W40/02","特開2021-163149","","","","","https://www.j-platpat.inpit.go.jp/c1800/PU/JP-2021-163149/682C3A022DA330A816DC1EA8C77E781467C6EC6880AD8B72D60C8A595F71F20C/11/ja"
"特開2021-163142","特願2020-063496","2020/03/31","2021/10/11","車両制御装置、車両制御方法、およびプログラム","本田技研工業株式会社","G08G1/16@C,B62D6/00,B60W60/00,B60W30/10","特開2021-163142","","特許7061148","","","https://www.j-platpat.inpit.go.jp/c1800/PU/JP-2021-163142/D427DE9C05A20BCB36751172F074C4972CC633EB102D838787AC20E17355840C/11/ja"
"特開2021-163112","特願2020-063139","2020/03/31","2021/10/11","情報処理装置及び情報処理方法","株式会社アラヤ","G06N3/08,G06N3/0495","特開2021-163112","","","","","https://www.j-platpat.inpit.go.jp/c1800/PU/JP-2021-163112/E77E00F9AF8BD62C37F206B5EFB1B454512B51BC49F525D9933F451EF5E4A574/11/ja"
"特開2021-163107","特願2020-063115","2020/03/31","2021/10/11","数値制御装置と数値制御装置の制御方法","ブラザー工業株式会社","G05B19/18@W,G05B19/4155@V","特開2021-163107","","","","","https://www.j-platpat.inpit.go.jp/c1800/PU/JP-2021-163107/1B3E52C91B7D36F5079CB3823460B4A2C3BE4186BEF16B913DFE4796D08E3713/11/ja"
"特開2021-163073","特願2020-062808","2020/03/31","2021/10/11","情報処理装置、その制御方法、プログラム、ならびに、学習済モデル","国立大学法人　東京大学,石井　久美子","G06N3/08,G06N99/00,180,G06F40/216,G06F40/279","特開2021-163073","","","","","https://www.j-platpat.inpit.go.jp/c1800/PU/JP-2021-163073/2956C8FF85391C2AFDF913E87F6EA253DB5C97C6E20D2D7D039BD7D9C405F661/11/ja"
"特開2021-163006","特願2020-062164","2020/03/31","2021/10/11","睡眠健康度判別プログラム","ＡＳＳＥＳＴ株式会社","G16H50/30,G16H20/00","特開2021-163006","","","","","https://www.j-platpat.inpit.go.jp/c1800/PU/JP-2021-163006/B2EEF135900E18191C464869AE11D38782AAC8A7CA43888E2A041A58CAD571B4/11/ja"
"特開2021-163005","特願2020-062163","2020/03/31","2021/10/11","荷物配送計画プログラム","ＡＳＳＥＳＴ株式会社","G06Q10/04,310,G06Q10/08,300,B65G61/00,542,B65G61/00,544,G06Q10/047,G06Q10/083","特開2021-163005","","","","","https://www.j-platpat.inpit.go.jp/c1800/PU/JP-2021-163005/8BB42509E1A95931E8C46DD57E901DECDA71A2C5C9650663E71D22D2E2CC8721/11/ja"
"特開2021-163004","特願2020-062162","2020/03/31","2021/10/11","荷物配送計画プログラム","ＡＳＳＥＳＴ株式会社","G06Q10/04,310,G06Q10/08,300,B65G61/00,542,B65G61/00,544,G06Q10/047,G06Q10/083","特開2021-163004","","","","","https://www.j-platpat.inpit.go.jp/c1800/PU/JP-2021-163004/E255201D314742F2BA0A6A1F5D4797B1797FA9FA6CF20DB042EAD8AD730FDD1B/11/ja"
"特開2021-163003","特願2020-062161","2020/03/31","2021/10/11","物流拠点商品配送計画プログラム","ＡＳＳＥＳＴ株式会社","G06Q10/08,330,G06Q10/087","特開2021-163003","","","","","https://www.j-platpat.inpit.go.jp/c1800/PU/JP-2021-163003/A9105F2AA9878B094887E762FD299174FDD685FC91ED5F253DDF300E26A97EBF/11/ja"
"特開2021-163002","特願2020-062160","2020/03/31","2021/10/11","商品需要予測プログラム","ＡＳＳＥＳＴ株式会社","G06Q30/02,310,G06Q30/0202","特開2021-163002","","","","","https://www.j-platpat.inpit.go.jp/c1800/PU/JP-2021-163002/65EAC56F1D0BC5758D0FFCBB9670D593064C774C493668A4D472D4BC65103E4C/11/ja"
"特開2021-163001","特願2020-062159","2020/03/31","2021/10/11","物流拠点商品配送計画プログラム","ＡＳＳＥＳＴ株式会社","G06Q10/08,330,G06Q10/087","特開2021-163001","","","","","https://www.j-platpat.inpit.go.jp/c1800/PU/JP-2021-163001/25A2BA53898B637296B1C7A3E72C35200CA220A651C2DC72486444A86C3299DF/11/ja"
"特開2021-163000","特願2020-062158","2020/03/31","2021/10/11","商品需要予測プログラム","ＡＳＳＥＳＴ株式会社","G06Q30/02,310,G06Q30/0202","特開2021-163000","","","","","https://www.j-platpat.inpit.go.jp/c1800/PU/JP-2021-163000/F476D2E78003F87F2993A09DAE7328E262222BF96B40D8D23CA217ED466B64D8/11/ja"
"特開2021-162998","特願2020-062140","2020/03/31","2021/10/11","車両制御装置、車両制御方法、およびプログラム","本田技研工業株式会社","G08G1/16@D,B60W40/10,B60W40/04,B60W30/09","特開2021-162998","","","","","https://www.j-platpat.inpit.go.jp/c1800/PU/JP-2021-162998/8026B8E1429A8890C595B7B1BB15CC6CB69F66FB241D0AC363FE6077CF7948D5/11/ja"
"特開2021-162965","特願2020-061653","2020/03/30","2021/10/11","情報処理装置、情報処理方法、及び情報処理プログラム","デジタルア－ツ株式会社","G06F21/55,360,G06N20/00","特開2021-162965","","特許6955602","","","https://www.j-platpat.inpit.go.jp/c1800/PU/JP-2021-162965/753B5E399811025B6E44E9F0C217106C8E82493903C6BB5127ABE8C880E8D446/11/ja"
"特開2021-162893","特願2020-060948","2020/03/30","2021/10/11","管理装置、管理方法、およびプログラム","本田技研工業株式会社","G08G1/00@A,G09B29/10@A","特開2021-162893","","","","","https://www.j-platpat.inpit.go.jp/c1800/PU/JP-2021-162893/313BF29C89FD045B776D1BFF0A1992DDF8B82F5692F10F2BA24E334BE00585D6/11/ja"
"特開2021-162892","特願2020-060923","2020/03/30","2021/10/11","評価装置、評価方法及び記憶媒体","株式会社日立製作所","G06T7/00,350@B,G06N20/00,130","特開2021-162892","","","","","https://www.j-platpat.inpit.go.jp/c1800/PU/JP-2021-162892/6403BA454B11443A7027D63DBF1E24B9BBEAE684EC2950334A572AEBA8FE12CC/11/ja"
"特開2021-162732","特願2020-065068","2020/03/31","2021/10/11","課題レコメンドシステム","株式会社大阪教育研究所","G09B7/04,G09B19/06,G06Q50/20,300","特開2021-162732","","特許7154619","","","https://www.j-platpat.inpit.go.jp/c1800/PU/JP-2021-162732/A191433CECF3FE1F1D6A46EED7F4D67AED5283815EF25ED3A54C54E5B485D32F/11/ja"
"特開2021-162649","特願2020-062144","2020/03/31","2021/10/11","カラオケ装置及び歌唱評価用プログラム","ブラザー工業株式会社","G10K15/04,302@D","特開2021-162649","","特許7160064","","","https://www.j-platpat.inpit.go.jp/c1800/PU/JP-2021-162649/784AC1DDB99C8900399BEF0EEA24C2E704B2ED828048B646B270F6BB14D71DFF/11/ja"
"特開2021-162358","特願2020-061443","2020/03/30","2021/10/11","頭皮角層細胞性状を用いた毛髪、顔面性状等の推測方法","株式会社ナリス化粧品","G01N33/50@Q,G01N33/50@Z","特開2021-162358","","","","","https://www.j-platpat.inpit.go.jp/c1800/PU/JP-2021-162358/5D1BF89AF934992DAEE1CDBB1E6A317946AB15ECDA508225D2A9A89325173752/11/ja"
"特開2021-161744","特願2020-064272","2020/03/31","2021/10/11","温水洗浄便座及びそれを用いた汚物の洗浄方法","株式会社Ｗａｔｅｒ　Ｘ　Ｔｅｃｈｎｏｌｏｇｉｅｓ","E03D9/08@F,E03D9/08@L,E03D9/08@Z","特開2021-161744","","","","","https://www.j-platpat.inpit.go.jp/c1800/PU/JP-2021-161744/6289C1950DB8896B3DA5DAA5A678483E98DD711AFFFB3968EF422CC37F02E85C/11/ja"
"特開2021-161089","特願2020-066758","2020/04/02","2021/10/11","芳香族化合物の製造方法","東ソー株式会社","C07C2/42,C07C15/04,B01J8/00@C,B01J8/02@Z,B01J29/40@M,C07B61/00,300","特開2021-161089","","","","","https://www.j-platpat.inpit.go.jp/c1800/PU/JP-2021-161089/EA608B37C93E5DA42C086FB23123A997DA80B7A5BD2C8B725AEE86BF840DF476/11/ja"
"特開2021-160942","特願2021-055082","2021/03/29","2021/10/11","入庫経路提案プログラム","ＡＳＳＥＳＴ株式会社","B65G1/137@A,G06Q10/08,316,G06Q10/0836","特開2021-160942","","","","","https://www.j-platpat.inpit.go.jp/c1800/PU/JP-2021-160942/421F615198B18935E2ACFE563E0DD27D879CBC8C78720DF930C499990F79A086/11/ja"
"特開2021-160941","特願2021-055081","2021/03/29","2021/10/11","ピッキング用移動体","ＡＳＳＥＳＴ株式会社","B65G1/137@F,G06Q10/08,330,G06Q10/087","特開2021-160941","","","","","https://www.j-platpat.inpit.go.jp/c1800/PU/JP-2021-160941/8B179A482F3B1CF39BAA64AD2C7FFF7526FCFC4F72141E0E408C5CC61B70B871/11/ja"
"特開2021-160940","特願2021-055080","2021/03/29","2021/10/11","ピッキング経路提案プログラム","ＡＳＳＥＳＴ株式会社","B65G1/137@F,G06Q10/08","特開2021-160940","","","","","https://www.j-platpat.inpit.go.jp/c1800/PU/JP-2021-160940/79BD9E960C3206E4CEE84C373FC7B5BE86C79972A2A63AB55B0F58A61F1A63A2/11/ja"
"特開2021-160939","特願2021-048830","2021/03/23","2021/10/11","ピッキング用移動体","ＡＳＳＥＳＴ株式会社","B65G1/137@E,G06Q10/08,330,G06Q10/087","特開2021-160939","","","","","https://www.j-platpat.inpit.go.jp/c1800/PU/JP-2021-160939/6EEFF817A2633AB10801E0821901A5A43C1132209F8495E9CEA46EA7E9377156/11/ja"
"特開2021-160938","特願2021-048829","2021/03/23","2021/10/11","ピッキング経路提案プログラム","ＡＳＳＥＳＴ株式会社","B65G1/137@F,G06Q10/08","特開2021-160938","","","","","https://www.j-platpat.inpit.go.jp/c1800/PU/JP-2021-160938/441D4D20F351C93DBAA5B11B184AE62C27563E07DF46D990F803E238EFD0EC0B/11/ja"
"特開2021-160937","特願2021-048828","2021/03/23","2021/10/11","ピッキング経路提案プログラム","ＡＳＳＥＳＴ株式会社","B65G1/137@F,G06Q10/08","特開2021-160937","","","","","https://www.j-platpat.inpit.go.jp/c1800/PU/JP-2021-160937/92D085689A1A15C77570267FF191835878B2B1E64A7E18F7446429ECDDE0F6FB/11/ja"
"特開2021-160936","特願2021-048827","2021/03/23","2021/10/11","ピッキング経路提案プログラム","ＡＳＳＥＳＴ株式会社","B65G1/137@F,G06Q10/08","特開2021-160936","","","","","https://www.j-platpat.inpit.go.jp/c1800/PU/JP-2021-160936/89233260E4037F14616D637DCACDF06C97026467021B57860E7B05D49D3A4E58/11/ja"
"特開2021-160935","特願2021-048137","2021/03/23","2021/10/11","ピッキング経路提案プログラム","ＡＳＳＥＳＴ株式会社","B65G1/137@F,G06Q10/08","特開2021-160935","","","","","https://www.j-platpat.inpit.go.jp/c1800/PU/JP-2021-160935/F4741279649AAD906E7C00B8D107B9E2D5CA22C2CFE16391DFD5125CF199C5CE/11/ja"
"特開2021-160875","特願2020-063747","2020/03/31","2021/10/11","包装ロール体の製造システム","信越ポリマー株式会社","B65H23/198,B65H18/16","特開2021-160875","","","","","https://www.j-platpat.inpit.go.jp/c1800/PU/JP-2021-160875/5550F0E0F64D163894B5A2FAD4DF57EE67A2B7AD4889BF4FBB91FE37368E0B37/11/ja"
"特開2021-160714","特願2021-050544","2021/03/24","2021/10/11","車両制御装置および車両制御方法","本田技研工業株式会社","B60W30/08,B60W40/04,G08G1/16@C,B60T7/12@C,B60W60/00","特開2021-160714","","","","","https://www.j-platpat.inpit.go.jp/c1800/PU/JP-2021-160714/F7738BA77EA61420AF2FFD79830F48CDCB40B48B13FEEFFB722CFDF8FA750C2F/11/ja"
"特開2021-160533","特願2020-063527","2020/03/31","2021/10/11","車両制御装置、車両制御方法、及びプログラム","本田技研工業株式会社","B60W30/10,B60W30/18,G05D1/02@S,G05D1/02@J,G08G1/16@C,B60W60/00","特開2021-160533","","","","","https://www.j-platpat.inpit.go.jp/c1800/PU/JP-2021-160533/2A3AA985F687F6C983C54C88556DE17240D4F07F9A915F08F33E5E33FDC2FA5F/11/ja"
"特開2021-160532","特願2020-063515","2020/03/31","2021/10/11","車両制御装置、車両制御方法、及びプログラム","本田技研工業株式会社","B60W30/00,B60W30/10,G05D1/02@J,G05D1/02@S,B60W60/00","特開2021-160532","","","","","https://www.j-platpat.inpit.go.jp/c1800/PU/JP-2021-160532/AFB7942AD02A0D2DF8744FBDD77FA9D577A1F607615D518CD677F37EF816292A/11/ja"
"特開2021-160531","特願2020-063510","2020/03/31","2021/10/11","車両制御装置、車両制御方法、及びプログラム","本田技研工業株式会社","B60W30/10,G05D1/02@R,G05D1/02@J,B60W30/09,B60W60/00","特開2021-160531","","","","","https://www.j-platpat.inpit.go.jp/c1800/PU/JP-2021-160531/208E34519FB341A875B6C5BB52543395C661A05EFB9ADE99ABA42BA29CC9D2AD/11/ja"
"特開2021-160530","特願2020-063501","2020/03/31","2021/10/11","車両制御装置、車両制御方法、及びプログラム","本田技研工業株式会社","B60W30/10,B60W30/18,B60W10/20,B60W10/04,B60W10/00,134,G05D1/02@S,G08G1/16@C,B60W60/00","特開2021-160530","","","","","https://www.j-platpat.inpit.go.jp/c1800/PU/JP-2021-160530/96A61B15DA3311A18E3401155E137D32D99A5664749F87FB6577AFDF488C1460/11/ja"
"特開2021-160494","特願2020-063096","2020/03/31","2021/10/11","車両制御装置、車両制御方法、及びプログラム","本田技研工業株式会社","B60W60/00,B60W30/10,G08G1/16@C","特開2021-160494","","","","","https://www.j-platpat.inpit.go.jp/c1800/PU/JP-2021-160494/CE516B53C8E647CB80439D271F0828686F1D9CF1417672EDD08859DD4B5C8DED/11/ja"
"特開2021-160399","特願2020-061420","2020/03/30","2021/10/11","車両制御装置、車両制御方法、およびプログラム","本田技研工業株式会社","B60W30/10,B60W60/00,B60W40/04,G08G1/16@D","特開2021-160399","","","","","https://www.j-platpat.inpit.go.jp/c1800/PU/JP-2021-160399/45002DCE80CDBFB93115168FA980EE67F39DCF8C6D0612A929535A9EDCB1909A/11/ja"
"特開2021-160385","特願2020-061122","2020/03/30","2021/10/11","車両制御装置、車両制御方法、およびプログラム","本田技研工業株式会社","B60W40/02,B60W60/00,G08G1/16@C","特開2021-160385","","","","","https://www.j-platpat.inpit.go.jp/c1800/PU/JP-2021-160385/884A88556A1CA0CFD74E0ABC23BD644A6056B168E765A82004597314329E5FB9/11/ja"
"特開2021-160066","特願2020-067295","2020/04/03","2021/10/11","ロボット用のエンドエフェクタ、ロボット及びロボットシステム","川崎重工業株式会社","B25J15/06@M,B25J15/06@H","特開2021-160066","","","","","https://www.j-platpat.inpit.go.jp/c1800/PU/JP-2021-160066/88563E5472409B26CACF49DE362D406FC09A1932F7650C4CCCB64A5E5C293269/11/ja"
"特開2021-159870","特願2020-064988","2020/03/31","2021/10/11","水処理システム、水処理システムの運転管理支援システム及び水処理システムの運転方法","水ｉｎｇ株式会社","C02F1/44@A,B01D61/08,B01D65/02,B01D61/12,C02F1/44@D,G06Q10/04","特開2021-159870","","","","","https://www.j-platpat.inpit.go.jp/c1800/PU/JP-2021-159870/2307912B36EF81A339CBC223CF7194DFBB1DA7DD0D6D12B08BA34BE9B2C33318/11/ja"
"特開2021-159347","特願2020-064644","2020/03/31","2021/10/11","吸収性物品","大王製紙株式会社","A61F13/505,100,A61F13/534,110,A61F13/535,200","特開2021-159347","","","","","https://www.j-platpat.inpit.go.jp/c1800/PU/JP-2021-159347/A6B540450EF8625E73F2283058B8E61154A8FF800961B79C3738D0E8E7BBE28F/11/ja"
"特開2021-159272","特願2020-063349","2020/03/31","2021/10/11","プログラム及びコンピュータシステム","株式会社バンダイナムコエンターテインメント,株式会社バンダイナムコ研究所","A63F13/55,A63F13/53","特開2021-159272","","","","","https://www.j-platpat.inpit.go.jp/c1800/PU/JP-2021-159272/AA74BFBEFDC825A4DA8D8324ACD6C8C077FF8223176AF88AE4A0044281B751D1/11/ja"
"特開2021-159166","特願2020-061542","2020/03/30","2021/10/11","情報処理装置、情報処理方法、プログラム、及び情報処理システム","ソニー株式会社","A61B3/135,G16H10/40,G16H10/00,G16H20/00","特開2021-159166","","","","","https://www.j-platpat.inpit.go.jp/c1800/PU/JP-2021-159166/DC54C230399A5C356468FE07BF6B8F3D318810E0F20817288F23E42F1AA65741/11/ja"
"特開2021-159165","特願2020-061541","2020/03/30","2021/10/11","情報処理装置、情報処理方法、プログラム、及び眼科顕微鏡システム","ソニー株式会社","A61B3/135,G02B21/36,G02B21/06","特開2021-159165","","","","","https://www.j-platpat.inpit.go.jp/c1800/PU/JP-2021-159165/A2C3BB65EBAA76A87CD7B7451DF6C9E0BED6CA6C7AB94241FB47985D7640F58C/11/ja"
"特開2021-158996","特願2020-064394","2020/03/31","2021/10/11","イヌの癌の診断方法","Ｈ＆Ａメディカルボンド株式会社","C12Q1/6886@Z,G01N33/53@M,G01N33/574@Z","特開2021-158996","","","","","https://www.j-platpat.inpit.go.jp/c1800/PU/JP-2021-158996/EE096E5527286A101BFEEBD490DB5BE771085C94F968B1412C56A94C67FADD16/11/ja"
"特許7054289","特願2021-575899","2021/03/31","2021/10/07","医薬有効成分のスクリーニング方法、製造方法及び設計方法","スカイファーマ株式会社","C12Q1/02,A61K31/519,A61K31/4709,A61K31/198,A61K31/167,A61K31/44,A61K31/675,A61K31/506,A61P25/00,A61P27/02,A61P27/06,A61P9/00,A61P3/10,A61P35/02,A61P43/00,105,C12Q1/6897@Z,G01N33/50@Z,G01N33/15@Z,C12Q1/6841@Z","WO2021/201170","","特許7054289","","","https://www.j-platpat.inpit.go.jp/c1800/PU/JP-7054289/CCB1356A3321505C6868B7A5D2F7FCD474667AAC1DCE3A6520446AC13DACEE63/15/ja"
"特表2022-539162","特願2021-577453","2021/03/02","2021/10/07","画像識別方法およびその関連装置、機器","シャンハイ　センスタイム　インテリジェント　テクノロジー　カンパニー　リミテッド","A61B6/03,360@T,A61B6/03,360@J,A61B6/03,360@Z,G06V10/82,G06T7/00,350@C","特表2022-539162","","","","","https://www.j-platpat.inpit.go.jp/c1800/PU/JP-2022-539162/441D90070B8A22B8A55602F383C3F65BD5B24603788899273238F881D60C8E82/11/ja"
"特表2022-534670","特願2021-565860","2021/02/23","2021/10/07","ゲームアプリケーションにおけるフレーム表示方法、装置、端末およびコンピュータプログラム","テンセント・テクノロジー・（シェンジェン）・カンパニー・リミテッド","A63F13/52","特表2022-534670","","","","","https://www.j-platpat.inpit.go.jp/c1800/PU/JP-2022-534670/16BC72075DF01F5C5BF3C0944E715BE4DE9813E1FB4E1EC8DF915024F6799C83/11/ja"
"特表2022-531075","特願2021-557465","2020/12/16","2021/10/07","データ処理","上▲海▼商▲湯▼智能科技有限公司","G06F7/24@H","特表2022-531075","","","","","https://www.j-platpat.inpit.go.jp/c1800/PU/JP-2022-531075/F22CF51614EA47FE52F557CBB6ADD0FD569E8498F3A336E21A9FC0E7A03C5CF6/11/ja"
"特開2021-158822","特願2020-057719","2020/03/27","2021/10/07","触感提示装置","豊田合成株式会社","H02N11/00@Z,G06F3/01,560","特開2021-158822","","","","","https://www.j-platpat.inpit.go.jp/c1800/PU/JP-2021-158822/441B29845BAB599EF4EEAF7FC9C9FD18AC6F45F157CEF19518B9821E650DDAAF/11/ja"
"特開2021-158578","特願2020-058355","2020/03/27","2021/10/07","車載装置および車載装置における音声処理方法","株式会社デンソーテン","H04M1/00@H,G10L15/28,230@K,G10L15/00,200@J,G06F3/16,520,G06F3/16,650","特開2021-158578","","","","","https://www.j-platpat.inpit.go.jp/c1800/PU/JP-2021-158578/5E17C44C7E64F352E438734B81E4DF1265AE3752175FC5A578D64EA6CC1AFC7E/11/ja"
"特開2021-158356","特願2021-048577","2021/03/23","2021/10/07","２次元電子ガスと２次元正孔ガスとの接合部に基づく半導体デバイス","三菱電機株式会社","H01L29/91@H,H01L21/20,H01L21/28,301@B,H01L29/91@F,H01L29/91@A,H01L29/205","特開2021-158356","","","","","https://www.j-platpat.inpit.go.jp/c1800/PU/JP-2021-158356/7E5D2212D7AB26818199741C6288BBD8A42CBE2DE774C42E2850108E39819A16/11/ja"
"特開2021-158104","特願2020-172671","2020/10/13","2021/10/07","照明デバイスの迅速なコミッショニング","パナソニックＩＰマネジメント株式会社","H05B47/19,H04W92/08,110,H04Q9/00,311@A,H05B47/155","特開2021-158104","","特許7082652","","","https://www.j-platpat.inpit.go.jp/c1800/PU/JP-2021-158104/59FE5B5FC7596B1CC98B843622851415B8C2F12E2C029A00C1B42F48EAF41C74/11/ja"
"特開2021-158102","特願2020-170539","2020/10/08","2021/10/07","照明デバイスの到来角コミッショニング","パナソニックＩＰマネジメント株式会社","H05B47/19,H05B47/135","特開2021-158102","","特許7054795","","","https://www.j-platpat.inpit.go.jp/c1800/PU/JP-2021-158102/E637B33DB08D5340E003EA3622DCB41AF6ED71F32D9C9D8295661837A2D7EF6E/11/ja"
"特開2021-157847","特願2021-108616","2021/06/30","2021/10/07","異常なナンバープレート認識方法、装置、デバイス及び読み取り可能な記憶媒体","ベイジン　バイドゥ　ネットコム　サイエンス　テクノロジー　カンパニー　リミテッド","G06T7/00,350@C,G06T7/00,650@B,G06T7/00,650","特開2021-157847","","","","","https://www.j-platpat.inpit.go.jp/c1800/PU/JP-2021-157847/7EECAD7D661D2894499CB0748AF8A773A0C9CF4E6DA7F4EBC88758630BEAFC65/11/ja"
"特開2021-157843","特願2021-106589","2021/06/28","2021/10/07","命令を実行するための方法、装置、機器及びコンピュータ読み取り可能な記憶媒体","ベイジン　バイドゥ　ネットコム　サイエンス　アンド　テクノロジー　カンパニー　リミテッド,クンルンシン　テクノロジー　（ベイジン）　カンパニー　リミテッド","G06F9/38,350@A,G06F9/34,380","特開2021-157843","","","","","https://www.j-platpat.inpit.go.jp/c1800/PU/JP-2021-157843/97E4F3B41A97FF8D8BFCA24A8EBCD89D408DEB1157E13CA0D5C391392965C26E/11/ja"
"特開2021-157842","特願2021-106452","2021/06/28","2021/10/07","質問の答えの決定方法、装置、機器及び記憶媒体","ベイジン　バイドゥ　ネットコム　サイエンス　アンド　テクノロジー　カンパニー　リミテッド","G06F16/90,100","特開2021-157842","","","","","https://www.j-platpat.inpit.go.jp/c1800/PU/JP-2021-157842/E1EE10E42CFDF281ACE1EB5F261752A6EE8744EC9B8B2C1085EA0E6E01F72950/11/ja"
"特開2021-157838","特願2021-105112","2021/06/24","2021/10/07","エージェントロボット制御システム、エージェントロボットシステム、エージェントロボット制御方法、記録媒体、およびエージェントロボット制御プログラム","ソニーグループ株式会社","G06Q30/06,B25J5/00@C","特開2021-157838","","特許7107410","","","https://www.j-platpat.inpit.go.jp/c1800/PU/JP-2021-157838/976246378CF269951AD6AC6005BBAD51F310A2CDF800D6ACCD2B8E2835A17E02/11/ja"
"特開2021-157799","特願2021-051861","2021/03/25","2021/10/07","医療衝突の検出方法、装置、電子デバイス及び記憶媒体","ベイジン　バイドゥ　ネットコム　サイエンス　アンド　テクノロジー　カンパニー　リミテッド","G06F16/28,G06F16/90,100,G16H50/20,G06F16/26","特開2021-157799","","特許7186255","","","https://www.j-platpat.inpit.go.jp/c1800/PU/JP-2021-157799/E2C5142106F64ABD223EA766A0CA1E0DC33D5EBFCEFA48F823067CB3C603B3A5/11/ja"
"特開2021-157757","特願2020-071326","2020/03/25","2021/10/07","すべての人と車を動く倉庫にして２０分以内で荷物が届く","株式会社ＬＯＭＡ,中川　善智,飯田　國大","G06Q10/08,330,B65G61/00,500,G06Q10/087","特開2021-157757","","","","","https://www.j-platpat.inpit.go.jp/c1800/PU/JP-2021-157757/BF8C1DABE229C5129F1F1D581D64C62751AA17BD8462502C9A5CDED51FB9D1C6/11/ja"
"特開2021-157735","特願2020-060212","2020/03/30","2021/10/07","画像識別システム、画像識別装置、プログラムおよび学習済みモデル","三菱ケミカル株式会社","G06T7/00,350@B,G06N20/00","特開2021-157735","","","","","https://www.j-platpat.inpit.go.jp/c1800/PU/JP-2021-157735/4313AB6F508F344DE9CE4143A684A1216B6619440B9B4C51D0107DE46FA7599C/11/ja"
"特開2021-157682","特願2020-059405","2020/03/30","2021/10/07","構造物－流場推定方法、構造物－流場推定プログラム、及び構造物－流場推定システム","国立研究開発法人　海上・港湾・航空技術研究所","G06T7/00,350@C,G06F17/50,604@D,G06F17/50,622@C,B63B71/10,G06F30/10,G06F30/10,100,G06F30/15,G06F30/27,G06F30/28,G06F113:08","特開2021-157682","","","","","https://www.j-platpat.inpit.go.jp/c1800/PU/JP-2021-157682/6760FBCE86902EA087EFE58F33BB8821C3BF00FDF0ED8104644279BDB7F2A42A/11/ja"
"特開2021-157648","特願2020-058894","2020/03/27","2021/10/07","レコメンド装置及びプログラム","日本電産株式会社","G06T7/00,660@B,B25J9/22@Z","特開2021-157648","","","","","https://www.j-platpat.inpit.go.jp/c1800/PU/JP-2021-157648/383F3303CEC49E52EE7FAFFC1B8CF5C81DC3B526BDF0E2B177F87C1D04BE1083/11/ja"
"特開2021-157629","特願2020-058765","2020/03/27","2021/10/07","支援制御装置","東京瓦斯株式会社","G06Q30/02,470,G06Q30/00,330,G06Q30/015,G06Q30/016","特開2021-157629","","","","","https://www.j-platpat.inpit.go.jp/c1800/PU/JP-2021-157629/335364A5C68F1608F2A5982D03CD1820E36AA01CD5FFAB5CE6545AA7DC4DCCC3/11/ja"
"特開2021-157623","特願2020-058679","2020/03/27","2021/10/07","トレーニング内容提示装置、及びトレーニング内容提示方法","株式会社エヌ・ティ・ティ・データ","G16H20/00","特開2021-157623","","","","","https://www.j-platpat.inpit.go.jp/c1800/PU/JP-2021-157623/62F75327FD380D7F8EDED0F20AD2F2CFC5A2FDA3EB28DCADAE8B0BDDBEB87144/11/ja"
"特開2021-157617","特願2020-058560","2020/03/27","2021/10/07","情報提供プログラム、情報提供方法および情報処理装置","富士通株式会社","G06F3/16,650,H04M3/493,H04M3/42@P,G06F3/01,510,G10L15/00,200@T,G06F40/157,G06Q50/10","特開2021-157617","","","","","https://www.j-platpat.inpit.go.jp/c1800/PU/JP-2021-157617/BCF7346459368F8C8639E014CB038E8BC35B8812B9F5BB8802323A33A503CE04/11/ja"
"特開2021-157586","特願2020-058064","2020/03/27","2021/10/07","支援システム、方法、およびプログラム","株式会社三井住友銀行","G06Q50/26,G06Q50/18","特開2021-157586","","特許7063931","","","https://www.j-platpat.inpit.go.jp/c1800/PU/JP-2021-157586/5C698892CA74D6DBB84132EB53035E71E661E8F40E2D5D6A819CD658726E3FA3/11/ja"
"特開2021-157555","特願2020-057747","2020/03/27","2021/10/07","情報処理装置および情報処理方法","株式会社日立製作所","G06N99/00,180,G06N10/00","特開2021-157555","","","","","https://www.j-platpat.inpit.go.jp/c1800/PU/JP-2021-157555/4669E69A3F0B198EE0FFEE52B9106D2427A95FB1EE70A3F3584A288D2401CF2A/11/ja"
"特開2021-157403","特願2020-056118","2020/03/26","2021/10/07","車両制御装置、車両制御方法、およびプログラム","本田技研工業株式会社","G08G1/16@C,B60W30/08,B60W60/00","特開2021-157403","","","","","https://www.j-platpat.inpit.go.jp/c1800/PU/JP-2021-157403/9CE63E50F66E69DE5D065E54FFF74D6793B94E002EFDF988CED1D3260F673EDB/11/ja"
"特開2021-157358","特願2020-055307","2020/03/26","2021/10/07","棚割分析システム、方法、プログラム及びデータ","株式会社野村総合研究所","G06Q30/06,A47F5/00@Z","特開2021-157358","","","","","https://www.j-platpat.inpit.go.jp/c1800/PU/JP-2021-157358/3916F03A98299056CE0DA27641D77AAD078A0CA057014F742FCC1C64CEBB1997/11/ja"
"特開2021-157258","特願2020-054245","2020/03/25","2021/10/07","情報処理装置","株式会社ラーニングエージェンシー","G06Q10/06,332,G06Q10/0639","特開2021-157258","","特許6976606","","","https://www.j-platpat.inpit.go.jp/c1800/PU/JP-2021-157258/27B44B1CA81A29909105A26FFF0AE39775BC0735F980E74F01CFE1F6B747692B/11/ja"
"特開2021-157207","特願2020-053749","2020/03/25","2021/10/07","情報処理装置、車載制御装置","日立オートモティブシステムズ株式会社","G06T7/00,350@C,G06N3/08,G06T7/00,650@Z,B60W30/00,G06T7/00,650","特開2021-157207","","","","","https://www.j-platpat.inpit.go.jp/c1800/PU/JP-2021-157207/E7A87121E785346CCC7155EA97243502139058BAEC457B6EF6996454397768B6/11/ja"
"特開2021-157193","特願2021-103443","2021/06/22","2021/10/07","音声合成方法及び対応するモデルのトレーニング方法、装置、電子機器、記憶媒体、並びにコンピュータプログラム","北京百度網訊科技有限公司","G10L13/08,150@Z,G10L13/10,113@Z","特開2021-157193","","特許7194779","","","https://www.j-platpat.inpit.go.jp/c1800/PU/JP-2021-157193/C86697831308A3435B54843482A11ED859E79D5ED06B1C77BA1DC658A5057906/11/ja"
"特開2021-156947","特願2020-054465","2020/03/25","2021/10/07","音信号生成方法、推定モデル訓練方法、音信号生成システム、およびプログラム","ヤマハ株式会社","G10G1/00,G10G3/04,G10H1/00,102@Z","特開2021-156947","","","","","https://www.j-platpat.inpit.go.jp/c1800/PU/JP-2021-156947/44FFC1C207D8A9229C663DF51B79C7EB57DA5381BDF631C046A60893A461A0CC/11/ja"
"特開2021-156922","特願2020-054039","2020/03/25","2021/10/07","音声認識方法および音声認識プログラム","株式会社日立情報通信エンジニアリング","G10L15/28,400,G10L15/32,220@Z,G10L15/22,453","特開2021-156922","","","","","https://www.j-platpat.inpit.go.jp/c1800/PU/JP-2021-156922/F387551D4B7F3D6644D179BE431D96C18142DCD9C71F56EBFB272019C6813C30/11/ja"
"特開2021-156921","特願2020-054038","2020/03/25","2021/10/07","音声認識方法および音声認識プログラム","株式会社日立情報通信エンジニアリング","G10L15/28,400,G10L15/32,220@Z,G10L15/22,453","特開2021-156921","","","","","https://www.j-platpat.inpit.go.jp/c1800/PU/JP-2021-156921/9D8FB3BCAB3953FFAF17501E624550471286C088B92F36CD4EFFC15F2421C5B2/11/ja"
"特開2021-156889","特願2021-061452","2021/03/31","2021/10/07","車両体感測定評価方法、装置、電子機器、記憶媒体及びコンピュータプログラム","北京百度網訊科技有限公司","G01M17/007@Z,B60W60/00","特開2021-156889","","","","","https://www.j-platpat.inpit.go.jp/c1800/PU/JP-2021-156889/1E1769CBAADBBE195C0B171F547AE9CE7035A4507E9E733465F7798EDCAE4310/11/ja"
"特開2021-156750","特願2020-057673","2020/03/27","2021/10/07","ドラム缶点検装置、点検方法および点検プログラム","中国電力株式会社","G01N21/88@Z,G21F9/36,511@P","特開2021-156750","","","","","https://www.j-platpat.inpit.go.jp/c1800/PU/JP-2021-156750/BBB6373826DCABBC0477D3B51CA5DEB5DEA7F3A86FFD6748895E87BAD0384611/11/ja"
"特開2021-156749","特願2020-057672","2020/03/27","2021/10/07","ドラム缶保管点検設備","中国電力株式会社","G21F9/36,511@P","特開2021-156749","","","","","https://www.j-platpat.inpit.go.jp/c1800/PU/JP-2021-156749/5AA69D0C79A7546F9E23A966E34F039C8747AECF925C2C4A3BD7852505ED89BC/11/ja"
"特開2021-156710","特願2020-056569","2020/03/26","2021/10/07","センサー構造","大成建設株式会社","G01L5/00@Z,B25J19/02,G01L1/20@G","特開2021-156710","","","","","https://www.j-platpat.inpit.go.jp/c1800/PU/JP-2021-156710/F0702AA97638605960A7FDB568881FC91A44A1311185EAC7CFF9420F187562BF/11/ja"
"特開2021-156656","特願2020-055271","2020/03/26","2021/10/07","構造物損傷特定装置、構造物損傷特定方法および構造物損傷特定プログラム","株式会社ジャスト,株式会社奥村組","G01N21/88@Z,G06T7/00,350@C,G06T7/00,610@B,G06T7/00,610","特開2021-156656","","","","","https://www.j-platpat.inpit.go.jp/c1800/PU/JP-2021-156656/AA746989C448D9BF02D2DCA33707D3690E5A15B8D1D078B750AC5D71EEA0C934/11/ja"
"特開2021-156655","特願2020-055270","2020/03/26","2021/10/07","管渠損傷特定装置、管渠損傷特定方法および管渠損傷特定プログラム","株式会社ジャスト,株式会社奥村組","G01N21/954@A,G06N20/00,G06T7/00,350@C,G06T7/00,610@B,F17D5/00,E03F7/00,G06T7/00,610","特開2021-156655","","","","","https://www.j-platpat.inpit.go.jp/c1800/PU/JP-2021-156655/BBBCC6594EABFEB4DA10D17FB19EF92740247B4F8A34011641E961DA387C9B48/11/ja"
"特開2021-156654","特願2020-055269","2020/03/26","2021/10/07","管渠損傷特定装置、管渠損傷特定方法および管渠損傷特定プログラム","株式会社ジャスト,株式会社奥村組","G01N21/954@A,G06N20/00,G06T7/00,350@C,G06T7/00,610@B,F17D5/00,F16L55/00@D,E03F7/00,G06T7/00,610","特開2021-156654","","","","","https://www.j-platpat.inpit.go.jp/c1800/PU/JP-2021-156654/04392C8D00B3EA262A79D385FB763180ACB0F4F1BE75831E7129A760D9EDEB41/11/ja"
"特開2021-156653","特願2020-055268","2020/03/26","2021/10/07","管渠損傷特定装置、管渠損傷特定方法および管渠損傷特定プログラム","株式会社ジャスト,株式会社奥村組","G01N21/954@A,G06N20/00,G06T7/00,350@C,G06T7/00,610@B,F17D5/00,F16L55/00@D,E03F7/00,G06T7/00,610","特開2021-156653","","","","","https://www.j-platpat.inpit.go.jp/c1800/PU/JP-2021-156653/6C6E797471B87D4CD934BFF44041CF606E7621CE0063C94DA5E7FD960DFC257A/11/ja"
"特開2021-156175","特願2020-054266","2020/03/25","2021/10/07","触媒の再利用評価システム","トヨタ自動車株式会社","F01N3/20@C,F02D45/00,368@Z,F01N11/00","特開2021-156175","","特許7211388","","","https://www.j-platpat.inpit.go.jp/c1800/PU/JP-2021-156175/90A19CEF6352362DFAA68702256459782EDE8EEECF39BF3ADA1DBB56D1F59CBF/11/ja"
"特開2021-155080","特願2020-057671","2020/03/27","2021/10/07","ドラム缶用パレットおよびドラム缶用パレットフレーム","中国電力株式会社","B65D19/44@A,G21F9/36,511@P","特開2021-155080","","","","","https://www.j-platpat.inpit.go.jp/c1800/PU/JP-2021-155080/1F8555A7F54A22C5AD9085D01C28DF989595A6C89C56422F3BC29A28FCBC0C0F/11/ja"
"特開2021-155024","特願2021-012911","2021/01/29","2021/10/07","歩行者の動きを予測するためのシステムおよび方法","トヨタ　リサーチ　インスティテュート，インコーポレイティド","B60W30/08,B60W40/02,G08G1/16@C","特開2021-155024","","","","","https://www.j-platpat.inpit.go.jp/c1800/PU/JP-2021-155024/BD499F3080E816E100069A1F25A88D22C2FD962379DD074DD07ACE41CF6BC84A/11/ja"
"特開2021-154886","特願2020-057286","2020/03/27","2021/10/07","車両制御装置、車両制御方法、およびプログラム","本田技研工業株式会社","B60W40/04,B60W60/00,B60W30/10","特開2021-154886","","","","","https://www.j-platpat.inpit.go.jp/c1800/PU/JP-2021-154886/75654C9FB9A50B34388F27241B7131509D7F741ED79FDB5C85038D04C8F5ABC7/11/ja"
"特開2021-154845","特願2020-056311","2020/03/26","2021/10/07","浮遊ユニット、及び浄化システム","株式会社竹中工務店","B63B35/44@C,B63H25/04@D,B63C9/06,B63B35/32@Z,C02F1/00@L","特開2021-154845","","","","","https://www.j-platpat.inpit.go.jp/c1800/PU/JP-2021-154845/2D0D2184CBC8299EA0FB29DEB4AB223F0312A644BD688CB7A7B279431C59F456/11/ja"
"特開2021-154126","特願2021-051251","2021/03/25","2021/10/07","人工神経網を利用した内耳器官内リンパ水腫の比率測定方法及びその装置","サムスン　ライフ　パブリック　ウェルフェア　ファウンデーション","A61B10/00@J,G06T7/00,616,A61B10/00@E,G06T7/00,612,A61B5/055,382","特開2021-154126","","特許7178444","","","https://www.j-platpat.inpit.go.jp/c1800/PU/JP-2021-154126/BE0DBDA41C9D5A3E2FC5E630B5C3575D488FC2EC524BD8E84A810CB15F9D29ED/11/ja"
"特開2021-154115","特願2021-026655","2021/02/22","2021/10/07","無線監視のための方法、装置、およびシステム","オリジン　ワイヤレス，　インコーポレイテッド","A61B5/11,110,G01S13/56,G08B25/10@A,G08B25/04@K,G08B21/02,G08B21/00@U","特開2021-154115","","","","","https://www.j-platpat.inpit.go.jp/c1800/PU/JP-2021-154115/FF90091D1CAA77FF40494E69D5DFE49956AB18352704CFF1DBEEF4BCAFAE1125/11/ja"
"特開2021-154049","特願2020-059708","2020/03/30","2021/10/07","乾燥装置","大阪瓦斯株式会社","D06F58/36,D06F58/10@A,F26B9/02@A,D06F34/00,D06F34/04,D06F34/06,D06F34/08,D06F34/18,D06F34/24,D06F34/28,D06F103:04,D06F103:08,D06F103:32,D06F103:34,D06F103:38,D06F105:56","特開2021-154049","","","","","https://www.j-platpat.inpit.go.jp/c1800/PU/JP-2021-154049/61886360AE06EDE63DAC281D16BAC6E0D665E9327C79288252552019D1D1452F/11/ja"
"特開2021-153808","特願2020-056712","2020/03/26","2021/10/07","プログラム、情報処理方法、情報処理装置及び診断支援システム","ＨＯＹＡ株式会社","A61B1/045,623,A61B6/03,377,A61B6/03,360@Q,A61B6/03,360@G,A61B1/00@V,A61B1/00,552,A61B1/005,523,A61B5/055,390,A61B8/14,G06T7/00,612","特開2021-153808","","","","","https://www.j-platpat.inpit.go.jp/c1800/PU/JP-2021-153808/FF55438BFD16E72B1EA113CF9FA668DC8B781A6894FBB9BD6F05204E40793E31/11/ja"
"特開2021-153534","特願2020-059260","2020/03/30","2021/10/07","処理物製造装置、処理物製造方法、処理物製造装置用プログラム、および、処理物製造システム","株式会社安川電機","C12M1/00@A,B25J13/00@Z","特開2021-153534","","","","","https://www.j-platpat.inpit.go.jp/c1800/PU/JP-2021-153534/69516503613DEBBC2AC7AEF53509BA3B65C65999F317489B79F1B4B571753CD9/11/ja"
"特開2021-153533","特願2020-059259","2020/03/30","2021/10/07","細胞製造装置、細胞製造方法、細胞製造装置用プログラム、および、細胞製造システム","株式会社安川電機","C12M3/00@A,B25J13/00@Z,C12M1/00@C,C12N5/071,C12N5/077,C12N5/078,C12N5/09,C12N5/079","特開2021-153533","","","","","https://www.j-platpat.inpit.go.jp/c1800/PU/JP-2021-153533/59F665D2F2BCACAA94B5E63DE53D424D45CFC0F44880501F8FEC546CEC806591/11/ja"
"特許6946541","特願2020-217442","2020/12/25","2021/10/06","河川監視装置、河川監視システム","株式会社クボタ","G08B25/00,510@M,G08B21/18,H04N7/18@D","特開2022-102609","","特許6946541","","","https://www.j-platpat.inpit.go.jp/c1800/PU/JP-6946541/C825A31D2EE47A54AFB9ACFACC020E04D2CC6C763E793441C89DAC74595AED82/15/ja"
"特許6945909","特願2021-094463","2021/06/04","2021/10/06","メッセージ伝達シナリオ生成装置、メッセージ伝達シナリオ生成方法、及びメッセージ伝達シナリオ生成プログラム","株式会社アクリート","G06F13/00,650@B,H04L51/04,H04L67/00,G06Q10/10,330,G06Q10/107","特開2022-186308","","特許6945909","","","https://www.j-platpat.inpit.go.jp/c1800/PU/JP-6945909/ADA4B4E272A22EE6E3486F25396CE5E5DF71B2B1B2453E1A6BD1F48BA1265F50/15/ja"
"特許6945899","特願2021-021444","2021/02/15","2021/10/06","教育装置、教育方法及び教育装置用プログラム","お母さん株式会社","G09B5/08,G06Q50/20,300,G06N20/00,130,G09B7/02","特開2022-123960","","特許6945899","","","https://www.j-platpat.inpit.go.jp/c1800/PU/JP-6945899/90AA02C68802AE49B41B0536B286783C8F78A3FDA30BDF00F583834812B65CF9/15/ja"
"特許6945250","特願2020-136044","2020/08/11","2021/10/06","ユニフォーム・サイズ決定システム","株式会社ユニメイト","G06Q30/06,320,G01B11/02@H,G06Q30/0601,320","特開2022-032357","","特許6945250","","","https://www.j-platpat.inpit.go.jp/c1800/PU/JP-6945250/B695D2C721050C7422DBF4EA2B4D295AA5E382ACF21BB7B6119819BA071BE65D/15/ja"
"特許6944605","特願2021-037636","2021/03/09","2021/10/06","地盤改良体の攪拌混合状況確認方法","株式会社不動テトラ","E02D3/12,102,E02D1/00","特開2022-137913","","特許6944605","","","https://www.j-platpat.inpit.go.jp/c1800/PU/JP-6944605/176C434EE40ED078AF5C379AB506676F7DD0C6E58E116CD8C84890842D3BE578/15/ja"
"特許6944015","特願2020-083259","2020/05/11","2021/10/06","操船計算装置","株式会社日本海洋科学,日本郵船株式会社","G08G3/02@A,B63B49/00@Z,B63B43/20","特開2021-179674","","特許6944015","","","https://www.j-platpat.inpit.go.jp/c1800/PU/JP-6944015/0948EFB53DA4743C571BA9B465F1EF2C18A2210D028BD2DB43749DD175466080/15/ja"
