﻿"文献番号","出願番号","出願日","公知日","発明の名称","出願人/権利者","FI","公開番号","公告番号","登録番号","審判番号","その他","文献URL"
"再表2020/105741","特願2020-557892","2020/02/17","2020/05/28","細胞培養容器、その製造方法、及びそれを用いた細胞の製造方法","株式会社カネカ","C12M3/00@Z,C12N5/07,C12M1/34@A","WO2020/105741","","","","再表2020/105741","https://www.j-platpat.inpit.go.jp/c1800/PU/JP-2020-105741/3D0ACCC6491C4D0C1990BF309B783AD03C4E7F6F2D475CF0787E82F9CDA58DC5/19/ja"
"再表2020/105699","特願2020-557614","2019/11/21","2020/05/28","消化器官の内視鏡画像による疾患の診断支援システム、診断支援システムの作動方法、診断支援プログラム及びこの診断支援プログラムを記憶したコンピュータ読み取り可能な記録媒体","株式会社ＡＩメディカルサービス","A61B1/045,614,A61B1/00@C,A61B1/045,618","WO2020/105699","","特許7037220","","再表2020/105699","https://www.j-platpat.inpit.go.jp/c1800/PU/JP-2020-105699/F3E6AB6FDFF17B4AF4AB35D90C54984D091BD6DC07D586DCC05A78F464119827/19/ja"
"再表2020/105532","特願2020-558328","2019/11/14","2020/05/28","紙おむつの状態検出システム","ダイオーエンジニアリング株式会社,大王製紙株式会社","G16H40/20,G06Q50/22,A61F13/42@F,G16Y10/60,G16Y20/20,G16Y40/10","WO2020/105532","","","","再表2020/105532","https://www.j-platpat.inpit.go.jp/c1800/PU/JP-2020-105532/2A1CE735F9BD51A8448DF773CD8FFFAB09A33FC06C1071D36EFCC317B5371D36/19/ja"
"特表2022-501667","特願2020-549789","2019/08/29","2020/05/28","移動ロボットを制御するための方法、装置及び制御システム","バイドゥ　オンライン　ネットワーク　テクノロジー　（ベイジン）　カンパニー　リミテッド,アポロ　インテリジェント　ドライビング　テクノロジー（ペキン）カンパニー　リミテッド","G05D1/02@Z","特表2022-501667","","特許7196189","","","https://www.j-platpat.inpit.go.jp/c1800/PU/JP-2022-501667/C13E2321851895102462C1D83C480A30F459DAEE04A183394DE97A57E606B14A/11/ja"
"特表2021-535644","特願2021-506473","2019/05/09","2020/05/28","サービス処理方法および関連装置","華為技術有限公司","H04M1/72454,H04M1/72412,G06Q10/10,G06Q20/32,300,H04M1/00@R","特表2021-535644","","特許7186857","","","https://www.j-platpat.inpit.go.jp/c1800/PU/JP-2021-535644/42A83D53D55A697E39E16D44AB77188A38EC283A449760779EFAB8741E4A916F/11/ja"
"特表2022-502112","特願2021-512649","2019/11/12","2020/05/28","仮想環境における仮想対象のスケジューリング方法、装置、デバイス及びコンピュータプログラム","テンセント・テクノロジー・（シェンジェン）・カンパニー・リミテッド","A63F13/45,G06F9/455,150,G06F9/48,300@Z,G06N20/00,G06Q50/10,A63F13/822","特表2022-502112","","特許7159458","","","https://www.j-platpat.inpit.go.jp/c1800/PU/JP-2022-502112/49A6D29DBCDC89A3C747ED232BFF2F8BBB11B53D677746AA942D7F9997FCC48B/11/ja"
"特表2021-530008","特願2020-550723","2019/07/19","2020/05/28","移動ロボットを制御するための方法、装置及び制御システム","バイドゥ　オンライン　ネットワーク　テクノロジー　（ベイジン）　カンパニー　リミテッド,アポロ　インテリジェント　ドライビング　テクノロジー（ペキン）カンパニー　リミテッド","G05D1/02@P,G05D1/02@H","特表2021-530008","","特許7083402","","","https://www.j-platpat.inpit.go.jp/c1800/PU/JP-2021-530008/CBAD70952F544305C7BF2D007D09A75DF93F2C9FC990358098AAADD28A52C47B/11/ja"
"特表2021-509963","特願2019-528751","2019/03/05","2020/05/28","マルチビーム選定方法及び装置","北京小米智能科技有限公司","G10L25/51,400,G10L15/28,400","特表2021-509963","","特許6964666","","","https://www.j-platpat.inpit.go.jp/c1800/PU/JP-2021-509963/71937C64DC0C4E59BB09D6EFFD75E1B09EEA05E8E88AA91918ABCD6AD5F8B06F/11/ja"
"特表2022-519004","特願2021-528848","2019/11/19","2020/05/28","ハイブリッド型量子コンピュータを含むシステム及び方法、量子情報技術の態様並びに／又は他の特徴","キューエムウェア　アーゲー","G06N10/00","特表2022-519004","","","","","https://www.j-platpat.inpit.go.jp/c1800/PU/JP-2022-519004/CB21ACC8F98C61AC30758815E01D09C6AFD4C22EFAAC5078DE07054237F3528E/11/ja"
"特表2022-511754","特願2021-529143","2019/11/19","2020/05/28","再構成可能データ・プロセッサの構成アンロード","サンバノヴァ　システムズ，　インク．","G06F15/80,G06F15/173,683@C,G06F15/177@A,G06F8/654,H03K19/17758","特表2022-511754","","","","","https://www.j-platpat.inpit.go.jp/c1800/PU/JP-2022-511754/3AD261F3AD384BE8B351BC8D8727BF33F08D176644098E5B79D63806A209998E/11/ja"
"特表2022-511739","特願2021-528378","2019/11/20","2020/05/28","治療モニタリングシステム","マサチューセッツ　インスティテュート　オブ　テクノロジー","A61B5/00,102@A","特表2022-511739","","","","","https://www.j-platpat.inpit.go.jp/c1800/PU/JP-2022-511739/740228F3182DA13D09B6D2F96393698D9494EDCEC01CDC0B5D50EDCE3B038FC3/11/ja"
"特表2022-511313","特願2021-514017","2019/11/19","2020/05/28","物理オブジェクトの欠陥を判定するためのシステム及び方法","ビーエヌエスエフ　レイルウェイ　カンパニー","G01N21/88@J","特表2022-511313","","","","","https://www.j-platpat.inpit.go.jp/c1800/PU/JP-2022-511313/2AC785EEBDB233050AA1BFCD4FC1B0F1B752F416F1BA33030D3B4E0671F9CD4F/11/ja"
"特表2022-511161","特願2020-550098","2019/08/29","2020/05/28","無人運転車両を制御するための方法及び装置","バイドゥ　オンライン　ネットワーク　テクノロジー　（ベイジン）　カンパニー　リミテッド,アポロ　インテリジェント　ドライビング　テクノロジー（ペキン）カンパニー　リミテッド","G08G1/16@F,G16Y10/40,G16Y20/20,G16Y40/10","特表2022-511161","","","","","https://www.j-platpat.inpit.go.jp/c1800/PU/JP-2022-511161/79B2F5949190FCF55AF9EDB4977B701228C187291BBDE721BC1936BE19E04750/11/ja"
"特表2022-510852","特願2021-529097","2019/11/19","2020/05/28","再構成可能データ・プロセッサの構成ロード","サンバノヴァ　システムズ，　インク．","G06F15/80,G06F15/173,683@C,G06F15/177@B,G06F8/654,H03K19/177","特表2022-510852","","","","","https://www.j-platpat.inpit.go.jp/c1800/PU/JP-2022-510852/3876C7E691B24C975DF590BD8329CA5FB024F5B80D055E4CD4E522828B7CAA6E/11/ja"
"特表2022-510818","特願2021-527995","2019/11/18","2020/05/28","改良されたデータマッチングのためのデータレコードの字訳","アマゾン　テクノロジーズ　インコーポレイテッド","G06F16/383","特表2022-510818","","","","","https://www.j-platpat.inpit.go.jp/c1800/PU/JP-2022-510818/97BDAEC9D7DD29E42DC4368B7F3F8021C446AF650C7307D3BFCA6E7786A9731D/11/ja"
"特表2022-510600","特願2021-528466","2019/11/19","2020/05/28","クラウドゲームのサービスとしてのテスト","ソニー・インタラクティブエンタテインメント　エルエルシー","A63F13/60,A63F13/355,G06F11/34,176,G06F11/36,184,G06F11/36,192,A63F13/67,A63F13/77,A63F13/35","特表2022-510600","","","","","https://www.j-platpat.inpit.go.jp/c1800/PU/JP-2022-510600/52532DED986DA5B6C69A3647E0488711ED595DE80649A9F2F27BC8737BD9EB01/11/ja"
"特表2022-509959","特願2021-527993","2019/11/20","2020/05/28","学習型のオートフォーカス","ライカ　マイクロシステムズ　シーエムエス　ゲゼルシャフト　ミット　ベシュレンクテル　ハフツング","G02B7/28@N,G02B21/00,G02B7/28@J,G03B13/36,G06T7/00,350@B,H04N5/225,400,H04N5/232,120,H04N23/55,H04N23/67","特表2022-509959","","","","","https://www.j-platpat.inpit.go.jp/c1800/PU/JP-2022-509959/488FAB91439186E4B73AF63421636D526C08424C0DBE8A86354F7CB42A89774C/11/ja"
"特表2022-509956","特願2021-527809","2019/11/21","2020/05/28","絶縁部材の製造方法及び製造システム","ビーエーエスエフ　ソシエタス・ヨーロピア","G05B19/418@Z","特表2022-509956","","","","","https://www.j-platpat.inpit.go.jp/c1800/PU/JP-2022-509956/6AF29BE69581842D66A4D119FC843013AA8F16AF5B49232E957885DB9D808CAB/11/ja"
"特表2022-509554","特願2021-550678","2019/11/15","2020/05/28","モチベーションを検出する方法及びシステム","ベリフィックス，インコーポレイテッド","G06Q30/02,G16Y20/40,G16Y40/20","特表2022-509554","","","","","https://www.j-platpat.inpit.go.jp/c1800/PU/JP-2022-509554/1804E036EC630527BD041001898B8F3F3E1CAF43FF99AFA8706C8FF1E8D38AB2/11/ja"
"特表2022-509164","特願2021-529101","2019/11/25","2020/05/28","修正された顎間関係における患者の下顎及び上顎のアーチのモデルをアニメーション化する方法","モジャ","A61C19/045,A61C7/00","特表2022-509164","","","","","https://www.j-platpat.inpit.go.jp/c1800/PU/JP-2022-509164/42ABD4E778497130FCB6967665975AB6B565FAF578C756EBBEE918E82D500471/11/ja"
"特表2022-509151","特願2021-528886","2019/11/22","2020/05/28","複数の物質を混合するためのカプセル、装置、および方法","キャプスラブ　リミテッド","B01F15/02@A,A61J3/00,310@C,B01F3/06,B01F3/12,B01F3/18,B01F7/18@B,B01F15/02@B,B01F15/02@C,B01F15/06@A","特表2022-509151","","","","","https://www.j-platpat.inpit.go.jp/c1800/PU/JP-2022-509151/4859A3530D06ADFE05BB809EEE314D40E99DADB85D94E3464DCADE7CB5FF280B/11/ja"
"特表2022-509136","特願2021-528372","2019/11/21","2020/05/28","リアルタイム研磨データを取得するためのシステムおよび方法","サンーゴバン　アブレイシブズ，インコーポレイティド,サン－ゴバン　アブラジフ","B24B23/02,B24B49/10","特表2022-509136","","","","","https://www.j-platpat.inpit.go.jp/c1800/PU/JP-2022-509136/43D65BBE32BC1F5CF5F8B7B32C211B7015C10B3740000CCBB227E1CBC209103A/11/ja"
"特表2022-508615","特願2021-543978","2019/10/02","2020/05/28","モーター駆動を備える全方向移動表面","ジ　オムニパッド　カンパニー　エルエルシー,ニール　エプスタイン,オムニパッド　インコーポレイテッド","A63B22/02","特表2022-508615","","","","","https://www.j-platpat.inpit.go.jp/c1800/PU/JP-2022-508615/8BA99DBF34A21B48B98526A4CCA31DFC2464D9A59F42CBA0878821DB5A72DB46/11/ja"
"特表2022-508169","特願2021-528873","2019/11/20","2020/05/28","埋め込み型血管アクセスデバイスのための無線充電、位置特定、およびデータ通信","オンコディスク，　インコーポレイテッド","A61B5/00@B,A61B5/145,A61M37/00,560,G16H10/60","特表2022-508169","","","","","https://www.j-platpat.inpit.go.jp/c1800/PU/JP-2022-508169/4B37E030DF298B53C4E92008A310203B2C1B1BAE29E8D699060B48ED16C56CED/11/ja"
"特表2022-508152","特願2021-527976","2019/11/15","2020/05/28","保護された健康情報を追跡し、それにアクセスし、それをマージするためのシステムおよび方法","アーテリーズ　インコーポレイテッド","G16H70/00,A61B5/055,390","特表2022-508152","","","","","https://www.j-platpat.inpit.go.jp/c1800/PU/JP-2022-508152/907278A2F820AD540ACCAC0F455962368EEFE23F14058D9FFE2F21AD111BB461/11/ja"
"特表2022-508136","特願2021-527251","2019/10/28","2020/05/28","自動装置のための拡張装置","シーメンス　アクチエンゲゼルシヤフト","G05B19/05@F","特表2022-508136","","","","","https://www.j-platpat.inpit.go.jp/c1800/PU/JP-2022-508136/BD87296C7A050308325F2858DC97D595978B2E191581FAB760DBFCCD26723FC6/11/ja"
"特表2022-507939","特願2021-529052","2019/11/20","2020/05/28","調整されたコンポーネントインターフェース制御フレームワーク","ズークス　インコーポレイテッド","G06F11/34,176,G06F8/65","特表2022-507939","","","","","https://www.j-platpat.inpit.go.jp/c1800/PU/JP-2022-507939/B91F36C8E30A4D8F47B7F724E39401B97DE5372F2F93B5757CF17B91A6CA29B0/11/ja"
"特表2022-507929","特願2021-529004","2019/11/15","2020/05/28","送付サイクルの開始を簡単にした物体を送付するためのシステム","ピーエー　コット　エスエー","G06Q10/08,300,G06Q10/083","特表2022-507929","","","","","https://www.j-platpat.inpit.go.jp/c1800/PU/JP-2022-507929/9112254639AEFD7E198DBF5A691C5C76B9EE7E118B9615638E5943114ABE7EB5/11/ja"
"特表2022-507861","特願2021-528405","2019/11/04","2020/05/28","脳機能地図のサル－ヒト種間移行に基づいて精神疾患の個別的予測を行う方法およびシステム","センター　フォー　エクセレンス　イン　ブレイン　サイエンス　アンド　インテリジェンス　テクノロジー，チャイニーズ　アカデミー　オブ　サイエンシーズ","A61B5/055,380","特表2022-507861","","","","","https://www.j-platpat.inpit.go.jp/c1800/PU/JP-2022-507861/22265D6DCDF31235A43AAECB987A09E160A2197BCA503A68652C54360770B6F0/11/ja"
"特表2022-507834","特願2021-527983","2019/11/19","2020/05/28","呼吸障害の検出のための方法および装置","レスメッド　センサー　テクノロジーズ　リミテッド","A61B5/08,A61B5/16,130","特表2022-507834","","","","","https://www.j-platpat.inpit.go.jp/c1800/PU/JP-2022-507834/E4935E7EEC7FDED97699EBA366DD94959086A816CB6A5A8A24763B3951D282C0/11/ja"
"特表2022-507825","特願2021-527941","2019/11/19","2020/05/28","行列の空間局所性変換","グロック，インコーポレイテッド","G06F17/10@A","特表2022-507825","","","","","https://www.j-platpat.inpit.go.jp/c1800/PU/JP-2022-507825/6D5D157324A22EA56885127C58EF207D2AEB7A0412EBF90FFFC162EB21D61EE9/11/ja"
"特表2022-507736","特願2021-527189","2019/11/11","2020/05/28","放射線画像における病変の特徴づけ","コーニンクレッカ　フィリップス　エヌ　ヴェ","G01N33/48@Z,G01N33/483@C,A61B5/00@L","特表2022-507736","","","","","https://www.j-platpat.inpit.go.jp/c1800/PU/JP-2022-507736/34E71C8DB8279A57D92944AFF4CC1284C85AE7C240C7953A276B40447CC448E6/11/ja"
"特表2022-507705","特願2021-527130","2019/11/20","2020/05/28","勃起能力測定装置及び勃起能力検査システム","ジョ、ジュン　キ","A61B10/00@H,A61B5/107","特表2022-507705","","","","","https://www.j-platpat.inpit.go.jp/c1800/PU/JP-2022-507705/42481689246E6A0A9FAA5EC1DFF51A579205BBB69067E1E34D5408FE9C8BC8D9/11/ja"
"特表2022-507602","特願2021-526718","2019/11/04","2020/05/28","多言語タグベースのレビューシステム","ユン，　ヨガール","G06Q30/02,300,G06Q30/06,300,G06F16/907,G06Q30/0201,G06Q30/0601","特表2022-507602","","","","","https://www.j-platpat.inpit.go.jp/c1800/PU/JP-2022-507602/A775EE346C2FFF9C2EFC050989DB98EDBBB4AF397DBF350D5FE291B115BCED4A/11/ja"
"特開2020-080503","特願2018-213589","2018/11/14","2020/05/28","エージェント装置、エージェント提示方法、およびプログラム","本田技研工業株式会社","H04S7/00,300,B60R11/02@S,B60R11/04,B60R11/02@C,G06F3/16,690,G06F3/16,650,G06F3/16,660,G10L15/10,500@T,G10L15/02,300@Z,G10L25/51,400,G06F3/01,510","特開2020-080503","","","","","https://www.j-platpat.inpit.go.jp/c1800/PU/JP-2020-080503/6FCC860674F841A29CA0DB78A68F1A65262C1290BEEC1932EBBFD17A95770974/11/ja"
"特開2020-080165","特願2020-016765","2020/02/04","2020/05/28","シミュレーションの正確度および性能に対する画質評価","ハートフロー，　インコーポレイテッド","G06T7/00@Q,A61B5/026,A61B6/03,375,A61B5/00@G,A61B6/03,360@D,G06T7/00,612,G06V10/98","特開2020-080165","","","","","https://www.j-platpat.inpit.go.jp/c1800/PU/JP-2020-080165/E321DE17BCA8AC8E69409B6C45B18524EC435083B773CAE6AD9232602A841E4F/11/ja"
"特開2020-080151","特願2019-199214","2019/10/31","2020/05/28","商品情報管理システム及びサービス情報管理システム","株式会社すなおネット","G06Q30/06,G06Q30/00,340,G06Q30/02,470,G06Q30/015,G06Q30/018","特開2020-080151","","特許6782033","","","https://www.j-platpat.inpit.go.jp/c1800/PU/JP-2020-080151/C70A54BA404811DD8307D544F7683955F827B7B7B6388CE02F3FE7BB92551234/11/ja"
"特開2020-080150","特願2019-199076","2019/10/31","2020/05/28","商品情報管理システム及びサービス情報管理システム","株式会社すなおネット","G06Q30/06,G06Q30/00,340,G06Q30/02,470,G06Q30/015,G06Q30/018","特開2020-080150","","特許6879587","","","https://www.j-platpat.inpit.go.jp/c1800/PU/JP-2020-080150/4114B22A883187BF1777385A2FC5E169FC78C61B5B8FA7B75CFC037A784B8A93/11/ja"
"特開2020-080147","特願2019-192706","2019/10/23","2020/05/28","保全活動サポートシステムおよび保全活動サポート方法","株式会社東芝,東芝エネルギーシステムズ株式会社","G06Q10/00,300,G01B11/00@H,G01B11/26@H,G06Q10/20","特開2020-080147","","","","","https://www.j-platpat.inpit.go.jp/c1800/PU/JP-2020-080147/CD4D48D201E4DD392872B887732B3E9BCEAD957BB1B8E36FB24909BE7077B07F/11/ja"
"特開2020-080144","特願2019-182925","2019/10/03","2020/05/28","商品情報管理システム及びサービス情報管理システム","株式会社すなおネット","G06Q30/02,G06Q30/00,340,G06Q30/02,470,G06Q30/015,G06Q30/018","特開2020-080144","","特許6828916","","","https://www.j-platpat.inpit.go.jp/c1800/PU/JP-2020-080144/8EDC86E07ED50A7F8F067B468AEAB622F72FB4243EF7810D1758514EB44197F1/11/ja"
"特開2020-080140","特願2019-168525","2019/09/17","2020/05/28","商品情報管理システム及びサービス情報管理システム","株式会社すなおネット","G06Q30/02,380,G06Q30/02,G16Y10/00,G06Q30/00,340,G06Q30/02,470,G06Q30/015,G06Q30/018,G06Q30/0241","特開2020-080140","","特許6727677","","","https://www.j-platpat.inpit.go.jp/c1800/PU/JP-2020-080140/02E143CE4B43836BA473C4383ED7CAB59B4454278973D30A6DE1CE41789BC9F8/11/ja"
"特開2020-080137","特願2019-075748","2019/04/11","2020/05/28","商品情報管理システム及びサービス情報管理システム","株式会社すなおネット","G06Q30/02,470,G06Q30/00,340,G06Q30/015,G06Q30/018","特開2020-080137","","特許6774113","","","https://www.j-platpat.inpit.go.jp/c1800/PU/JP-2020-080137/D9C3E5800BE3D33E4B7C73417FF06A0F1250BB33AAC4907FF490FC44B8C433CD/11/ja"
"特開2020-080106","特願2018-213822","2018/11/14","2020/05/28","コミュニケーション支援ロボット","ラジエンスウエア株式会社","G16H80/00,A61G12/00@E,G10L15/22,300@U","特開2020-080106","","","","","https://www.j-platpat.inpit.go.jp/c1800/PU/JP-2020-080106/95BB102662B9E56653A005024B6192ACE95308347301CF7335C72C4FD43929AD/11/ja"
"特開2020-079997","特願2018-212207","2018/11/12","2020/05/28","情報処理装置、情報処理方法、及びプログラム","ソニー株式会社","G05D1/02@K","特開2020-079997","","","","","https://www.j-platpat.inpit.go.jp/c1800/PU/JP-2020-079997/DA4EB25FFF8D65B6074D92243BE43F206C7D33B79551C3905155AC25006FFBF7/11/ja"
"特開2020-079994","特願2018-212163","2018/11/12","2020/05/28","車両の情報処理システム","トヨタ自動車株式会社","G06Q30/06,350,G08G1/00@D,G06Q30/04,G06Q10/00,300,G06Q10/20,G06Q30/0645","特開2020-079994","","特許7107179","","","https://www.j-platpat.inpit.go.jp/c1800/PU/JP-2020-079994/56B7C871184362F7AFAB356E8DB7A3250866C3735C3FF690F8617B53E7D9E20A/11/ja"
"特開2020-079974","特願2018-211927","2018/11/12","2020/05/28","足用操作装置及び足用操作方法","ジャパンモード株式会社","G06F3/01,510,A63F13/426,G06F3/033@Z,G06F3/0487","特開2020-079974","","","","","https://www.j-platpat.inpit.go.jp/c1800/PU/JP-2020-079974/EBE25BC15207556723C0476E0136B7ACEB6036D9A367C03CAFFE58E3E63263E1/11/ja"
"特開2020-079943","特願2020-001314","2020/01/08","2020/05/28","プログラム作成支援システム及びその方法","合同会社オフィス・ゼロ","G09B3/04,G09B7/02,G06Q50/20,G06F8/30,G09B1/16,G09B5/02,G09B19/00@Z","特開2020-079943","","特許6815052","","","https://www.j-platpat.inpit.go.jp/c1800/PU/JP-2020-079943/A6DEB1100FE4D5E1C19170510D0563416F3FA9FF2B56C83C8B16BED884B2576D/11/ja"
"特開2020-079865","特願2018-212916","2018/11/13","2020/05/28","情報処理装置、エージェントシステム、情報処理方法、およびプログラム","本田技研工業株式会社","G10L15/22,300@U,G01C21/36,G06F3/16,650,G10L15/00,200@J,G10L15/30,G10L13/00,100@M,G08G1/09@H,B60W60/00","特開2020-079865","","","","","https://www.j-platpat.inpit.go.jp/c1800/PU/JP-2020-079865/7370CDA087AD48843F2AA0FEAA418A2F0174C4BC124D3CDD45841D893282062C/11/ja"
"特開2020-079526","特願2018-213283","2018/11/13","2020/05/28","構造物点検システム","オリエンタル白石株式会社,株式会社ティ・エス・プランニング","E04G23/02@A,B64C27/08,B64C39/02,B64D47/08,E01D22/00@A","特開2020-079526","","","","","https://www.j-platpat.inpit.go.jp/c1800/PU/JP-2020-079526/34B28F5990D05F20474E86C6BEF6B6C762605E6E51C6FDE9FD19DCCB246D0EE9/11/ja"
"特開2020-078998","特願2018-212867","2018/11/13","2020/05/28","車両用クリーナシステム","株式会社小糸製作所","B60S1/60@Z,G01N27/06,B60S1/60@A,F21S45/10,F21W102:00,F21W103:00,F21W103:10,F21W103:20,B60S1/56,120@Z,B60S1/56,100,B60S1/62,110@A,B60S1/62,110@B,B60S1/62,110@C,B60S1/62,120@B,B60S1/62,120@C","特開2020-078998","","","","","https://www.j-platpat.inpit.go.jp/c1800/PU/JP-2020-078998/4139F5C7096B087E84D01FEF83D40D4BBF21CE558ECFBCF2D165C4B49CE61A60/11/ja"
"特開2020-078556","特願2019-221377","2019/12/06","2020/05/28","多機能スマート移動補助装置及び利用方法","アーマッド・アルサエド・エム・アルガジ","A45B9/00@B,A61B5/00,102@C,H04M1/72,H04M1/71","特開2020-078556","","特許6934929","","","https://www.j-platpat.inpit.go.jp/c1800/PU/JP-2020-078556/6289F15DCC996DDABB20E7D4F60C3D60D69E6D2763CDC729C30969F631B35ADA/11/ja"
"特開2020-078539","特願2019-032163","2019/02/25","2020/05/28","消化器官の内視鏡画像による疾患の診断支援方法、診断支援システム、診断支援プログラム及びこの診断支援プログラムを記憶したコンピュータ読み取り可能な記録媒体","多田　智裕,株式会社ＡＩメディカルサービス","A61B1/045,614,A61B1/045,618","特開2020-078539","","特許7017198","","","https://www.j-platpat.inpit.go.jp/c1800/PU/JP-2020-078539/11DA2CB37E8BD4CB1C5FACC9009A13AAB493048E05B76A6356E86B6A598685FA/11/ja"
"特開2020-078278","特願2018-213472","2018/11/14","2020/05/28","養殖魚の自動給餌方法並びに自動給餌システム","株式会社　アイエスイー,有限会社友栄水産,江崎　修央","A01K61/80,G06N99/00,150,G06Q50/02,G06N20/00,G16Y10/00,G16Y10/15,G16Y40/20","特開2020-078278","","特許6739049","","","https://www.j-platpat.inpit.go.jp/c1800/PU/JP-2020-078278/63338573E5B3FF41DF09CAAA4A81201495C207CE318CA8CC4C857A3212AA26EC/11/ja"
"特許6701400","特願2019-037552","2019/03/01","2020/05/27","属性推定装置、属性推定方法及びプログラム","西日本電信電話株式会社","G06F16/28,G06F16/483,G06N20/00,130,G06Q30/02,398,G06F16/00,G06Q30/0251","特開2020-140624","","特許6701400","","","https://www.j-platpat.inpit.go.jp/c1800/PU/JP-6701400/CD6E0BE4B4DAE757E7671872DD1A9796F0E1D75122858C9D942E3FC37FE58550/15/ja"
"特許6698201","特願2019-144494","2019/08/06","2020/05/27","音声制御調理器具プラットフォーム","株式会社Ｒｅｍｙ","G10L15/28,500,F24C15/00@K,G06F3/16,670,G06F3/16,630,G10L15/00,200@N","特開2021-026121","","特許6698201","","","https://www.j-platpat.inpit.go.jp/c1800/PU/JP-6698201/A19E0EFB184158BDCCB272B3E4F9CA1ECD1F7E46FF727D06875A06CB8DB00710/15/ja"
"再表2020/100922","特願2020-556131","2019/11/12","2020/05/22","データ配信システム、センサデバイス及びサーバ","ソニーセミコンダクタソリューションズ株式会社","G06Q50/10,H04N7/18@D,H04N7/18@K","WO2020/100922","","","","再表2020/100922","https://www.j-platpat.inpit.go.jp/c1800/PU/JP-2020-100922/1C71C9E8067C8CA2332A055326E6C5209A286E87352FF1E00B94DB982EAD9E35/19/ja"
"再表2020/100660","特願2020-530404","2019/11/05","2020/05/22","情報処理方法および情報処理システム","ソニー株式会社","G06T7/00,350@B,G06T7/00,612","WO2020/100660","","","","再表2020/100660","https://www.j-platpat.inpit.go.jp/c1800/PU/JP-2020-100660/602FEBB06E0CD7C0683A9C281909B6A8E575498B1EACF743536F27DCE6D05E5A/19/ja"
"再表2020/100656","特願2020-556081","2019/11/05","2020/05/22","赤外線カメラシステム、赤外線カメラモジュール及び車両","株式会社小糸製作所","G08G1/16@C,H04N7/18@J,H04N5/235,400,H04N5/225,600,H04N5/225,800,H04N23/45,H04N23/56,H04N23/74","WO2020/100656","","","","再表2020/100656","https://www.j-platpat.inpit.go.jp/c1800/PU/JP-2020-100656/DCDC123730F21727BB029CC319077292C17AEA4A23E56BDCA168B5C494560A88/19/ja"
"再表2020/100360","特願2020-556603","2019/08/07","2020/05/22","補償光学システムおよび光学補償方法","公益財団法人レーザー技術総合研究所,国立研究開発法人理化学研究所,三菱重工業株式会社","G02B23/00","WO2020/100360","","特許7208598","","再表2020/100360","https://www.j-platpat.inpit.go.jp/c1800/PU/JP-2020-100360/505B7C0E539A12C0AFA8682E4E5E54B1598281CF72BF77C4170595D53CAFC634/19/ja"
"再表2020/100330","特願2020-512759","2019/05/23","2020/05/22","単結晶体、赤外線受光素子及び単結晶体の製造方法","ＪＸ金属株式会社,国立大学法人茨城大学","H01L31/08@N,H01L31/10@A","WO2020/100330","","特許6782881","","再表2020/100330","https://www.j-platpat.inpit.go.jp/c1800/PU/JP-2020-100330/8E5A01479AB444C7658E534A8DCA85E0ABBEE0A41825CE09020A0969C6B79EBA/19/ja"
"再表2020/099985","特願2020-556362","2019/11/06","2020/05/22","画像検索システム、及び画像検索方法","株式会社半導体エネルギー研究所","G06T7/00,350@C,G06F16/532,G06N3/04","WO2020/099985","","","","再表2020/099985","https://www.j-platpat.inpit.go.jp/c1800/PU/JP-2020-099985/5E0B12C783F6E33FD630A03B9F49B7F8BBB0A665D9033C60B2869B4E36C5AD5D/19/ja"
"特表2022-518322","特願2021-525648","2019/10/10","2020/05/22","ソフトクロスエントロピー損失を用いたセマンティックセグメンテーション","ソニーグループ株式会社","G06N3/08,G06T7/00,350@C,G06N20/00,G06T7/00,650","特表2022-518322","","特許7218805","","","https://www.j-platpat.inpit.go.jp/c1800/PU/JP-2022-518322/01F560C9704BA7A6DC5E94CD02D574F30DF9B3A2F9CB600204BB3250C2E3E881/11/ja"
"特表2022-511310","特願2021-513901","2019/11/07","2020/05/22","ディスプレイ装置及びその制御方法","サムスン　エレクトロニクス　カンパニー　リミテッド","H04N19/117,G06T7/00,350@C,G06T3/40,725,G06T3/40,730,H04N19/86,H04N7/01,170","特表2022-511310","","特許7214845","","","https://www.j-platpat.inpit.go.jp/c1800/PU/JP-2022-511310/B2CBABE4DE70892F32F55D17B46B7A87739A04CB6FD9065755401DC7DDD6B014/11/ja"
"特表2021-509491","特願2019-507912","2019/01/15","2020/05/22","医用画像評価のためのディープラーニングの応用","キュア．エーアイ　テクノロジーズ　プライベート　リミテッド","G06T7/00,350@C,A61B6/00,360@Z,A61B6/00,350@D,G06T7/00,614,G06T7/00,612","特表2021-509491","","特許7097350","","","https://www.j-platpat.inpit.go.jp/c1800/PU/JP-2021-509491/D7055FE7FE2E1718B960582734632E6C1669805F925E55E03F9410165AE6C0C0/11/ja"
"特表2022-507266","特願2021-525754","2019/11/12","2020/05/22","ＳＡＡＳアプリケーションのためのプッシュ配信通知サービスのためのシステムおよび方法","サイトリックス　システムズ，インコーポレイテッド","G06F13/00,540@P,H04L67/02","特表2022-507266","","特許7076641","","","https://www.j-platpat.inpit.go.jp/c1800/PU/JP-2022-507266/61577194043448C8C4F824B52F045FDDFC66F9EE5762AB02EA834D8BD05B7B0E/11/ja"
"特許6998497","特願2021-525099","2019/11/11","2020/05/22","ライブＳＡＡＳオブジェクトのためのシステムおよび方法","サイトリックス　システムズ，インコーポレイテッド","G06F21/62,318,G06F21/41,G06F9/46,420@A,G06F21/31,G06F9/54@Z","特表2022-513596","","特許6998497","","","https://www.j-platpat.inpit.go.jp/c1800/PU/JP-6998497/DEAE0A62DEAD2DB12829CFE92967FE6CBB65F810D3509BAEF70DFA5AEE8FDD19/15/ja"
"特許6994607","特願2021-525098","2019/11/11","2020/05/22","ＳＡＡＳアプリケーションのためのインテリセンスのためのシステムおよび方法","サイトリックス　システムズ，インコーポレイテッド","G06F21/62","特表2022-513595","","特許6994607","","","https://www.j-platpat.inpit.go.jp/c1800/PU/JP-6994607/632CC3E690AC52F4E74E0B79B00DBF5470A474E4C03C45C1066A7DB5A95E7589/15/ja"
"特許6865981","特願2019-559328","2019/03/27","2020/05/22","ディープラーニングベースの画像解析方法、システム及び携帯端末","トゥアト　カンパニー，リミテッド","G06T7/00,350@B,G06T7/00,350@C","特表2021-513125","","特許6865981","","","https://www.j-platpat.inpit.go.jp/c1800/PU/JP-6865981/1168FFF1AA371684CF0BFDD40E3A2384CF735F4A27E5EB46947670F7F2120C49/15/ja"
"特表2022-514185","特願2021-525712","2019/11/01","2020/05/22","ニューラルネットワークに基づくレシピ発生","ジャーニー　フーズ　インコーポレイテッド","G06Q50/10","特表2022-514185","","","","","https://www.j-platpat.inpit.go.jp/c1800/PU/JP-2022-514185/96E552860284C586F546368047CFF28AF88C17C73109C4FAE5AB8A4B6A76E9B6/11/ja"
"特表2022-513038","特願2021-526353","2019/11/12","2020/05/22","チューブリン結合薬を使用する癌の治療方法","ビヨンドスプリング　ファーマシューティカルズ，インコーポレイテッド","A61K45/00,C12Q1/6886@Z,A61P35/00,A61K31/337,A61K45/06,A61K31/475,A61K31/497,A61P43/00,111,A61P43/00,121,G01N33/53@M,G01N33/574@Z,C12M1/00@A,C12N15/09,200,C12Q1/6874@Z,C12Q1/6851@Z,C12Q1/686@Z","特表2022-513038","","","","","https://www.j-platpat.inpit.go.jp/c1800/PU/JP-2022-513038/B4EE58179528C1616DF66A121F9348916FFF5C0E799824227420A703A0446BAB/11/ja"
"特表2022-511714","特願2021-525861","2019/11/06","2020/05/22","知覚衝突回避","ズークス　インコーポレイテッド","B60W50/02,B60W30/08,B60W40/04,B60W50/04,B60W60/00,G08G1/16@C","特表2022-511714","","","","","https://www.j-platpat.inpit.go.jp/c1800/PU/JP-2022-511714/FD4472DB4376CFE7C50DB081F8383EDEECA5132B7EDA61BA91F2D2762FD6F835/11/ja"
"特表2022-511686","特願2021-525094","2019/11/07","2020/05/22","分散コンピューティングおよびストレージのためのインテリジェントで自律的な非中央集権型の市場","アイアゴン　アーエス","G06F9/50,120@Z,G06F9/50,120@A","特表2022-511686","","","","","https://www.j-platpat.inpit.go.jp/c1800/PU/JP-2022-511686/877C6DAFCC6DCD7B47D2AFE882F9EF8921D370A7697E49FCB34BB806CE217199/11/ja"
"特表2022-509774","特願2021-526679","2019/11/15","2020/05/22","複数フレーム意味信号の高速ＣＮＮ分類","モービルアイ　ヴィジョン　テクノロジーズ　リミテッド","G06T7/00,650@A,B60W40/04,B60W30/08,G06T7/00,650","特表2022-509774","","","","","https://www.j-platpat.inpit.go.jp/c1800/PU/JP-2022-509774/F132AB1323324E5595E708258870BAC3645801D3710329E3AA183458202A2D17/11/ja"
"特表2022-508106","特願2021-526279","2019/11/13","2020/05/22","マネーロンダリング防止分析のためのシステムおよび方法","シー３．エーアイ，　インコーポレイテッド","G06Q20/40","特表2022-508106","","","","","https://www.j-platpat.inpit.go.jp/c1800/PU/JP-2022-508106/0F21846EF8ABE3324EE2E77ED227BE0A26BEA86C6B5EC5AEE001C00747322575/11/ja"
"特表2022-508086","特願2021-525260","2019/11/14","2020/05/22","ウェブサイト構築システム用の構成可能なアプリケーションの作成および処理のためのシステムおよび方法","ウィックス．コム　リミテッド．","G06F8/60,G06F21/12,310,G06F8/36","特表2022-508086","","","","","https://www.j-platpat.inpit.go.jp/c1800/PU/JP-2022-508086/7CBB6124828DA8242BF2377B88F53E31EFC88DC6D237AFE9B310F5C74B643105/11/ja"
"特表2022-507708","特願2021-527138","2019/11/15","2020/05/22","カメラシステムへの安全なアクセスのためのシステムおよび方法","ミューチュアリンク，　インコーポレイテッド","H04N21/2668,H04N21/6377","特表2022-507708","","","","","https://www.j-platpat.inpit.go.jp/c1800/PU/JP-2022-507708/3E29FA95CA627A7940DFA90A0EB28312D47C91BDB9D8C65719C17BC0B34F6709/11/ja"
"特表2022-507640","特願2021-526771","2019/11/14","2020/05/22","深層ニューラルネットワークによるリアルタイム動きモニタリング","エレクタ、インク．","A61B6/03,360@T,A61B6/03,377,A61B6/03,360@G,A61B5/055,390,G06T7/00,612","特表2022-507640","","","","","https://www.j-platpat.inpit.go.jp/c1800/PU/JP-2022-507640/8C75334C40E16699FECC7632C01E4B1ABAD0FDFE2BD2208FD895B2D9611EBCFC/11/ja"
"特表2022-507628","特願2021-526754","2019/11/15","2020/05/22","様々なタイプの仮想現実および／または拡張現実環境内の神経筋活性化からのフィードバック","フェイスブック・テクノロジーズ・リミテッド・ライアビリティ・カンパニー","A61B5/389","特表2022-507628","","","","","https://www.j-platpat.inpit.go.jp/c1800/PU/JP-2022-507628/B321F9841A0CFEF324F31C3913FE9FE84FB2020BB3369849FA25BBDC6C81A0C6/11/ja"
"特表2022-507581","特願2021-526657","2019/11/14","2020/05/22","スクリプトに基づく自動ボット作成","ライブパーソン，　インコーポレイテッド","G06Q10/00","特表2022-507581","","","","","https://www.j-platpat.inpit.go.jp/c1800/PU/JP-2022-507581/C41F21694B7BCC3A34700843058CECDFDB9CD8485157A437E2860EFA3DDB684D/11/ja"
"特表2022-507579","特願2021-526653","2019/11/07","2020/05/22","ゲーミングにおける動的な音楽生成","ソニー・インタラクティブエンタテインメント　エルエルシー","A63F13/54,A63F13/60","特表2022-507579","","","","","https://www.j-platpat.inpit.go.jp/c1800/PU/JP-2022-507579/1DC96FB177F089665C58502E800D570572524D3018598A5F54D0B63E00B1B349/11/ja"
"特表2022-507568","特願2021-526632","2019/11/12","2020/05/22","バイオ医薬製品の製造のための装備を監視するための方法およびシステム","グローバル・ライフ・サイエンシズ・ソリューションズ・ユーエスエー・エルエルシー","G05B19/418@Z,G01N21/27@A","特表2022-507568","","","","","https://www.j-platpat.inpit.go.jp/c1800/PU/JP-2022-507568/EDDB0E37058736135F933643BAA319E04743DC3D46A4BDA4966A3B275DE342EC/11/ja"
"特表2022-507475","特願2021-526443","2019/11/14","2020/05/22","非侵襲的モニタリングシステム","エアベティック・インコーポレイテッド","G01N33/50@Z,G01N33/497@Z,G01N27/00@J,G01N27/04@D,G01N27/22@A","特表2022-507475","","","","","https://www.j-platpat.inpit.go.jp/c1800/PU/JP-2022-507475/B3A17573C4A44712DD3C0D59FB63088CF520BF42A35776241BB94F7502E133F6/11/ja"
"特表2022-507245","特願2021-525718","2019/11/13","2020/05/22","ナビゲート可能仮想空間内でレンダリングされた３次元表示オブジェクトを介した２次元コンテンツの提示を介してユーザインターフェースを提供するように適合された技術","アンバインド　グループ　ピーティーワイ　リミテッド","G06T19/00@A,H04N21/44,H04N21/438,G06F3/0481,150,G06F3/04815","特表2022-507245","","","","","https://www.j-platpat.inpit.go.jp/c1800/PU/JP-2022-507245/0E1AE16624EE15250E39BE05596C2C108E59795E6C22EBFA7B3E2CF4313509B5/11/ja"
"特表2022-507229","特願2021-525700","2019/08/26","2020/05/22","電子商取引コンテンツ生成及び最適化のための深層因果学習","スリーエム　イノベイティブ　プロパティズ　カンパニー","G06Q30/02,300,G06Q30/0201","特表2022-507229","","","","","https://www.j-platpat.inpit.go.jp/c1800/PU/JP-2022-507229/8911866F0C1A60CAB2ECF677E2099FE208339286BE301476E29CF419FB4B1BE7/11/ja"
"特表2022-507128","特願2021-525545","2019/10/31","2020/05/22","交差点状態検出方法、装置、電子機器及び車両","ベイジン　センスタイム　テクノロジー　デベロップメント　シーオー．，エルティーディー","G06T7/00,650@A,G08G1/16@C,G06T7/00,650","特表2022-507128","","","","","https://www.j-platpat.inpit.go.jp/c1800/PU/JP-2022-507128/F11985C845210F6BB3FFB3D9AE713A7529C83A06449C64C1319B73AFFA711247/11/ja"
"特表2022-507107","特願2021-525309","2019/11/12","2020/05/22","スケーラブルな中性原子に基づく量子計算","アトム　コンピューティング　インク．","G06N10/00","特表2022-507107","","","","","https://www.j-platpat.inpit.go.jp/c1800/PU/JP-2022-507107/852AEB6198798F1E4643439425FFD75A9A3DC34FBA433D7D8E8A88566210E6F3/11/ja"
"特表2022-506910","特願2021-525025","2019/11/12","2020/05/22","Ｉ－オペラント・タグ、Ｉ－バブル・タグ、Ｄ絵文字及びＤエモーティコンに基づく連続的生産消費者確認を伴う暗号セキュア・ソーシャル・メディア及びクロス・ブリッジ・サービスに関するインテリジェント・オペレー","シューア、パトリック","G06Q50/00,G06Q50/10","特表2022-506910","","","","","https://www.j-platpat.inpit.go.jp/c1800/PU/JP-2022-506910/DC205BE57A8E5425BA2FFFAAB553F7632DAEA4C32527ECB43784D3B2699F904F/11/ja"
"特表2022-504024","特願2021-516360","2019/11/11","2020/05/22","液浸冷却プラットフォーム","ティーエムジーコア，エルエルシー","G06F1/20@C,G06F1/20@A,H05K7/20@Q","特表2022-504024","","","","","https://www.j-platpat.inpit.go.jp/c1800/PU/JP-2022-504024/8680DD960641C64676E90DAD080D53F6F4A42D96E9FCA5ECDC64D95DBC64892C/11/ja"
"特表2021-535353","特願2021-531459","2019/08/07","2020/05/22","観察光学機器のための表示システム","シェルタード　ウィングス　インコーポレイテッド　ドゥーイング　ビジネス　アズ　ヴォルテクス　オプティクス","F41G1/38,F41G1/473,G02B23/00,G02B23/10","特表2021-535353","","","","","https://www.j-platpat.inpit.go.jp/c1800/PU/JP-2021-535353/646AEC3C90347B2168877022DA2EE8EBF4F3462B074DB8678A46E827BEE9B515/11/ja"
"特表2021-509977","特願2019-507911","2019/01/15","2020/05/22","医用画像評価のためのディープラーニングの応用","キュア．エーアイ　テクノロジーズ　プライベート　リミテッド","G06T7/00,350@C,A61B6/03,360@T,A61B6/03,360@J,G06T7/00,614,G06T7/00,612","特表2021-509977","","","拒絶2022-014639","","https://www.j-platpat.inpit.go.jp/c1800/PU/JP-2021-509977/F2EE68FA6FFD6CF98284A298FC9E1DBE96CBD935A4D854D7CDDC79F7E7CB765E/11/ja"
"特表2021-508094","特願2018-566874","2018/11/23","2020/05/22","飲酒している乗客を配車注文によって識別するための人工知能システムおよび方法","ベイジン　ディディ　インフィニティ　テクノロジー　アンド　ディベロップメント　カンパニー　リミティッド","G06Q50/10,G06N20/00","特表2021-508094","","","","","https://www.j-platpat.inpit.go.jp/c1800/PU/JP-2021-508094/9FBA443BD99676150D518EB7669DD85CFCD974D0B2304BD59E2D911301D35624/11/ja"
"特表2021-508027","特願2018-566536","2018/11/16","2020/05/22","不十分な照明条件下で車両を測位するシステムおよび方法","ベイジン　ディディ　インフィニティ　テクノロジー　アンド　ディベロップメント　カンパニー　リミティッド","G01C21/28,G06T19/00@A,G06T1/00,330@Z,G06T5/00,700,G06T7/00,650@Z","特表2021-508027","","","","","https://www.j-platpat.inpit.go.jp/c1800/PU/JP-2021-508027/AFCBCE05CA5114BAF5B1F17C34576918030D8F7B180E7578E3697B8439FEB53E/11/ja"
"特開2020-078230","特願2019-176369","2019/09/27","2020/05/21","電力線ブロードバンドのデータをモニタし、解析するためのシステム及び方法","ザ・ボーイング・カンパニー","H02J13/00,301@A","特開2020-078230","","","","","https://www.j-platpat.inpit.go.jp/c1800/PU/JP-2020-078230/89F49238F7A5EA8B1AADC428E142C4B320D43AA18FA917408E32A119964145DF/11/ja"
"特開2020-077978","特願2018-210075","2018/11/07","2020/05/21","ブロックチェーン及びＳＤＮ等に適用する情報処理システム、情報処理方法及びプログラム","株式会社アドイン研究所","H04L9/00,601@B,H04L9/00,601@E,H04L9/08@B,H04L9/08@E","特開2020-077978","","特許6831544","","","https://www.j-platpat.inpit.go.jp/c1800/PU/JP-2020-077978/CA09ED2A80C3DBF48544794A686CE28950857D8052E9168331225E7988751BB5/11/ja"
"特開2020-077898","特願2018-207918","2018/11/05","2020/05/21","画像処理装置および画像処理方法","株式会社東芝,東芝エネルギーシステムズ株式会社","H04N7/18@D,G06T1/00,500@A,H04N7/18@K","特開2020-077898","","特許7179583","","","https://www.j-platpat.inpit.go.jp/c1800/PU/JP-2020-077898/069388471150FD86AC8D757272CE0C892771037CF1A9FA76CA549D04CF01F47C/11/ja"
"特開2020-077735","特願2018-209656","2018/11/07","2020/05/21","基板処理方法および基板処理装置","株式会社ＳＣＲＥＥＮホールディングス","H01L21/306@R,H01L21/68@N,H01L21/304,643@A,H01L21/304,648@G","特開2020-077735","","特許7088810","","","https://www.j-platpat.inpit.go.jp/c1800/PU/JP-2020-077735/BD0455802C4AC52AC8BCF4C96BB809F54FAB3E96D27073E5A1CE8F41D26BD119/11/ja"
"特開2020-077449","特願2019-171109","2019/09/20","2020/05/21","人工知能動作を実行できるメモリチップおよびその方法","力晶積成電子製造股▲ふん▼有限公司","G11C11/54,G06F12/00,560@B,G06F12/00,560@F,G06F12/0806,100,G06G7/60,G06N3/063","特開2020-077449","","特許6912535","","","https://www.j-platpat.inpit.go.jp/c1800/PU/JP-2020-077449/254E1E0959691E5834EE877D3E5BA770D91682B8F3BDD9175A4D387B01D25DE7/11/ja"
"特開2020-077385","特願2019-173669","2019/09/25","2020/05/21","自動運転車及び自動運転車用プログラム","みこらった株式会社","G08G1/123@A,G06Q50/10,G08G1/00@Z,G01C21/26,B60W60/00","特開2020-077385","","特許6854018","","","https://www.j-platpat.inpit.go.jp/c1800/PU/JP-2020-077385/94B9F6EF1EB629BF2F93C62920CCFB4FC10ADFDB863EE375FF182392D554458D/11/ja"
"特開2020-077369","特願2019-157924","2019/08/30","2020/05/21","著作権保護のための正規品認証及びチャート生成システム並びに方法","株式会社ハントチャート","G06Q50/10,G06Q50/18,310","特開2020-077369","","","","","https://www.j-platpat.inpit.go.jp/c1800/PU/JP-2020-077369/AEEE76B3B4ACF1D43CC6D08798AA025683FF800F72E9A18ABF10F32EF4A65176/11/ja"
"特開2020-077356","特願2019-061814","2019/03/27","2020/05/21","翻訳装置、翻訳装置の制御プログラム、および翻訳装置を用いた翻訳方法","株式会社椿知財サービス","G06F17/28,672,G06F40/40,G06F40/55","特開2020-077356","","","","","https://www.j-platpat.inpit.go.jp/c1800/PU/JP-2020-077356/FC728A8D8B911E44DED791A322ABEF825BACE3765842F81700FBBD1F552357C2/11/ja"
"特開2020-077326","特願2018-211495","2018/11/09","2020/05/21","撮影方法及び撮影装置","オムロン株式会社","G06T7/00,350@C,G06T7/00,610@C,G06T7/00,610","特開2020-077326","","特許7006567","","","https://www.j-platpat.inpit.go.jp/c1800/PU/JP-2020-077326/FDC6C1F9667818781C668C6453EA83E5C0EF39CEEE50D6FCBB6A5E5D96FC7313/11/ja"
"特開2020-077271","特願2018-211050","2018/11/09","2020/05/21","表示装置、学習装置、及び、表示装置の制御方法","セイコーエプソン株式会社","G06F3/01,510,H04N5/64,511@A,G06F3/0484,G06F3/0487,G06F3/01,570,G06F3/0481","特開2020-077271","","","","","https://www.j-platpat.inpit.go.jp/c1800/PU/JP-2020-077271/28C3993F76365F301BD029A90B1528DBB7C1D5FAD20576656411E5FAFE66367A/11/ja"
"特開2020-077202","特願2018-210023","2018/11/07","2020/05/21","退院サマリ作成装置","キヤノンメディカルシステムズ株式会社","G16H10/00,G16H20/00","特開2020-077202","","","","","https://www.j-platpat.inpit.go.jp/c1800/PU/JP-2020-077202/D1329AE7364272471CE123492C5BE9F2FE9060D4E06719A1E375ED18FE223906/11/ja"
"特開2020-077148","特願2018-209478","2018/11/07","2020/05/21","セキュリティシステムおよび管理プログラム","株式会社　日立産業制御ソリューションズ","G07C9/00@Z,G07C9/20","特開2020-077148","","特許7060492","","","https://www.j-platpat.inpit.go.jp/c1800/PU/JP-2020-077148/7FED59ABCAC8ECD417078159898A1BC30F08444FB51512B8297BFCB8F2DD63D2/11/ja"
"特開2020-077125","特願2018-209197","2018/11/06","2020/05/21","移動体管理システム、移動体、管理装置、制御方法、及びプログラム","パナソニックＩＰマネジメント株式会社","G08G1/04@C,G08G1/14@A","特開2020-077125","","特許6928917","","","https://www.j-platpat.inpit.go.jp/c1800/PU/JP-2020-077125/69F69412614FBEC32CA6450B0D93E412E0072C8505403B0A99F8D259F31A679D/11/ja"
"特開2020-077070","特願2018-208490","2018/11/05","2020/05/21","学習装置および学習方法","株式会社リコー","G06N99/00,153,G06N20/00,130,G06N20/20,G06N20/00","特開2020-077070","","特許7211020","","","https://www.j-platpat.inpit.go.jp/c1800/PU/JP-2020-077070/3A3045EEE29E83774BA126F153088624FC049AB083C395E979D474595884064C/11/ja"
"特開2020-077067","特願2018-208448","2018/11/05","2020/05/21","学習装置および学習方法","株式会社リコー","G06N99/00,153,G06N20/00,130,G06N20/20","特開2020-077067","","特許7176359","","","https://www.j-platpat.inpit.go.jp/c1800/PU/JP-2020-077067/01169D4F62F1B6FADDAC817CC777A1F26334C2E1B376593A3F0575486B41389D/11/ja"
"特開2020-077066","特願2018-208446","2018/11/05","2020/05/21","学習装置および学習方法","株式会社リコー","G06N99/00,153,G06N20/00,130,G06N20/20,G06N20/00","特開2020-077066","","特許7196542","","","https://www.j-platpat.inpit.go.jp/c1800/PU/JP-2020-077066/5065B922A6B77A9E8042F73847E335B83A11A16BC8B9F1622EED6B1C491C4519/11/ja"
"特開2020-077000","特願2020-005512","2020/01/16","2020/05/21","インタラクション装置、インタラクション方法、プログラム、および車両制御方法","本田技研工業株式会社","G10L13/08,124,G06T7/00,350@B,G01C21/36,G08G1/16@F,G06F3/01,510,G10L25/63,B60W60/00,G06F3/16,650,G06F3/16,690,G06V10/44,G06V10/82,G06V20/50","特開2020-077000","","","","","https://www.j-platpat.inpit.go.jp/c1800/PU/JP-2020-077000/7851DB040C2075F53E23C191C899B5859F3D708A4421A6870CCE51C5C826DF21/11/ja"
"特開2020-076878","特願2018-210353","2018/11/08","2020/05/21","カラオケ装置、カラオケ装置の制御方法、およびプログラム","スカパーＪＳＡＴ株式会社","G10K15/04,302@D,G10L15/10,200@W,G10L15/10,500@N,G10L25/63","特開2020-076878","","特許6800199","","","https://www.j-platpat.inpit.go.jp/c1800/PU/JP-2020-076878/AEEA4CB694630FC92D341D9BAED9187C26E35DEBA255031DEBAFF4A7306668BB/11/ja"
"特開2020-076844","特願2018-209289","2018/11/06","2020/05/21","音響処理方法、音響処理システムおよびプログラム","ヤマハ株式会社","G10L13/06,140,G10L13/00,100@Y","特開2020-076844","","特許6737320","","","https://www.j-platpat.inpit.go.jp/c1800/PU/JP-2020-076844/35922F07DEC1C6A70D3B4C7F5ABF8A0AC4B1CBDF5844785C774CA71DE16CF371/11/ja"
"特開2020-076843","特願2018-209288","2018/11/06","2020/05/21","情報処理方法、情報処理システムおよびプログラム","ヤマハ株式会社","G10L13/033,102@B,G10L13/00,100@Y,G10L13/047@Z,G10L13/06,100","特開2020-076843","","特許6747489","一部異議2021-700142","","https://www.j-platpat.inpit.go.jp/c1800/PU/JP-2020-076843/43391565B5AA38AE5092410990885498E4198412162B722C33EE5AB6AE49898F/11/ja"
"特開2020-076758","特願2019-189925","2019/10/17","2020/05/21","磁気車輪付きロボット用の磁気接着力監視システム","ゼネラル・エレクトリック・カンパニイ","G01N27/72,B62D57/02@L,B60B19/00@J","特開2020-076758","","","","","https://www.j-platpat.inpit.go.jp/c1800/PU/JP-2020-076758/7B1495583ED22E87CE643BB7AE06E63C43BB46D484FA42EDD5364D904641F40C/11/ja"
"特開2020-076750","特願2019-188234","2019/10/11","2020/05/21","マテハン機器の部品交換予知システム並びに部品交換予知方法","トーヨーカネツソリューションズ株式会社,トーヨーカネツ株式会社","G01M99/00@Z,B65G1/00,511@J,G01N29/14,G01H17/00@Z","特開2020-076750","","","","","https://www.j-platpat.inpit.go.jp/c1800/PU/JP-2020-076750/BC52CC0DED7F27B4CDBA6FBDED0B720C31BE07347F63BB8CD2396A3C1760F220/11/ja"
"特開2020-075720","特願2020-006391","2020/01/17","2020/05/21","エクスペリエンス提供システム、エクスペリエンス提供方法およびエクスペリエンス提供プログラム","本田技研工業株式会社","B60K35/00@A,B60R11/02@C,G10L13/00,100@V,G06F3/16,610,G06F3/16,620,G06F3/16,650,G06F3/16,690,G06F3/01,510,G06F3/0481,150,G06F3/04815","特開2020-075720","","","","","https://www.j-platpat.inpit.go.jp/c1800/PU/JP-2020-075720/7900FC245C73D019B6BF75AFFB01EA97F6672C90FFACE576640B98138A207108/11/ja"
"特開2020-075695","特願2019-160853","2019/09/04","2020/05/21","自動化車両の向けのＶｅｈｉｃｌｅ－ｔｏ－Ｅｖｅｒｙｔｈｉｎｇデータ転送","トヨタ自動車株式会社","B60W50/00,B60W50/04,B60W30/10,G08G1/09@F,B60T7/12@Z,G08C17/00@A,G16Y10/40,H04W4/44","特開2020-075695","","特許7167887","","","https://www.j-platpat.inpit.go.jp/c1800/PU/JP-2020-075695/DDBE34E9F3B7EEA94B023C9729976FDFC9999A130B600B318EACCB5532B23133/11/ja"
"特開2020-075683","特願2018-211761","2018/11/09","2020/05/21","操作支援装置、操作支援方法、および操作支援プログラム","トヨタ自動車株式会社","B60W50/14,B60W50/10,G06F3/0482,G06F3/0484,170,G06F3/04847","特開2020-075683","","特許7115238","","","https://www.j-platpat.inpit.go.jp/c1800/PU/JP-2020-075683/B72EDCEAECFFA306355A7F22301CF4F721E45730CA844D8780C1F8F2AA267460/11/ja"
"特開2020-075586","特願2018-209186","2018/11/06","2020/05/21","運転支援方法及び運転支援装置","日産自動車株式会社","B60W40/08,B60W50/14,G08G1/00@D","特開2020-075586","","","拒絶2023-000363","","https://www.j-platpat.inpit.go.jp/c1800/PU/JP-2020-075586/FEEBA31A2F4B96184BCC9935F53D6AF4A0BEFC5EC09DE77A47740E153A874321/11/ja"
"特開2020-075326","特願2018-210669","2018/11/08","2020/05/21","ロボット","トヨタ自動車株式会社","B25J5/00@A,B65F1/14@B,G05D1/00@Z","特開2020-075326","","","","","https://www.j-platpat.inpit.go.jp/c1800/PU/JP-2020-075326/86D33C7B51013E59D8E8ECFE48FD49CBAC9D2E37A2C4E85E2230906BFBFBD4B9/11/ja"
"特開2020-075273","特願2018-210195","2018/11/08","2020/05/21","遠隔制御溶接システム","トーヨーカネツ株式会社","B23K9/10@A,B23K9/18@D,B23K9/18@C,B23K9/18@Z,B23K31/00@Z,B23K9/095,510@A,B23K9/095,515@A,B23K9/00,501@L","特開2020-075273","","","","","https://www.j-platpat.inpit.go.jp/c1800/PU/JP-2020-075273/4E2B08A270995EA21176CC881B475E42B06679D9EA2FE1FFE18F019C24F91008/11/ja"
"特開2020-075113","特願2019-191712","2019/10/21","2020/05/21","スマート歯ブラシを用いた口腔情報管理システム","リ，サン　グン,リ，ジ　ア,リ，チェ　ウン","A61C19/04@Z,A61C17/22@B,G16H20/00","特開2020-075113","","","","","https://www.j-platpat.inpit.go.jp/c1800/PU/JP-2020-075113/C1241BDA3A0CDB7356DE532FA37C6D83D92947215E60A0D6FAC12B313F0B0A21/11/ja"
"特開2020-075096","特願2019-176336","2019/09/27","2020/05/21","ゴルフのスイングの練習を補助する人工知能、及び拡張現実基盤のゴルフ練習装置","ジン　イク　ヒュン","A63B69/36,501@Z,A63B71/06@R,A63B69/36,541@P","特開2020-075096","","特許6806868","","","https://www.j-platpat.inpit.go.jp/c1800/PU/JP-2020-075096/05A48701E9C0F8DD321496BC4830A883C6431DA20FAE7A7AA951C782DF41B83E/11/ja"
"特開2020-075091","特願2019-163313","2019/09/06","2020/05/21","卵内注射シーケンサのための方法および装置","株式会社ヤマモト","A61D7/00@A","特開2020-075091","","","","","https://www.j-platpat.inpit.go.jp/c1800/PU/JP-2020-075091/07A4E776FDAEDC864656E16E1F1972A20141BFF8EA22A9B90CEDA58FCC74BFA5/11/ja"
"特開2020-075090","特願2019-162903","2019/09/06","2020/05/21","言語関連障害の診断及び治療のためのコンピューティング技術","ハルタ　キーラン　ビン－フェイ,ハルタ　チャリシー　シ－フェイ,ハルタ　パウ－サン","A63F13/80@D,G16H50/20,A61B10/00@H,A63F9/18,A63F13/30,A63F13/213,G09B7/04,G09B19/00@H,G09B21/00@G,G16H20/00,G16H50/00","特開2020-075090","","特許7005567","","","https://www.j-platpat.inpit.go.jp/c1800/PU/JP-2020-075090/F74BA9300FF83EF435AE272A5F0D129E03211DC2F80530C29B6C0C57B4C27FDC/11/ja"
"特開2020-074996","特願2018-211063","2018/11/09","2020/05/21","超音波診断装置及び超音波画像調整方法","コニカミノルタ株式会社","A61B8/14","特開2020-074996","","","","","https://www.j-platpat.inpit.go.jp/c1800/PU/JP-2020-074996/EAF7614752C5BF8C0FC974CFB32ACF7D2C91CFDB1EF55E58F886ECBFEA84A914/11/ja"
"特許6697622","特願2019-193726","2019/10/24","2020/05/20","映像記録システム、映像記録方法及び映像記録プログラム","セコム医療システム株式会社","A61B5/00,102@C,A61B5/00,H04N7/18@U,G16H10/00,A61B5/11,200,G08B25/00,510@M,G08B25/04@K,G08B21/02,H04N5/765,H04N5/92,020,H04N5/92,010","特開2021-069033","","特許6697622","","","https://www.j-platpat.inpit.go.jp/c1800/PU/JP-6697622/997CD2C7DC4E955D82AF9610404F0E44AE9DF543F21334C97BD19BBB7C61649A/15/ja"
"特許6697104","特願2019-026481","2019/02/18","2020/05/20","ファイルシステム基盤の高速探索、完全削除、シンボリックリンクを利用した個人情報保護システム及びその方法","コットンキャンディ　カンパニー　リミテッド","G06F21/62,318,G06F21/62,345","特開2020-107296","","特許6697104","","","https://www.j-platpat.inpit.go.jp/c1800/PU/JP-6697104/A3B88C7358218927C7186F691B5EE6B3B0C2AA3822CCA58E75B50D50B2129471/15/ja"
"特許6696654","特願2019-087213","2019/05/05","2020/05/20","疲労度判別プログラム","ＡＳＳＥＳＴ株式会社","G16H20/00","特開2020-184128","","特許6696654","","","https://www.j-platpat.inpit.go.jp/c1800/PU/JP-6696654/B416052FD24CDF752D719E99DA6079F29BA35A803CB89B8E32F2261D2F4A6697/15/ja"
"特許6696651","特願2019-069869","2019/04/01","2020/05/20","栽培環境判別プログラム","ＡＳＳＥＳＴ株式会社","G06Q50/02,A01G7/00,603","特開2020-170236","","特許6696651","拒絶2020-002120","","https://www.j-platpat.inpit.go.jp/c1800/PU/JP-6696651/546F082058208498E2561946231D43D9EDBD7253D8477420007CD79787B948AD/15/ja"
"特許6696650","特願2019-069868","2019/04/01","2020/05/20","飼育環境判別プログラム","ＡＳＳＥＳＴ株式会社","G06F16/26,A01K29/00,G06F16/29,G06Q50/02,A01K29/00@Z,G06F16/00","特開2020-170235","","特許6696650","拒絶2020-002118","","https://www.j-platpat.inpit.go.jp/c1800/PU/JP-6696650/19279AA8384C89216F1208E9156F197A12E357A4C91C8D5AC4B0A7AEA8F0AC9B/15/ja"
"特許6695539","特願2019-149434","2019/08/16","2020/05/20","物品選別装置、物品選別システムおよび物品選別方法","ＬａｂＲｏｍａｎｃｅ株式会社,株式会社イーアイアイ,大栄環境株式会社","B07C5/10,B07C5/342,B65G47/90@A","特開2021-030107","","特許6695539","","","https://www.j-platpat.inpit.go.jp/c1800/PU/JP-6695539/C722DDC26C496B6B9CFCF8B922AA618C1AE06CB411A17DD743745D61AA55669A/15/ja"
"特許6695534","特願2019-177756","2019/09/27","2020/05/20","情報処理システム、情報処理方法及び情報処理プログラム","ＡＩ　ｉｎｓｉｄｅ株式会社","G06N20/00","特開2021-056658","","特許6695534","","","https://www.j-platpat.inpit.go.jp/c1800/PU/JP-6695534/3CB0177E792CB0271D21E01DAFD2A5474BDC656E649E3261E4A962687ACAACB9/15/ja"
"再表2020/096023","特願2020-555245","2019/11/08","2020/05/14","開閉装置、セキュリティサーバおよびセキュリティシステム","Ｒ＆Ｓ　Ｉｎｓｔｉｔｕｔｅ株式会社","G08B25/04@H,G08B13/04,G08B13/196,G08B13/19,E06B7/28@A,E06B7/28@D","WO2020/096023","","特許6978810","","再表2020/096023","https://www.j-platpat.inpit.go.jp/c1800/PU/JP-2020-096023/38DAC92B91F620721F69C2E52DE5BE00156D4AD58003B3D11D8E0E2E0D036BD3/19/ja"
"再表2020/095945","特願2020-555545","2019/11/06","2020/05/14","ショベル、情報処理装置、情報処理方法、情報処理プログラム、端末装置、表示方法、表示プログラム","住友建機株式会社","E02F9/20@N,E02F9/26@B","WO2020/095945","","","","再表2020/095945","https://www.j-platpat.inpit.go.jp/c1800/PU/JP-2020-095945/20FF69E6CB87004D32E1533981AE24A7332664517AFD6F60F672461AB2835E7E/19/ja"
"再表2020/095941","特願2020-533319","2019/11/06","2020/05/14","作業支援システム及び作業支援方法","合同会社Ａｒｋ","G06Q10/06,G06Q50/30,G06Q50/22","WO2020/095941","","","","再表2020/095941","https://www.j-platpat.inpit.go.jp/c1800/PU/JP-2020-095941/F8FEF70E4CFF79EF70E6D083B92DBFF8C89C8C4F5E81C441175FCB81BC4F93DC/19/ja"
"再表2020/095909","特願2020-556087","2019/11/05","2020/05/14","画像処理装置、画像処理方法及びプログラム","株式会社東芝,東芝デジタルソリューションズ株式会社","G06T7/00,610@Z,G06T7/00,610","WO2020/095909","","","","再表2020/095909","https://www.j-platpat.inpit.go.jp/c1800/PU/JP-2020-095909/511A0D56BABFF72EF4349EA5B4D2CD36DE4F28391B214C706ED6374A02429F33/19/ja"
"再表2020/095584","特願2020-556689","2019/10/03","2020/05/14","検出システム及び情報表示システム","パナソニックＩＰマネジメント株式会社","G01N1/02@W,G01N33/497@A,H04M9/00@H","WO2020/095584","","","","再表2020/095584","https://www.j-platpat.inpit.go.jp/c1800/PU/JP-2020-095584/A8A2DFADF2F57CA47FA58F77F0C50149D696350CE08B98ABE10EDCEAD326FDF1/19/ja"
"再表2020/095373","特願2020-556394","2018/11/07","2020/05/14","情報処理装置、情報処理方法、及び情報処理プログラム","三菱電機株式会社","G06F16/387","WO2020/095373","","特許6833134","","再表2020/095373","https://www.j-platpat.inpit.go.jp/c1800/PU/JP-2020-095373/BE276B8443FBC57CC752B616AC6AB7F99024E7A378B03DE9F3FA69E573A667DF/19/ja"
"再表2020/095140","特願2020-556355","2019/10/28","2020/05/14","半導体装置、及び電子機器","株式会社半導体エネルギー研究所","G06G7/60,G06G7/16,H01L27/108,321,H01L27/108,621@Z,H01L27/108,671@C,H01L27/108,671@Z,H01L29/78,371,H01L27/06,102@A,H01L27/088@E,H01L27/088,331@E,H10B12/00,621@Z,H10B12/00,671@C,H10B12/00,671@Z,H10B12/00,801","WO2020/095140","","","","再表2020/095140","https://www.j-platpat.inpit.go.jp/c1800/PU/JP-2020-095140/EFF1466C02025BE29D6ACE3762E62997B1BEABCC80C633AF34DDEC766A2EF272/19/ja"
"特表2022-505894","特願2021-522978","2018/11/07","2020/05/14","インタラクショングラフィックユーザインターフェースをディスプレイするための方法、その装置及びそのコンピュータプログラム","ネクソン　コリア　コーポレーション","A63F13/53,A63F13/55,A63F13/426,A63F13/533","特表2022-505894","","特許7209826","","","https://www.j-platpat.inpit.go.jp/c1800/PU/JP-2022-505894/01CB06C8F856F44A62CF5277B72ECFD43047102401417E9EB909705D0839B248/11/ja"
"特表2022-505985","特願2021-523089","2018/11/08","2020/05/14","情報処理装置、システム、方法及びプログラム","日本電気株式会社","G06F16/906","特表2022-505985","","特許7156521","","","https://www.j-platpat.inpit.go.jp/c1800/PU/JP-2022-505985/BBD68267C45B264DABBCE3FB5C0EA109D2E48970F3557EE3F18827DE9BEA1FBA/11/ja"
"特表2021-520568","特願2020-560811","2019/11/05","2020/05/14","組織結節検出方法及びそのモデルトレーニング方法、装置、機器、システム、並びにそのコンピュータプログラム","▲騰▼▲訊▼科技（深▲セン▼）有限公司","G06T7/00,350@C,G06T7/00,614,G06N3/08,A61B6/03,360@Z,G06T7/00,612,G06N3/096","特表2021-520568","","特許7086336","","","https://www.j-platpat.inpit.go.jp/c1800/PU/JP-2021-520568/B0F44041F7B4B6D186FB9F5D3D8620A9526DE271D8ED4F5D2D1E204529BD94F0/11/ja"
"特表2022-506774","特願2021-524364","2019/11/07","2020/05/14","プレフィックスキャッシュを介して待ち時間マスキングを行うためのシステムおよび方法","サイトリックス　システムズ，インコーポレイテッド","G06F9/445,G06F13/00,530@A,G06F13/00,540@B,H04L67/10","特表2022-506774","","特許7022257","","","https://www.j-platpat.inpit.go.jp/c1800/PU/JP-2022-506774/4C2B2ECE7E10EF0E209901211F4B0F8A419DF06B20B40056E5FBA1885187F797/11/ja"
"特表2021-534931","特願2021-523805","2019/08/30","2020/05/14","クラウドゲーミングネットワークを使用した人工知能（ＡＩ）モデルの訓練","ソニー・インタラクティブエンタテインメント　エルエルシー","A63F13/67,A63F13/85,A63F13/70,A63F13/5375,A63F13/798,G06N20/00,A63F13/79","特表2021-534931","","特許6995249","","","https://www.j-platpat.inpit.go.jp/c1800/PU/JP-2021-534931/8497C50BB44125018411875C1DC489140128EC7D422DF5A4BC8FE06EFD878BFB/11/ja"
"特許6972436","特願2021-525304","2018/11/13","2020/05/14","人工知能の実行加速のための人工知能実行モデル設定方法と人工知能実行加速システム","ソイネット　カンパニー　リミテッド","G06N20/00,G06N3/10","特表2021-535522","","特許6972436","","","https://www.j-platpat.inpit.go.jp/c1800/PU/JP-6972436/4114966C82BBCF34C43EDB4E8AAF45AA86DB8D1AD01C9EFDD3F5FC4881A09424/15/ja"
"特表2022-517708","特願2021-525042","2018/11/07","2020/05/14","自動化された植物処理システムおよび方法","アルッガ　エー．アイ．ファーミング　リミテッド","A01H1/02@A","特表2022-517708","","","","","https://www.j-platpat.inpit.go.jp/c1800/PU/JP-2022-517708/05146768F35FC0FD51C62602B9B6FACD28A3DDF5C8CAA0B9D889165BA1AC0930/11/ja"
"特表2022-513429","特願2021-524162","2019/11/06","2020/05/14","乗り物データを管理するためのシステムおよび方法","シモウディス，エバンゲロス","G06F16/908","特表2022-513429","","","","","https://www.j-platpat.inpit.go.jp/c1800/PU/JP-2022-513429/85531B0FA02C57E787EBD451503FC495B31000F56C288C1E65B0AD45DB1CDEC3/11/ja"
"特表2022-512977","特願2021-525131","2019/11/06","2020/05/14","ミニヌクレオソームコアタンパク質及び核酸送達における使用","サメイション　バイオ，　インコーポレイテッド","C12N15/62@Z,C12N15/63@Z,C07K19/00,C12N5/10,C12N1/19,C12N1/21,C12N1/15,C07K1/14,C12P21/00,A61K38/02,A61K31/713,A61K31/7105,A61K48/00,A61P43/00,105,A61P43/00,121,C07K16/00","特表2022-512977","","","","","https://www.j-platpat.inpit.go.jp/c1800/PU/JP-2022-512977/4261F726077D3AD93F429AD20F1C3015863B581830828A86CCB474EB95DB3330/11/ja"
"特表2022-511692","特願2021-525214","2019/11/05","2020/05/14","自律車両ガイダンス権限フレームワーク","ズークス　インコーポレイテッド","B60W50/00,B60W60/00,B60W30/08","特表2022-511692","","","","","https://www.j-platpat.inpit.go.jp/c1800/PU/JP-2022-511692/1E29B0F6E75CD1449FAC463D6B6D4CA73B530C704372F045C8520AF5F3D65D38/11/ja"
"特表2022-511177","特願2020-564381","2019/04/16","2020/05/14","ファンクションアズアサービス（ＦａａＳ）システムの強化","インテル・コーポレーション","G06F9/50,150@Z,G06F9/52,150@Z,G06F9/455,150,G06F9/48,370,G06F9/54@A,G06F9/50,120@A,G06F21/64","特表2022-511177","","","","","https://www.j-platpat.inpit.go.jp/c1800/PU/JP-2022-511177/8A6296888A0DB9437E73B550AF36EE74D63D7D25C034A7A7F5CC7BE1824C0192/11/ja"
"特表2022-509762","特願2021-525073","2019/11/08","2020/05/14","自律マシンを使用したタスクの実行","セーフ　エーアイ，インコーポレイテッド","G08G1/00@D,G08G1/00@X,G08G1/09@F,G06Q10/08,300,G16Y10/40,G16Y40/30,G06Q10/083","特表2022-509762","","","","","https://www.j-platpat.inpit.go.jp/c1800/PU/JP-2022-509762/018B51D1ED94ED0D5BB6E13ACE7B1C368FBE4A2202C5B97B2F777EA8BF6DC085/11/ja"
"特表2022-508035","特願2021-521954","2019/10/30","2020/05/14","深層学習の大規模なモデル・サポート","インターナショナル・ビジネス・マシーンズ・コーポレーション","G06N3/08,G06N20/00","特表2022-508035","","","","","https://www.j-platpat.inpit.go.jp/c1800/PU/JP-2022-508035/2B2454C892B3DB13A517D7B86252312D9373B3DB6CF29084F0269B8CAC417E38/11/ja"
"特表2022-507033","特願2021-525008","2019/11/06","2020/05/14","虚血の治療","ヴァーソノ・メディカル・リミテッド","A61B17/22","特表2022-507033","","","","","https://www.j-platpat.inpit.go.jp/c1800/PU/JP-2022-507033/0C2BBE97EEF727E1AC21A25187EC08653702BA072971C2701D724A8ED0A20650/11/ja"
"特表2022-506959","特願2021-525121","2019/11/07","2020/05/14","セマンティック人工知能エージェント","エヌ３，エルエルシー,アクセンチュア　グローバル　ソリューションズ　リミテッド","G06Q30/00,300,G06Q30/01","特表2022-506959","","","","","https://www.j-platpat.inpit.go.jp/c1800/PU/JP-2022-506959/D2738417362D10A898B90CFB9482A8B09D5ABA01B82CEDF6C7CF01E4CE6BD33F/11/ja"
"特表2022-506890","特願2021-524998","2019/11/05","2020/05/14","患者の健康状態の評価、診断、および治療のための化学交換飽和度伝達システム、およびそれを使用する方法","アウテム　メディカル、エルエルシー","A61B5/33,210,A61N1/40,A61B5/352,100,A61B5/33,100,A61B5/055,383,A61B5/055,311,A61B5/055,390","特表2022-506890","","","","","https://www.j-platpat.inpit.go.jp/c1800/PU/JP-2022-506890/2F8E576868A3B4109AC135132D76C90C26D88121CB697737D07B31B8D83B3B31/11/ja"
"特表2022-506708","特願2021-524264","2019/11/08","2020/05/14","光学追跡のためのシステムおよび方法","サージカル　シアター，インコーポレイテッド","A61B34/10,G06T19/00,600","特表2022-506708","","","","","https://www.j-platpat.inpit.go.jp/c1800/PU/JP-2022-506708/40A2BFCD6EBA16EBCD94FE59AD1DBB0B51B4B638546E73AAC842BFCDFC3EDAD1/11/ja"
"特表2022-506614","特願2021-524061","2019/10/30","2020/05/14","ゲーム内情報プラットフォーム","ソニー・インタラクティブエンタテインメント　エルエルシー","A63F13/5375,A63F13/70","特表2022-506614","","","","","https://www.j-platpat.inpit.go.jp/c1800/PU/JP-2022-506614/DF51F163856FF9EC86F0CB0F211205315DCD4D75434EAF874C5E0CCEED6DA8B7/11/ja"
"特表2022-506538","特願2021-523945","2019/11/05","2020/05/14","自動化チャットボット処理","ビザ　インターナショナル　サービス　アソシエーション","G06F13/00,650@B,G10L15/00,200@Z,G06F3/16,650","特表2022-506538","","","","","https://www.j-platpat.inpit.go.jp/c1800/PU/JP-2022-506538/78078DE8A3E3185C77810FACFB8D0995720E2FCA272ED55FBDB3F1BEADB8E934/11/ja"
"特表2022-506208","特願2021-523419","2019/11/05","2020/05/14","生体インピーダンス体組成測定のためのシステムおよび方法","アート　メディカル　リミテッド","A61B5/0537,100,A61B5/0537,220","特表2022-506208","","","","","https://www.j-platpat.inpit.go.jp/c1800/PU/JP-2022-506208/3E0D960541E7E023ECC9E340F16D447A435CE031144AD4E8F1507910C984F68F/11/ja"
"特表2022-505875","特願2021-522956","2019/09/27","2020/05/14","デジタルコンテンツの法的認可審査を実行するための方法","ソニー・インタラクティブエンタテインメント　エルエルシー","G06F16/9035,G06Q50/10","特表2022-505875","","","","","https://www.j-platpat.inpit.go.jp/c1800/PU/JP-2022-505875/0186E58CCF73BA9E2A5C8CD389D1B143BCF1B4BA042C2DC750E0FBF8A3756A05/11/ja"
"特表2022-504440","特願2021-518968","2019/11/07","2020/05/14","取引検証の間の二次的詐欺行為検出","アメリカン　エキスプレス　トラヴェル　リレイテッド　サーヴィシーズ　カンパニー，　インコーポレイテッド","G06Q20/40,G06F21/00","特表2022-504440","","","","","https://www.j-platpat.inpit.go.jp/c1800/PU/JP-2022-504440/EEBD63A5B272EB19E5F80E6C6D52B0A1CA85D262DCDBE0630BE7B8DD1C536E37/11/ja"
"特表2022-504113","特願2021-518145","2019/05/03","2020/05/14","ロータリー圧力フィルターモジュール","ベーハーエス－ゾントホーフェン　ゲーエムベーハー","B01D33/06@A,B01D37/04","特表2022-504113","","","","","https://www.j-platpat.inpit.go.jp/c1800/PU/JP-2022-504113/EACA1BDE7EB820E52AEFCBC7E73987E0D7A486573C2AC9201DA3F158E365E2CD/11/ja"
"特開2020-074205","特願2020-011236","2020/01/27","2020/05/14","回答候補生成装置、回答候補生成方法、及びプログラム","日本電信電話株式会社","G06F16/35,G06F16/90,100,G06F16/00","特開2020-074205","","特許6857754","","","https://www.j-platpat.inpit.go.jp/c1800/PU/JP-2020-074205/F45F1E5C8BBB034EA50DD7F72A59E2ABC503AC575D986971CFC353C164C6239E/11/ja"
"特開2020-074190","特願2020-009028","2020/01/23","2020/05/14","過去の注文に基づき現在の注文に関係がある情報を決定するためのシステムおよび方法","ベイジン　ディディ　インフィニティ　テクノロジー　アンド　ディベロップメント　カンパニー　リミティッド","G06Q30/06,300,G06Q10/08,320,G06Q10/083,320,G06Q30/0601","特開2020-074190","","特許6878629","","","https://www.j-platpat.inpit.go.jp/c1800/PU/JP-2020-074190/96069C8550C6D76BA953EA580490B03DC26396338FD54547EAAD347750D6366D/11/ja"
"特開2020-074154","特願2020-003688","2020/01/14","2020/05/14","将来のアクションのためのユーザインターフェースデータキャッシングの最適化","グーグル　エルエルシー","G06F13/00,530@A,G06F13/00,540@B,H04L67/00","特開2020-074154","","特許6989628","","","https://www.j-platpat.inpit.go.jp/c1800/PU/JP-2020-074154/D8595E02AB3B5D94030D9D76D77B15F3B1998411F6AB00C60BC2B584AAE697F7/11/ja"
"特開2020-074146","特願2020-001830","2020/01/09","2020/05/14","精算システム、ホスト端末、精算方法、プログラム及び車両","ＪａｐａｎＴａｘｉ株式会社","G06Q50/30,G06Q30/04,G06Q20/32,300,G07B13/00@Z","特開2020-074146","","特許6892656","","","https://www.j-platpat.inpit.go.jp/c1800/PU/JP-2020-074146/89500C0FBA202AA8D3394DECC96452DE72E0E397C7E2A1218E31C2FDAC779FF1/11/ja"
"特開2020-074119","特願2019-235369","2019/12/26","2020/05/14","自動車及び自動車用プログラム","みこらった株式会社","G06Q10/02,300,G06Q50/10,G08G1/00@Z,B60W60/00","特開2020-074119","","","","","https://www.j-platpat.inpit.go.jp/c1800/PU/JP-2020-074119/A30BF0A0577302D84924E58825B64626812E738C00F892CBC73A7BE7B0DCA14D/11/ja"
"特開2020-074099","特願2019-228383","2019/12/18","2020/05/14","処理装置と処理方法","シャンハイ　カンブリコン　インフォメーション　テクノロジー　カンパニー　リミテッド","G06N3/063,G06F7/485,G06F7/487,G06F17/16@P","特開2020-074099","","特許6821002","","","https://www.j-platpat.inpit.go.jp/c1800/PU/JP-2020-074099/F6FAB36F97A7DBB0611199A1DB6B13BDDC93862F8AF503CAB7160B3715C1DB56/11/ja"
"特開2020-073081","特願2020-018003","2020/02/05","2020/05/14","画像診断支援装置、学習済みモデル、画像診断支援方法および画像診断支援プログラム","株式会社ＡＩメディカルサービス,公益財団法人がん研究会","A61B1/045,614,A61B1/045,618","特開2020-073081","","","","","https://www.j-platpat.inpit.go.jp/c1800/PU/JP-2020-073081/30CA762C4364A9C093F263165A315F1BD2CB6F330F2751B40A0532CE1D9FCA37/11/ja"
"特開2020-072981","特願2020-008625","2020/01/22","2020/05/14","チップの計測システム","エンゼルプレイングカード株式会社","A63F1/06@A,A63F3/00,515@Z,A63F1/18","特開2020-072981","","特許6959373","","","https://www.j-platpat.inpit.go.jp/c1800/PU/JP-2020-072981/01ACA91BED81CFB86495EF3F049D2C7EFCBB9BE637CE326101E4DC6475537864/11/ja"
"特開2020-072774","特願2019-149763","2019/08/19","2020/05/14","遠隔生体認証監視及び通信システム","バイオセンス・ウエブスター・（イスラエル）・リミテッド","A61B5/00,102@C,G16H10/00","特開2020-072774","","","","","https://www.j-platpat.inpit.go.jp/c1800/PU/JP-2020-072774/687998CB98BE6F20EDF43B5E5779F5F45AD534CDF5866EE6994D25F32A946B2D/11/ja"
"特開2020-072653","特願2019-162657","2019/09/06","2020/05/14","薬物誘発毒性マーカーを同定するための照合による細胞に基づくアッセイ","バーグ　エルエルシー","C12Q1/6827@Z,G01N33/68,G01N33/50@Z,G01N33/50@P,G01N33/15@Z,G01N33/48@Z,C12Q1/02,C12Q1/48@Z,C12Q1/37,C12Q1/6883@Z,C12N15/09@Z","特開2020-072653","","","","","https://www.j-platpat.inpit.go.jp/c1800/PU/JP-2020-072653/3D85E8275A38C4B07D7BBE4DD6BA3107A8AF3BE91DA932F592B9CC9D5A4E83BB/11/ja"
"再表2020/090943","特願2020-554012","2019/10/30","2020/05/07","インタラクティブ情報伝達システム及びインタラクティブ情報伝達方法並びに情報伝達システム","ＣＹＢＥＲＤＹＮＥ株式会社,国立大学法人　筑波大学","G09B19/00@Z,G09B9/00@Z,B25J3/00@A,A61B18/14,A61B34/30,G06F3/01,560,G06F3/01,570,G06F3/01,514","WO2020/090943","","特許7157424","","再表2020/090943","https://www.j-platpat.inpit.go.jp/c1800/PU/JP-2020-090943/18DA17247670B5E2D2C574F91FF4C1DBEB6268FC0975ED20FB9CA0FCC1A7B160/19/ja"
"再表2020/090929","特願2020-554003","2019/10/30","2020/05/07","レーザ加工装置及びレーザ加工方法","浜松ホトニクス株式会社","B23K26/53,H01L21/304,601@Z,H01L21/304,611@Z","WO2020/090929","","","","再表2020/090929","https://www.j-platpat.inpit.go.jp/c1800/PU/JP-2020-090929/1B834BCADEF82AE4ECE7781A1FE31CC84C0C05AC4DD533D2CE82AB65D64CC522/19/ja"
"再表2020/090919","特願2020-553993","2019/10/30","2020/05/07","動物用治療器、光治療器、および人間以外の動物の治療方法","学校法人麻布獣医学園,日亜化学工業株式会社","A61D1/00@Z","WO2020/090919","","","","再表2020/090919","https://www.j-platpat.inpit.go.jp/c1800/PU/JP-2020-090919/1D07D7CF3DBF3787F4E815AFD2A1B46E04BE431A8238FF6CF923F9F9D634E009/19/ja"
"再表2020/090634","特願2020-553838","2019/10/25","2020/05/07","ベンダブル配線基板、伸縮できる配線基板およびそれらによる電子デバイス","三井化学株式会社","H05K1/02@A,H05K1/03,610@H,H05K3/46@Q,H05K3/46@S,H05K3/46@G,C08G18/40,C08G18/75,010","WO2020/090634","","","拒絶2022-020120","再表2020/090634","https://www.j-platpat.inpit.go.jp/c1800/PU/JP-2020-090634/A2E395AA48EBBD3B9BA64340EB7342DE3E03E7B0A3797C50C1B8A28A799F4E0D/19/ja"
"再表2020/090148","特願2020-554756","2019/06/19","2020/05/07","対話システム","株式会社ＮＴＴドコモ","H04M3/50@A,H04M3/52","WO2020/090148","","特許7093844","","再表2020/090148","https://www.j-platpat.inpit.go.jp/c1800/PU/JP-2020-090148/8B4E21F9B1AD7C35CC9F16AC31B975C89B31969D29D2BDC4C4357385A82298CE/19/ja"
"再表2020/090147","特願2020-554755","2019/06/19","2020/05/07","対話システム","株式会社ＮＴＴドコモ","H04M3/50@A,H04M3/52","WO2020/090147","","特許7097460","","再表2020/090147","https://www.j-platpat.inpit.go.jp/c1800/PU/JP-2020-090147/0147A6008BAA0761D90986A123728741D5F88786505E9F4D15B9C9DEE4C5565B/19/ja"
"再表2020/090038","特願2020-554669","2018/10/31","2020/05/07","自律式作業機","本田技研工業株式会社","A01D34/64@M,A01B69/00,303@M,A01B69/00,303@Z,G05D1/02@N","WO2020/090038","","特許7184920","","再表2020/090038","https://www.j-platpat.inpit.go.jp/c1800/PU/JP-2020-090038/2403BC71206F66C6DB349CC4F37F51A87F0A786ADB3549BB15D52D64881D048E/19/ja"
"特表2022-505772","特願2021-522431","2019/10/21","2020/05/07","構造化光照明付き飛行時間型センサ","ウェイモ　エルエルシー","G01S17/894","特表2022-505772","","特許7203217","","","https://www.j-platpat.inpit.go.jp/c1800/PU/JP-2022-505772/92AC918ECC686943E623B169715ED45EABCFEF11509F05C5CA0EFAAC3C0597C0/11/ja"
"特表2021-521553","特願2020-561046","2019/06/28","2020/05/07","画像認識方法、装置、端末機器及び医療システム、並びにそのコンピュータプログラム","テンセント・テクノロジー・（シェンジェン）・カンパニー・リミテッド","G06T7/00,614,G06T7/00,350@C,A61B1/045,614,A61B1/045,618,G06T7/00,612","特表2021-521553","","特許7152513","","","https://www.j-platpat.inpit.go.jp/c1800/PU/JP-2021-521553/06F1E57DC834E7AB3E6A8F0A0D775D760DBF9DD4F88A476C08032F7D58044F96/11/ja"
"特表2022-506052","特願2021-523205","2019/11/01","2020/05/07","モデルファイル管理方法および端末デバイス","ホアウェイ・テクノロジーズ・カンパニー・リミテッド","G06F16/9035,G06F16/17,200","特表2022-506052","","特許7136416","","","https://www.j-platpat.inpit.go.jp/c1800/PU/JP-2022-506052/C7C883BE8A7ACDDA2913DD64F331CCFA72477FE543F3115CAF232D1EE60D9D6E/11/ja"
"特表2022-505718","特願2021-522367","2019/08/27","2020/05/07","ドメイン分類器を使用したニューラルネットワークにおけるドメイン適応のためのシステム及び方法","株式会社ソニー・インタラクティブエンタテインメント","G06N3/08,G06T7/00,350@C,G06N3/04,154,G06V10/82,G06V20/20,G06N3/045,G06N3/096","特表2022-505718","","特許7126613","","","https://www.j-platpat.inpit.go.jp/c1800/PU/JP-2022-505718/872F5147BADFD068C4F17E9F8232CE375CBE1BD66397D26243BC583EC7E1B354/11/ja"
"特表2022-509485","特願2021-548504","2019/07/12","2020/05/07","クロスドメインバッチ正規化を使用したニューラルネットワークにおけるドメイン適応のためのシステム及び方法","株式会社ソニー・インタラクティブエンタテインメント","G06N20/20,G06T7/00,350@C,G06T7/00@P,G06N3/08,A63F13/60,G06V10/82,G06V20/20,G06N3/096","特表2022-509485","","特許7108144","","","https://www.j-platpat.inpit.go.jp/c1800/PU/JP-2022-509485/72E1C874D64EE12F76DF07E05031E03A54E20B07DBFBD15F04DC01D03EF5462C/11/ja"
"特表2021-532490","特願2021-505293","2019/10/29","2020/05/07","コンポーネントベースのユーザインターフェースを自動的に生成する機械学習エンジンの精緻化","セールスフォース　ドット　コム　インコーポレイティッド","G06F3/0481,G06Q10/04,G06N20/00,G06F13/00,540@R,H04L67/00","特表2021-532490","","特許7049525","","","https://www.j-platpat.inpit.go.jp/c1800/PU/JP-2021-532490/8E07838C023EFAF73B98D904E2857D1B59AC2B3A8C5FE34D0011393595CCEC2D/11/ja"
"特表2022-550924","特願2021-549730","2019/11/01","2020/05/07","トークン化プラットフォーム","キグリー，ウィリアム　エドワード,スリュカ，ウーカシュ　ヤクブ,ヤンティス，　ジョナサン,ヴェローナ　ホールディングス　エスイーズィーシー","G06Q20/36,G06Q50/00,G06Q20/06","特表2022-550924","","","","","https://www.j-platpat.inpit.go.jp/c1800/PU/JP-2022-550924/629D6595CC44921B1C17143C2A3E0F1AD7110334B6F4EFBB6EB8F49DBC8F8625/11/ja"
"特表2022-509916","特願2021-523745","2019/10/31","2020/05/07","モーフターゲットアニメーション","ソウル　マシーンズ　リミティド","G06T13/40","特表2022-509916","","","","","https://www.j-platpat.inpit.go.jp/c1800/PU/JP-2022-509916/B7438599D2E3BA120E9B6A6DE97C1AA705D9ABBF8EBC799EE2DB4EEE2B94A145/11/ja"
"特表2022-509752","特願2021-524324","2019/10/29","2020/05/07","拡張現実のための脳コンピュータ・インターフェース","コグニクソン","G06F3/01,515,G06F3/01,560,A61B5/378","特表2022-509752","","","","","https://www.j-platpat.inpit.go.jp/c1800/PU/JP-2022-509752/CB15550781DB19D4506DEB0293B425008805CFBB91DBEBAE96A3E1F910B4F948/11/ja"
"特表2022-509515","特願2021-548537","2019/10/29","2020/05/07","非ニュートン流体の音響液滴吐出","ラブサイト　インコーポレイテッド","C12Q1/6806@Z,B01L3/02,C12M1/00@A,B05B1/02,102,B05C5/00,101","特表2022-509515","","","","","https://www.j-platpat.inpit.go.jp/c1800/PU/JP-2022-509515/E354256C51A43C830B4E523528B71EB1ABD742EED1BDD2C01B9AD669290F71C7/11/ja"
"特表2022-509504","特願2021-548526","2019/10/29","2020/05/07","リアルタイム動画特殊効果システム及び方法","ブライアント　ザ　サード，　トーマス,ペナ，　ヘンリー","H04N5/783,H04N21/431,H04N21/433","特表2022-509504","","","","","https://www.j-platpat.inpit.go.jp/c1800/PU/JP-2022-509504/A930A001457E23D0A8D0DAE1E91F72152117785E97A3535E5560BFEF242C7A9E/11/ja"
"特表2022-509502","特願2021-548524","2019/10/29","2020/05/07","リアルタイム動画特殊効果システム及び方法","ブライアント　ザ　サード，　トーマス,ペナ，　ヘンリー","H04N5/783,H04N21/431,H04N21/433","特表2022-509502","","","","","https://www.j-platpat.inpit.go.jp/c1800/PU/JP-2022-509502/58B77D340969924622F028C494A6A42C9181E3F52C6F76F20C6E318D256E553A/11/ja"
"特表2022-509375","特願2021-547880","2018/10/31","2020/05/07","オプティカルフロー推定のための方法","チェコ　テクニカル　ユニバーシティ　イン　プラハ,トヨタ　モーター　ヨーロッパ","G06T7/00,350@C,G06T7/00,650","特表2022-509375","","","","","https://www.j-platpat.inpit.go.jp/c1800/PU/JP-2022-509375/979430CC752D0AC807573E71033062AE5A7C31B1C2BCDA7B85D71868D92A514C/11/ja"
"特表2022-506925","特願2021-525051","2019/11/04","2020/05/07","ユーザの健康状態を分析するための携帯型電気化学センサシステムおよびその方法","カルディエーアイ　テクノロジーズ　リミテッド","G01N27/28@R,G01N27/26,371@G,G01N27/327,357,G01N27/416,336@G,G01N33/68,G01N33/53@M,G01N33/53@D","特表2022-506925","","","","","https://www.j-platpat.inpit.go.jp/c1800/PU/JP-2022-506925/037EBACEFBD3C87B0E9D6A1ACC0DD46FA1846E3A30B9057B795934D35B2DFB8A/11/ja"
"特表2022-506805","特願2021-524405","2019/10/31","2020/05/07","外部ソースへ送信されるデータ量を変化させるためのシステムおよび方法","レズメド　インコーポレイテッド","G16H40/63,A61M16/00,305@A","特表2022-506805","","","","","https://www.j-platpat.inpit.go.jp/c1800/PU/JP-2022-506805/F6F58098A9626AC9731954A41517BDD0DE4070BE1D1132503C81F8ED543711BA/11/ja"
"特表2022-506494","特願2021-523893","2019/10/31","2020/05/07","在庫管理および最適化のためのシステムおよび方法","シー３．エーアイ，　インコーポレイテッド","G06Q10/04,G06Q10/08,330,G06Q10/087","特表2022-506494","","","","","https://www.j-platpat.inpit.go.jp/c1800/PU/JP-2022-506494/382714DC91D6F079F9ECB4180F9315551554E3514D0AF7054F5B265E4CA3A83D/11/ja"
"特表2022-506471","特願2021-523864","2019/10/31","2020/05/07","先進ネットワークにおける復調用参照信号の生成","エイ・ティ・アンド・ティ　インテレクチュアル　プロパティ　アイ，エル．ピー．","H04W72/04,136,H04W8/22,H04W72/20,H04W72/044","特表2022-506471","","","","","https://www.j-platpat.inpit.go.jp/c1800/PU/JP-2022-506471/5ADDB75953290D7CBE0F30394BEA120E3B9AA4DEC4F39BAE0D5BE68B56660889/11/ja"
"特表2022-506460","特願2021-523852","2019/10/29","2020/05/07","適応型インテリジェンス及び共有インフラストラクチャ貸付トランザクション可能化プラットフォーム","ストロング　フォース　ティエクス　ポートフォリオ　２０１８，エルエルシー","G06Q40/02,G06N20/00","特表2022-506460","","","","","https://www.j-platpat.inpit.go.jp/c1800/PU/JP-2022-506460/7EE33840A8444711D6CDD579A56BF1F723190F92120E61B3416F8FE9ADCBDA3C/11/ja"
"特表2022-506459","特願2021-523851","2019/10/29","2020/05/07","エネルギー、計算、ストレージ、およびその他のリソースのスポットおよびフォワード市場における分散型台帳およびその他の取引の実行を自動化する機械およびシステムを改善する方法、並びにシステム","ストロング　フォース　ティエクス　ポートフォリオ　２０１８，エルエルシー","G06Q50/10,G06Q40/00","特表2022-506459","","","","","https://www.j-platpat.inpit.go.jp/c1800/PU/JP-2022-506459/DB8426D04F750A96DC4D479096D16D633942B918C2E8F64D1FD441CD5B0D1494/11/ja"
"特表2022-506435","特願2021-523806","2019/10/04","2020/05/07","アップリンク及びダウンリンクフロントホールのための適応固定ポイントマッピング","エイ・ティ・アンド・ティ　インテレクチュアル　プロパティ　アイ，エル．ピー．","H04B7/0413,H04W28/06,H04W92/12,H04W28/084","特表2022-506435","","","","","https://www.j-platpat.inpit.go.jp/c1800/PU/JP-2022-506435/00D1A993177A86E67717BFDB4FAB8A9C391236DD326EEDB4A8B46460795A75B6/11/ja"
"特表2022-506192","特願2021-523395","2019/10/31","2020/05/07","治療標的特定のためのインテリジェントシステム及び方法","アイ２ディーエックス　インコーポレイテッド","C12Q1/02,G16B40/00,G06T7/00,612,C12M1/00@A,C12Q1/6869@Z,G01T1/161@D","特表2022-506192","","","","","https://www.j-platpat.inpit.go.jp/c1800/PU/JP-2022-506192/5D0367CEAA04C3D5159AF1BF11DA5E53E3337348D791A6CE0136D229E10723FC/11/ja"
"特表2022-506134","特願2021-523306","2019/10/31","2020/05/07","医用画像内でのインターベンションデバイスの識別","コーニンクレッカ　フィリップス　エヌ　ヴェ","A61B8/14","特表2022-506134","","","","","https://www.j-platpat.inpit.go.jp/c1800/PU/JP-2022-506134/EE15ADC1EB94CAF433738B97D67FD2F5F852ED0EF4019E21816ABA517ACDE91B/11/ja"
"特表2022-506115","特願2021-523284","2019/10/30","2020/05/07","身体挙動イベントの自動検出及びこれに対応する薬剤投与システムの調整","メドトロニック　ミニメド　インコーポレイテッド","G16H20/10,G06F3/01,570","特表2022-506115","","","","","https://www.j-platpat.inpit.go.jp/c1800/PU/JP-2022-506115/2C67F39FF70D67FD65FAAC781B0C495784422AF51A7B80D8781819C3A69A5405/11/ja"
"特表2022-506030","特願2021-523176","2019/10/31","2020/05/07","患者キャリアの位置決め","コーニンクレッカ　フィリップス　エヌ　ヴェ","A61B5/055,370,A61B5/055,366,A61B5/055,390,G06T7/00,612,G06T7/00,660@B,G06T7/00,350@C","特表2022-506030","","","","","https://www.j-platpat.inpit.go.jp/c1800/PU/JP-2022-506030/DA66A254B04EF838FC64A07AB6374C5C81F095B3A92A012FAB34260BA83557A6/11/ja"
"特表2022-505901","特願2021-522986","2019/10/28","2020/05/07","大気二酸化炭素の受動的回収のための装置、システム、および方法","アリゾナ・ボード・オブ・リージェンツ・オン・ビハーフ・オブ・アリゾナ・ステイト・ユニバーシティー","B01D53/04,110,B01D53/04,220,B01D53/04,230,B01D53/04,240","特表2022-505901","","","","","https://www.j-platpat.inpit.go.jp/c1800/PU/JP-2022-505901/EA800B938337D3B15C62DBE25F2E26057F11223DDDC17AA840E920EBB65AE9BF/11/ja"
"特表2022-504821","特願2021-520216","2019/10/01","2020/05/07","医療システムのデータを利用するシステム及び方法","アルコン　インコーポレイティド","A61B34/00,A61F9/007,200@Z,G16H40/40","特表2022-504821","","","","","https://www.j-platpat.inpit.go.jp/c1800/PU/JP-2022-504821/921D56EE7CFD549B82ECC10844D21825A7AA6734020AE5FAF03CC8D110FD9A2A/11/ja"
"特表2022-504705","特願2021-519838","2019/10/25","2020/05/07","単語および複数単語の表現の性質を学習するための分類エンジン","インターナショナル・ビジネス・マシーンズ・コーポレーション","G06F16/35,G06N20/00,130","特表2022-504705","","","","","https://www.j-platpat.inpit.go.jp/c1800/PU/JP-2022-504705/1E4CFAE80190D1F1B30759C2443CAE2FFE15BACDC7C5FB013D820A85A0527C1C/11/ja"
"特表2022-503583","特願2021-510075","2019/10/10","2020/05/07","分散コンピューティング環境で分散調整エンジンを非破壊的にアップグレードする方法、装置およびシステム","ワンディスコ，インク．","G06F9/46,420@Z,G06F9/46,430,G06F9/52,150@Z","特表2022-503583","","","","","https://www.j-platpat.inpit.go.jp/c1800/PU/JP-2022-503583/01F0C75B6EE04AE824E022BC6900FE7182D2EBAA608E87B173DDE63BADD4E93E/11/ja"
"特表2021-518966","特願2021-508060","2019/10/29","2020/05/07","医用画像認識方法及びシステム、並びに、モデルトレーニング方法、コンピュータ装置、及びプログラム","▲騰▼▲訊▼科技（深▲セン▼）有限公司","G06T7/00,350@C,G06T7/00,612,G06N20/00,G06N3/08,G06N3/04,A61B6/03,360@Z,A61B5/055,380","特表2021-518966","","","","","https://www.j-platpat.inpit.go.jp/c1800/PU/JP-2021-518966/6D1A88BDC84350E129F16F68B2A936929B6F1BFE88A40098DF54465D9EBA5B44/11/ja"
"特開2020-071884","特願2019-196217","2019/10/29","2020/05/07","情報処理装置","株式会社ｓｏｌｅ","G06Q30/06,330,G06Q30/0601,330","特開2020-071884","","","","","https://www.j-platpat.inpit.go.jp/c1800/PU/JP-2020-071884/785865F94702F6772F1521C7FA97BF3B5329BECAB2E5226677E6FB4D26D84B7B/11/ja"
"特開2020-071874","特願2019-188768","2019/10/15","2020/05/07","情報処理システム、情報処理装置、サーバ装置、プログラム、又は方法","ニューラルポケット株式会社","G06T7/00,350@B,G06Q30/02,300,G06Q30/0201","特開2020-071874","","","","","https://www.j-platpat.inpit.go.jp/c1800/PU/JP-2020-071874/B346BC9D0FEBCF29C28C76FDE3C609D7EFD2B9DEA13422F8D42FFD819333C030/11/ja"
"特開2020-071871","特願2019-155419","2019/08/28","2020/05/07","情報処理システム、情報処理装置、サーバ装置、プログラム、又は方法","ニューラルポケット株式会社","G06Q50/10,G06T7/00,350@B","特開2020-071871","","","","","https://www.j-platpat.inpit.go.jp/c1800/PU/JP-2020-071871/C10C5680426DCF5F20007AFF863BEB6A94AC4FFADE0EAD910C64ECA3667C4DCF/11/ja"
"特開2020-071865","特願2019-108870","2019/06/11","2020/05/07","インテリジェントクロスドメイン検索を行うためのシステムおよび方法","サウンドハウンド，インコーポレイテッド","G06F16/332,G06F16/9032,G06F13/00,540@E,G06F17/28,690,G06F40/40,G06F40/58,H04L67/00,G06F16/00","特開2020-071865","","","","","https://www.j-platpat.inpit.go.jp/c1800/PU/JP-2020-071865/E865D895509C7CD724A9F107225CAB7723C84B251C89B6ED823C948DA15E714E/11/ja"
"特開2020-071861","特願2019-085065","2019/04/26","2020/05/07","情報発信システム及び情報発信プログラム","株式会社　ネットプラスチック","G06Q30/02,380,G09B29/00@F,G06T11/60,300,G06Q50/10,G06Q30/0241","特開2020-071861","","","","","https://www.j-platpat.inpit.go.jp/c1800/PU/JP-2020-071861/CC87B85D1736A241C23F0E5E7652C39219305F9FBA67225D5E4FD29BED69D715/11/ja"
"特開2020-071801","特願2018-207170","2018/11/02","2020/05/07","情報提供システム、情報提供方法、及び、知識データのデータ構造","株式会社ユニバーサルエンターテインメント","G06F17/30,320@D,G06F17/30,180@A,G06F16/90,100,G06F16/903,G06F16/33","特開2020-071801","","","","","https://www.j-platpat.inpit.go.jp/c1800/PU/JP-2020-071801/68A0A5A0F5A56E90BEB1DDC83428E6067B1ED6E109E3A08720D1A25C6727CAEE/11/ja"
"特開2020-071690","特願2018-205526","2018/10/31","2020/05/07","パターン認識モデル及びパターン学習装置、その生成方法、それを用いたＦＡＱの抽出方法及びパターン認識装置、並びにプログラム","西日本電信電話株式会社","G06F17/30,180@A,G06F17/30,340@B,G06F17/30,220@Z,G06F16/2457,G06F16/28,G06F16/90,100,G06F16/903,G06F16/35","特開2020-071690","","特許6743108","","","https://www.j-platpat.inpit.go.jp/c1800/PU/JP-2020-071690/217520E55A44BA089AF812FAD4784B476E033B00568C3694B52A9CDD2FCDD1F2/11/ja"
"特開2020-071591","特願2018-203999","2018/10/30","2020/05/07","ＡＩを利用した不動産売却計画書オークションシステム","一般社団法人不動産売却支援ネット,藤和コーポレーション株式会社","G06Q50/16,G06Q30/08","特開2020-071591","","","","","https://www.j-platpat.inpit.go.jp/c1800/PU/JP-2020-071591/ABF01ECD5B15FBE938FC922780A668B74AF425277BF597C62DF758BDD143654B/11/ja"
"特開2020-071581","特願2018-203837","2018/10/30","2020/05/07","施工シミュレーション装置、施工シミュレーション方法、及びプログラム","前田建設工業株式会社","G06Q50/08,E04G21/00","特開2020-071581","","特許7215876","","","https://www.j-platpat.inpit.go.jp/c1800/PU/JP-2020-071581/F57E2C0F98CF7E1B9227B48BB288440700F26BF02666D04D69D354DB21AF4B0A/11/ja"
"特開2020-071505","特願2018-202693","2018/10/29","2020/05/07","車両支援システム、車載支援装置、遠隔支援装置および車両支援方法","パナソニックＩＰマネジメント株式会社","G08G1/09@V,B60R21/00,340,G08B25/08@B,G08G1/00@X,H04Q9/00,301@B","特開2020-071505","","","","","https://www.j-platpat.inpit.go.jp/c1800/PU/JP-2020-071505/5B52C0E8E430ABE56CB78F62503EDA9A40ADA14DE13525E8427177761CBCD05C/11/ja"
"特開2020-071494","特願2018-202469","2018/10/29","2020/05/07","解析システム","矢崎エナジーシステム株式会社","G06M7/00,301@Q,G08G1/00@D,G08G1/01@F,G06T7/60,110","特開2020-071494","","","","","https://www.j-platpat.inpit.go.jp/c1800/PU/JP-2020-071494/5CA4491D06363BA336970B86868F7801816345613EDCC0BB3199FA7B05064C24/11/ja"
"特開2020-071492","特願2018-202452","2018/10/29","2020/05/07","情報処理システム","三菱電機株式会社","G06F11/07,151,G06F11/20,633,G06F11/30,140@K,G06F11/07,193,G06F11/30,155,G06F11/30,140@A,G06F11/07,140@J","特開2020-071492","","","","","https://www.j-platpat.inpit.go.jp/c1800/PU/JP-2020-071492/E570B0B97D924A6FF9C747694CA20B7E42332963A8AEF88D854054F199261925/11/ja"
"特開2020-071230","特願2019-195278","2019/10/28","2020/05/07","即時廃棄物質検査装置、ならびにそれを使用する廃棄物リサイクル装置および方法","林　修安","G01N21/27@A,G07G1/12,321@L,G07G1/14","特開2020-071230","","特許7215985","拒絶2022-001155","","https://www.j-platpat.inpit.go.jp/c1800/PU/JP-2020-071230/62B5C52F9B0B458A4E607EE1EA98412BB928A9D3085CF73089E5D7A4F4A82F76/11/ja"
"特開2020-070954","特願2018-204127","2018/10/30","2020/05/07","消音換気構造、及び消音性能評価方法","富士フイルム株式会社","F24F7/04@B,F24F13/02@H,F24F13/24,242,G10K11/16,100,G10K15/00@L,H04Q9/00,311@J","特開2020-070954","","特許7015230","","","https://www.j-platpat.inpit.go.jp/c1800/PU/JP-2020-070954/70C3DC1A1BE3CE3DB6D1E214F29B029527E3CDB0221791C3473C226196B24B6D/11/ja"
"特開2020-070637","特願2018-205829","2018/10/31","2020/05/07","情報処理装置、放流支援方法及び放流支援プログラム","日本電気株式会社","E02B7/20,105","特開2020-070637","","","","","https://www.j-platpat.inpit.go.jp/c1800/PU/JP-2020-070637/FA1DBE3B03672DD0E11A481E936F33DCEE0868BD1FC120130D14CA222F1DBDD1/11/ja"
"特開2020-070573","特願2018-203342","2018/10/30","2020/05/07","電動遮蔽装置","立川ブラインド工業株式会社","E05F15/73,E06B9/264@C,E05F15/40,A47H5/02,G06T7/00,660@B,G06T7/00,350@C","特開2020-070573","","","","","https://www.j-platpat.inpit.go.jp/c1800/PU/JP-2020-070573/B492B4BEB45F20BCB1B00F8F950D229263272A92003BD3D1FEAFFA4AF07F6C41/11/ja"
"特開2020-070550","特願2018-202737","2018/10/29","2020/05/07","立体駐車装置の安全装置","日本ケーブル株式会社","E04H6/18,601@F,E04H6/42@Z","特開2020-070550","","","","","https://www.j-platpat.inpit.go.jp/c1800/PU/JP-2020-070550/88B510B8DA76C1F7AD0E90CF4866E2ED9C4830A1D1446881CD89360717871987/11/ja"
"特開2020-069846","特願2018-203850","2018/10/30","2020/05/07","測量システム","鹿島建設株式会社","B64C39/02,B64C13/18@Z,B64D25/00,B64D27/24,B64D45/00@A","特開2020-069846","","特許7072488","","","https://www.j-platpat.inpit.go.jp/c1800/PU/JP-2020-069846/D2DA89DF28D93C1EDE78EC76ED819660F11400E931DECCFD5EC92F3D0CD18D86/11/ja"
"特開2020-069599","特願2018-205594","2018/10/31","2020/05/07","工作機械の支援装置および工作機械システム","株式会社ジェイテクト","B24B49/03@Z,B23Q15/12@A,B24B51/00,B24B5/04,G05B19/4155@V","特開2020-069599","","","","","https://www.j-platpat.inpit.go.jp/c1800/PU/JP-2020-069599/6CA89590A7B07BC760369B86D5C41F7D7D616939E03230D09B803BFEA952ABC0/11/ja"
"特開2020-069596","特願2018-205499","2018/10/31","2020/05/07","加工装置及び加工方法","株式会社三井ハイテック","B23Q17/09@B,B23Q17/12,B23Q17/09@A,B24B49/10,B24B47/18,G05B19/4065","特開2020-069596","","特許7148361","","","https://www.j-platpat.inpit.go.jp/c1800/PU/JP-2020-069596/C48D427DC91ACDEA8A86090BF5F18DBC5D3E0C84795147A57472E2D76C649622/11/ja"
"特開2020-069533","特願2019-073181","2019/04/05","2020/05/07","レーザ加工装置及びレーザ加工方法","浜松ホトニクス株式会社","B23K26/53,B23K26/00@P,H01L21/304,611@Z","特開2020-069533","","","","","https://www.j-platpat.inpit.go.jp/c1800/PU/JP-2020-069533/16F456B7B9DDCC161590483CADC47A6439B3F697CB5CF89D8C010BC5D5977CCD/11/ja"
"特開2020-069532","特願2019-073179","2019/04/05","2020/05/07","レーザ加工装置及びレーザ加工方法","浜松ホトニクス株式会社","B23K26/53,B23K26/00@P,H01L21/304,611@Z,H01L21/78@B","特開2020-069532","","特許7134909","","","https://www.j-platpat.inpit.go.jp/c1800/PU/JP-2020-069532/65A8F17EA3E2D813878E49E92921224574706461FB9D5D00E4576005F0ADEEE0/11/ja"
