﻿"文献番号","出願番号","出願日","公知日","発明の名称","出願人/権利者","FI","公開番号","公告番号","登録番号","審判番号","その他","文献URL"
"特表2022-537007","特願2021-557735","2020/12/16","2021/11/25","データ記憶","北京市商▲湯▼科技▲開▼▲發▼有限公司","G06F12/02,510@B,G06F12/084,G06F12/00,560@F","特表2022-537007","","特許7164733","","","https://www.j-platpat.inpit.go.jp/c1800/PU/JP-2022-537007/5845505D8BE1424E47548800C22E2347AFBB6AD50878BA1225F40B0A7B959358/11/ja"
"特表2023-500969","特願2022-527078","2020/09/25","2021/11/25","ターゲット追跡方法、装置、電子機器、コンピュータ読み取り可能な記憶媒体及びコンピュータプログラムプロダクト","ベイジン　バイドゥ　ネットコム　サイエンス　テクノロジー　カンパニー　リミテッド","G06T7/70@Z","特表2023-500969","","","","","https://www.j-platpat.inpit.go.jp/c1800/PU/JP-2023-500969/2AC7B48ED617D725127FD2950D09DE28E5A073C74540788B2BCD8163A6F180E1/11/ja"
"特表2022-539634","特願2021-538657","2020/12/01","2021/11/25","ユーザインタラクション方法、装置、機器および媒体","ベイジン　バイドゥ　ネットコム　サイエンス　テクノロジー　カンパニー　リミテッド","G06F3/01,510,G06Q50/10,G06T7/00,660@A,G06T7/20,300@B,G06V10/764","特表2022-539634","","","","","https://www.j-platpat.inpit.go.jp/c1800/PU/JP-2022-539634/BE58CC2F3F7020881EC53C4238DD720B2E6BE27FA3974A1E36086D172F47BA76/11/ja"
"特表2022-537846","特願2020-558930","2020/08/21","2021/11/25","条件付きエピソード構成を用いた強化学習装置及び方法","アジャイルソーダ　インコーポレイテッド","G06N20/00","特表2022-537846","","","","","https://www.j-platpat.inpit.go.jp/c1800/PU/JP-2022-537846/2D1B6868A50534A36DC629954117B04B645EB4E6E9BBC43B840E53F15AFE59FF/11/ja"
"特表2022-537000","特願2021-536284","2020/11/25","2021/11/25","音声対話に基づく情報検証方法、装置、デバイス、コンピュータ記憶媒体、およびコンピュータプログラム","バイドゥ　オンライン　ネットワーク　テクノロジー（ペキン）　カンパニー　リミテッド","G10L15/10,500@T,G10L15/16,G10L15/22,300@Z,G10L13/00,100@M","特表2022-537000","","","","","https://www.j-platpat.inpit.go.jp/c1800/PU/JP-2022-537000/1B1388EFEA27676B1826A066A1D1F56E003B22F60653E4A13EF2FE1905A05DBE/11/ja"
"特開2021-182791","特願2020-086685","2020/05/18","2021/11/25","電力需要量予測装置、電力需要量予測装置の制御方法及びプログラム","中国電力株式会社","H02J3/00,130","特開2021-182791","","","","","https://www.j-platpat.inpit.go.jp/c1800/PU/JP-2021-182791/BE1AB3C2AECBFECB4EE621D2F0FE51104A53E206F28F559549D842D7D5163B1F/11/ja"
"特開2021-182449","特願2021-136307","2021/08/24","2021/11/25","刺激伝達装置","株式会社村田製作所","G06F3/01,560","特開2021-182449","","","","","https://www.j-platpat.inpit.go.jp/c1800/PU/JP-2021-182449/119F713DE63587479E2D86A623E6635719FA3BC2E8AC721CEEBDFE7FA657901E/11/ja"
"特開2021-182441","特願2021-131699","2021/08/12","2021/11/25","画像を処理するための方法、装置、機器、媒体およびプログラム","北京百度網訊科技有限公司","G06T7/00,350@B,G06V10/86,G06V20/62","特開2021-182441","","","","","https://www.j-platpat.inpit.go.jp/c1800/PU/JP-2021-182441/7F991A5BF1707429AD85165468D9A60D521A30AA0A73354C2154AD1C95FC1CBF/11/ja"
"特開2021-182438","特願2021-131563","2021/08/12","2021/11/25","動画生成方法、装置、電子機器およびコンピュータ可読媒体","ベイジン　バイドゥ　ネットコム　サイエンス　アンド　テクノロジー　カンパニー　リミテッド","G06T13/40,G06T7/00,660@A,G06T13/20,500,G06F3/16,650,G06F3/16,620,G06F40/151,G10L13/00,100@V","特開2021-182438","","","","","https://www.j-platpat.inpit.go.jp/c1800/PU/JP-2021-182438/0EF2C90A67A4C3989F88080B52AF8B21F33102F037EEA0D67C2DE42B83C291AE/11/ja"
"特開2021-182430","特願2021-130067","2021/08/06","2021/11/25","意味解析モデルのトレーニング方法及び装置、電子機器並びに記憶媒体","ベイジン　バイドゥ　ネットコム　サイエンス　アンド　テクノロジー　カンパニー　リミテッド","G06F16/36,G06N20/00","特開2021-182430","","","","","https://www.j-platpat.inpit.go.jp/c1800/PU/JP-2021-182430/1736BBD8B95EE0DA28F1770AC1983B29DD9C8545B9468ECBD51D0244B5BA4C06/11/ja"
"特開2021-182427","特願2021-127327","2021/08/03","2021/11/25","車両軌跡計画方法、車両軌跡計画装置、電子デバイス、記憶媒体、プログラム、サービス装置、及び自動運転車両","ベイジン　バイドゥ　ネットコム　サイエンス　アンド　テクノロジー　カンパニー　リミテッド","G08G1/16@D,G08G1/09@A,B60W60/00,B60W30/09,B60W30/10","特開2021-182427","","","","","https://www.j-platpat.inpit.go.jp/c1800/PU/JP-2021-182427/063E44F48423612F158178340D1A09126122EF1F4DC95241CFFA6B074A0A3FEE/11/ja"
"特開2021-182421","特願2021-123645","2021/07/28","2021/11/25","ラベル付けツールの生成方法と装置、ラベル付け方法と装置、電子デバイス、記憶媒体及びプログラム","アポロ　インテリジェント　コネクティビティ　（ベイジン）　テクノロジー　カンパニー　リミテッド","G06F8/30,G06N20/00,130","特開2021-182421","","","","","https://www.j-platpat.inpit.go.jp/c1800/PU/JP-2021-182421/8F014A16FBF00D86B559F37EB26B9C69E5E6EEFC70BD15B00AE7E5DACA534944/11/ja"
"特開2021-182418","特願2021-121850","2021/07/26","2021/11/25","車両測位方法、装置、電子デバイス、記憶媒体及びプログラム","アポロ　インテリジェント　コネクティビティ　（ベイジン）　テクノロジー　カンパニー　リミテッド","G06T7/00,650@A,G06T7/70@A,G06T7/60,200@J,G01C21/30,G06T7/00,650","特開2021-182418","","","","","https://www.j-platpat.inpit.go.jp/c1800/PU/JP-2021-182418/C5467A9021651357182EC451A03BE76EC4D4E72202EA87F64F43C5CC02863399/11/ja"
"特開2021-182410","特願2021-115400","2021/07/13","2021/11/25","自動運転システムのテスト方法、自動運転システムのテスト装置、電子デバイス、記憶媒体、及びプログラム","アポロ　インテリジェント　コネクティビティ　（ベイジン）　テクノロジー　カンパニー　リミテッド","G06F11/36,184,G01M17/007@D","特開2021-182410","","特許7108754","","","https://www.j-platpat.inpit.go.jp/c1800/PU/JP-2021-182410/A6F34B5D7D2EF311CFCD89C5618E1229A66932223F8CD313EA30C50992409F5C/11/ja"
"特開2021-182404","特願2021-112809","2021/07/07","2021/11/25","日常シーン復元エンジン","クイッディエント・エルエルシー","G06T7/557,G06T7/579,G06T17/10,G06T17/00,500,G06T7/00,350@B,H04N5/225,410,H04N5/232,290,G06T7/00,650,H04N23/55,100,H04N23/60,500,H04N23/957","特開2021-182404","","","","","https://www.j-platpat.inpit.go.jp/c1800/PU/JP-2021-182404/903FAEBFA85D762A30CA0A530B107DF1E6DB8D25C243A1D87CE2F8BAD369A9A6/11/ja"
"特開2021-182389","特願2021-083876","2021/05/18","2021/11/25","請求書データ管理装置、請求書データ管理システム、請求書データ管理方法及びプログラム","ファーストアカウンティング株式会社","G06Q20/10,300","特開2021-182389","","","","","https://www.j-platpat.inpit.go.jp/c1800/PU/JP-2021-182389/93FFB97E0AA35A0411E6C8FD0299007AED394F45D53373853773ABE1A37A0567/11/ja"
"特開2021-182387","特願2021-082927","2021/05/17","2021/11/25","可変チャットボックス","アバイア　マネジメント　エル．ピー．","G06Q50/10,G06N20/00,G06N5/00,G06F16/90,100,G06F16/9035,G06Q30/00,330","特開2021-182387","","特許7216143","","","https://www.j-platpat.inpit.go.jp/c1800/PU/JP-2021-182387/EFA4246DF1812BFD52312D177E25AFDB9419E306CC6972931AC3FEEAC2C59503/11/ja"
"特開2021-182381","特願2021-080444","2021/05/11","2021/11/25","道路状況情報提供システム","公立大学法人岩手県立大学","G08G1/00@J,G08G1/09@H,G08G1/13,G09B29/00@Z,G16Y10/40,G16Y20/10","特開2021-182381","","","","","https://www.j-platpat.inpit.go.jp/c1800/PU/JP-2021-182381/78B45F191E019A496B98470CB603DE4EE0574E34EF6A96234D99F8270F805D12/11/ja"
"特開2021-182380","特願2021-079035","2021/05/07","2021/11/25","情報配信システム","株式会社すなおネット","G06Q30/02,470,G06Q30/06,G06Q30/00,340,G06Q30/015,G06Q30/018","特開2021-182380","","特許7051162","","","https://www.j-platpat.inpit.go.jp/c1800/PU/JP-2021-182380/33A76E4898600E417A9B13255FD83B8198880392F7F0C1F3FD9360FB3E4BE169/11/ja"
"特開2021-182369","特願2020-204006","2020/12/09","2021/11/25","使用者のプレイングに基づいて再プログラミングされるインタラクティブコンテンツ提供方法および装置","株式会社イルニ","G06T13/40,G06T19/00,600","特開2021-182369","","","","","https://www.j-platpat.inpit.go.jp/c1800/PU/JP-2021-182369/5C6B5D2855CBDC04191EB98A2982B30D091885577164BF426C8CE63623D4EFCC/11/ja"
"特開2021-182368","特願2020-201579","2020/12/04","2021/11/25","商品情報提供システム及びサービス情報提供システム","株式会社すなおネット","G06Q50/10,G06Q30/02,380,G06Q30/02,470,G06Q30/015,G06Q30/0241","特開2021-182368","","特許7004353","","","https://www.j-platpat.inpit.go.jp/c1800/PU/JP-2021-182368/B195B27D5314C6D39614A3AA3B7E29D887F256E04912CAE6F53606047BA1822B/11/ja"
"特開2021-182367","特願2020-198328","2020/11/30","2021/11/25","情報処理装置","ファッションパートナー株式会社","G06Q30/02,470,G06Q30/015","特開2021-182367","","","","","https://www.j-platpat.inpit.go.jp/c1800/PU/JP-2021-182367/798113A11915DA333F4B8C088E1989FF06325E395DDBC6D2235C13834C44BAE1/11/ja"
"特開2021-182365","特願2020-196339","2020/11/26","2021/11/25","商品情報提供システム及びサービス情報提供システム","株式会社すなおネット","G06Q30/02,380,G06Q30/02,470,G06Q30/015,G06Q30/0241","特開2021-182365","","特許7004352","","","https://www.j-platpat.inpit.go.jp/c1800/PU/JP-2021-182365/77FB121F8FCDB7ECAB5825002A10D8C660FE3FA286DB6D14EE99E9E1E9A5841C/11/ja"
"特開2021-182364","特願2020-184852","2020/11/05","2021/11/25","商品情報提供システム及びサービス情報提供システム","株式会社すなおネット","G06Q30/06,330,G06Q30/02,470,G06Q30/015,G06Q30/0601,330","特開2021-182364","","特許7039068","","","https://www.j-platpat.inpit.go.jp/c1800/PU/JP-2021-182364/8D0F199A5DF196501FA1C6B78575508F5987DE317442EF07074BA3B7C2FDE766/11/ja"
"特開2021-182361","特願2020-170954","2020/10/09","2021/11/25","商品情報提供システム及びサービス情報提供システム","株式会社すなおネット","G06Q30/02,470,G06Q30/02,320,G06Q30/015,G06Q30/0207","特開2021-182361","","特許7039067","","","https://www.j-platpat.inpit.go.jp/c1800/PU/JP-2021-182361/881E0D881AAB2975439D22D73026F0238EF2CEA3BEFACB851A315025DB7BEFAF/11/ja"
"特開2021-182358","特願2020-156208","2020/09/17","2021/11/25","情報配信システム","株式会社すなおネット","G06Q50/10,G06Q30/02,470,G06Q30/00,340,G06Q30/015,G06Q30/018","特開2021-182358","","特許7025784","","","https://www.j-platpat.inpit.go.jp/c1800/PU/JP-2021-182358/32529690F3FED44D236AA4E031DC57ED63EF012D1EDC193ADA32751DF75F7483/11/ja"
"特開2021-182356","特願2020-151585","2020/09/09","2021/11/25","情報配信システム","株式会社すなおネット","G06Q30/02,470,G06Q30/015","特開2021-182356","","特許6980312","","","https://www.j-platpat.inpit.go.jp/c1800/PU/JP-2021-182356/27F7D625E96F47602ACE81135C6A20DBED2359EB00F773332C35EF0AFC7CB50D/11/ja"
"特開2021-182353","特願2020-139065","2020/08/20","2021/11/25","情報配信システム","株式会社すなおネット","G06Q30/06,G06Q30/02,470,G06F13/00,540@P,H04L67/00,G06Q30/00,340,G06Q30/015,G06Q30/018","特開2021-182353","","特許7015580","","","https://www.j-platpat.inpit.go.jp/c1800/PU/JP-2021-182353/8A7659E8A1B901A81BC32FEF5C0A827B07AD050E01B9AA46952DDA7F8BF1530B/11/ja"
"特開2021-182352","特願2020-136507","2020/08/12","2021/11/25","情報配信システム","株式会社すなおネット","G06Q30/02,470,G06F13/00,540@A,H04L67/00,G06Q30/015","特開2021-182352","","特許6980311","","","https://www.j-platpat.inpit.go.jp/c1800/PU/JP-2021-182352/3500778B300177B25A1A728B48909649E43F365A10FD22CBEAAEF93C212DCBF0/11/ja"
"特開2021-182351","特願2020-135951","2020/08/11","2021/11/25","情報配信システム","株式会社すなおネット","G06Q30/00,340,G06F13/00,540@A,H04L67/00,G06Q30/018","特開2021-182351","","特許6980310","","","https://www.j-platpat.inpit.go.jp/c1800/PU/JP-2021-182351/9796E772B9B97F76BEC106569E26FA4187F83BBED31527BAA2CE269A7A1CFB27/11/ja"
"特開2021-182326","特願2020-088238","2020/05/20","2021/11/25","車両検知装置","株式会社京三製作所","G08G1/01@D,G08G1/04@D,G08G1/08,G06T7/00,650@B,G06T7/00,650","特開2021-182326","","","","","https://www.j-platpat.inpit.go.jp/c1800/PU/JP-2021-182326/3FA42F08CC7B0E488F077B7CA2E540D8AA6CE4FBB37D8B9D5B5A863FF1FF6593/11/ja"
"特開2021-182325","特願2020-088220","2020/05/20","2021/11/25","車両検知装置","株式会社京三製作所","G08G1/01@D,G08G1/04@D,G06T7/00,650@B,G06T7/00,650","特開2021-182325","","","","","https://www.j-platpat.inpit.go.jp/c1800/PU/JP-2021-182325/B815D0BE265C6957229A0166F4F4FAB9C60570DAC5AD3DB1FBAF8A7AC56A4A2C/11/ja"
"特開2021-182290","特願2020-087742","2020/05/19","2021/11/25","マッチング支援システム","株式会社アイアイビー","G06Q50/10","特開2021-182290","","特許7065533","","","https://www.j-platpat.inpit.go.jp/c1800/PU/JP-2021-182290/8A0161CF3745424DBE55A7EC38EE066A1049E0C1CACF381163E79314E47C41F7/11/ja"
"特開2021-182288","特願2020-087696","2020/05/19","2021/11/25","移動体追跡装置及び移動体追跡方法","技研トラステム株式会社","G06T7/20,300,G06N3/02","特開2021-182288","","特許7053057","","","https://www.j-platpat.inpit.go.jp/c1800/PU/JP-2021-182288/173E12F13F9DFF8FB64CEF14AF9D50F97220C6FC7D4C39CFD2A3818C4504AFD2/11/ja"
"特開2021-182284","特願2020-087666","2020/05/19","2021/11/25","方法、情報処理装置、及びプログラム","荏原環境プラント株式会社","G06Q50/06,G06Q10/04,H02J3/00,170","特開2021-182284","","","","","https://www.j-platpat.inpit.go.jp/c1800/PU/JP-2021-182284/E4C2AB9FA2E877C54847E16DD6CB3F4823BDA292D606185C2DA28FA1BEEC5463/11/ja"
"特開2021-182281","特願2020-087632","2020/05/19","2021/11/25","車両の周辺監視システム","マツダ株式会社","G08G1/00@D,G08G5/00@A,H04N7/18@J,H04N7/18@D","特開2021-182281","","","","","https://www.j-platpat.inpit.go.jp/c1800/PU/JP-2021-182281/3F30C0CB97E1649F6F600915614EE6948EBD59C994B6D4E821C9E931C60F503B/11/ja"
"特開2021-182264","特願2020-087477","2020/05/19","2021/11/25","サーバー装置、情報処理システム及び情報処理プログラム","京セラドキュメントソリューションズ株式会社","G06F3/01,570,G06F13/00,357@A,G01S13/56,G01P13/00@A,H04N1/00,127@A,H04L67/00","特開2021-182264","","","","","https://www.j-platpat.inpit.go.jp/c1800/PU/JP-2021-182264/95B8EABCA4A6BCAD50D5165A6BD3A2FE81D996BEA3DE2FEB5608E2CAF4F2BA7E/11/ja"
"特開2021-182176","特願2019-228338","2019/12/18","2021/11/25","データ処理方法および関連製品","カンブリコン　テクノロジーズ　コーポレーション　リミテッド","G06F11/34,157,G06F11/34,109,G06N3/04,G06F9/44","特開2021-182176","","特許7045357","","","https://www.j-platpat.inpit.go.jp/c1800/PU/JP-2021-182176/0697E82EAA9F618FB148B4EC21EF0B32165A8E6F357F516A8B3761235D0711FB/11/ja"
"特開2021-182169","特願2018-119786","2018/06/25","2021/11/25","情報処理装置、モデル学習方法、データ認識方法および学習済みモデル","オリンパス株式会社","G06N99/00,150,G06N3/08,G06N20/00","特開2021-182169","","","","","https://www.j-platpat.inpit.go.jp/c1800/PU/JP-2021-182169/8E1394BB4F090547ECBD225A1581A8622DCAEBD774D38EF766DA320E80971D66/11/ja"
"特開2021-182100","特願2020-087996","2020/05/20","2021/11/25","採点支援方法","株式会社ＥｄＬｏｇ","G09B5/08,G09B19/00@H,G09B5/14,G06Q50/20,300","特開2021-182100","","","","","https://www.j-platpat.inpit.go.jp/c1800/PU/JP-2021-182100/6875C938747EADCA720A42C341AC72655003A0C56088FA36B3425B75F0A64030/11/ja"
"特開2021-181975","特願2020-205565","2020/12/11","2021/11/25","出発タイマーの提供方法およびシステム","ＬＩＮＥ株式会社,ネイバー　コーポレーション","G01C21/26@P,G08G1/005,G09B29/00@A,G09B29/10@A","特開2021-181975","","特許7080297","","","https://www.j-platpat.inpit.go.jp/c1800/PU/JP-2021-181975/E2EAFEF49E978341BCF031D90A72ED96FA20AC038C570305ED5AB78570ED191B/11/ja"
"特開2021-181938","特願2020-087617","2020/05/19","2021/11/25","車両先導システム","マツダ株式会社","G01C21/36,G08G5/00@A,G08G1/14@A","特開2021-181938","","","","","https://www.j-platpat.inpit.go.jp/c1800/PU/JP-2021-181938/7EC0C2DFC9BEB51CBF1FEDDC0EDF44639B2D00DFD881DCF55D394BBE0B89B19C/11/ja"
"特開2021-181925","特願2020-087431","2020/05/19","2021/11/25","撮像システム、制御装置、制御方法、プログラム","キヤノン株式会社","G01N21/3581,H04N5/225,600,H04N5/232,450,G03B15/00@S,G03B15/02@F,H04N23/56,H04N23/667","特開2021-181925","","","","","https://www.j-platpat.inpit.go.jp/c1800/PU/JP-2021-181925/48DC63A2097AAA1EEB719603ABFCB7C1F6C6589E3EA53347C96CB9908F9EEE24/11/ja"
"特開2021-181921","特願2020-087335","2020/05/19","2021/11/25","探傷装置、および探傷方法","株式会社ジェイテクト","G01N21/952","特開2021-181921","","","","","https://www.j-platpat.inpit.go.jp/c1800/PU/JP-2021-181921/95CDCD876DAA9D872104FD77F9030313F806AA00C4E53567186118D499354CF1/11/ja"
"特開2021-181900","特願2020-086669","2020/05/18","2021/11/25","波面計測装置、波面計測方法、並びに、光学系および光学素子の製造方法","キヤノン株式会社","G01M11/02@B,G01J9/00,G02B3/00@A","特開2021-181900","","","","","https://www.j-platpat.inpit.go.jp/c1800/PU/JP-2021-181900/9E2BEC87B7BB4A8A21FAE26E3539C8DB1F668DE707C2DCF3F42C09B85EA6BBC7/11/ja"
"特開2021-181878","特願2020-204276","2020/12/09","2021/11/25","音声制御調理器具プラットフォーム","株式会社Ｒｅｍｙ","F24C7/04,301@A,F24C15/00@K,F24C15/00@M,F24C7/02,301@K,F24C7/04,301@Z,G10L15/00,200@N,G10L15/22,300@Z,G10L17/00,200@C","特開2021-181878","","特許6989683","","","https://www.j-platpat.inpit.go.jp/c1800/PU/JP-2021-181878/E5CB6FF521F244B4EA006CC69C26726321F0215128CA7BE3FEB6E4FD9FA0BF78/11/ja"
"特開2021-181399","特願2021-084487","2021/05/19","2021/11/25","Ｓｉインゴット単結晶を生産するための方法、Ｓｉインゴット単結晶、およびその装置","環球晶圓股▲ふん▼有限公司","C30B29/06,502,C30B15/00@Z","特開2021-181399","","特許7203146","","","https://www.j-platpat.inpit.go.jp/c1800/PU/JP-2021-181399/657FB59A569EA6E884824DCAC2C799B68F10DBE7BD28E245AF925800B7C36152/11/ja"
"特開2021-180839","特願2021-082060","2021/05/14","2021/11/25","血流認証装置用端末機器及びこれを用いた入退室制御装置","バイオニクス株式会社","A61B5/117,200,A61B5/1171,100,G06T1/00,400@H,G06T7/00,510@B,G07C9/37,A61B5/1455","特開2021-180839","","","","","https://www.j-platpat.inpit.go.jp/c1800/PU/JP-2021-180839/72DEF8168850F32313887B89879419F18D9CCD14863A3040F8B2181C41F2636F/11/ja"
"特許6972429","特願2021-513481","2020/08/05","2021/11/24","プラント管理方法及びプラント設計装置","千代田化工建設株式会社","G05B23/02@Z,G05B23/02@R,G06F21/57,370","WO2022/029915","","特許6972429","","","https://www.j-platpat.inpit.go.jp/c1800/PU/JP-6972429/87E184434A18C8260F2CD4F384FB9D89FD0B2F0DBBA573538826715A1EDC2B4A/15/ja"
"特許6971505","特願2020-191277","2020/11/17","2021/11/24","ウェイトトレーニング情報管理システム、情報処理装置、計測プログラム及び解析プログラム","株式会社ＦＩＯＴＨ","A63B24/00,A63B21/075,A63B21/078,A63B69/00@C,A63B71/06@T,A63B71/06@G,G16Y10/65,G16Y20/40,G16Y40/10","特開2022-080223","","特許6971505","","","https://www.j-platpat.inpit.go.jp/c1800/PU/JP-6971505/1373EE07AF84E9FF2EC04D47E24D162539FAB953F59F89142D5D5B3C6A8C56B3/15/ja"
"特許6971448","特願2020-140853","2020/08/24","2021/11/24","情報処理方法、情報処理装置及びコンピュータプログラム","株式会社エクサウィザーズ","G06Q50/22","特開2022-036573","","特許6971448","拒絶2021-011282","","https://www.j-platpat.inpit.go.jp/c1800/PU/JP-6971448/D967B365CEEA894EF8B26E886CA07920FF3A2CB59C1DD3702515917CDFB57BBB/15/ja"
"特許6969763","特願2021-003799","2021/01/13","2021/11/24","移動体利用システム及び移動体利用方法","トライポッドワークス株式会社,長瀬産業株式会社","G06Q50/10,G06Q30/06,350,G06Q30/0645","特開2022-108670","","特許6969763","","","https://www.j-platpat.inpit.go.jp/c1800/PU/JP-6969763/CC9EBF77F751819E44D25A297C3F4BC24D652DDAAD040A1427B042320B8F394B/15/ja"
"特許6968966","特願2020-182394","2020/10/30","2021/11/24","ディープラーニング及びＰＬＳＩに基づく画像オブジェクトの意味関係を認識する方法","ホソ　ユニバーシティ　アカデミック　コオペレーション　ファウンデーション","G06T7/00,350@B,G06N20/00,G06N7/00,150,G06T7/00,350@C,G06N7/01,G06V10/70,G06V20/50","特開2021-197129","","特許6968966","","","https://www.j-platpat.inpit.go.jp/c1800/PU/JP-6968966/363A17204F6FDFF86FD6978E31B0D3E21CA00E6555A53B532871EA541C0176BD/15/ja"
"特表2022-527662","特願2021-562153","2021/03/29","2021/11/18","仮想オブジェクトの制御方法、装置、機器及びコンピュータプログラム","▲騰▼▲訊▼科技（深▲セン▼）有限公司","A63F13/55,A63F13/5378,A63F13/52","特表2022-527662","","特許7177288","","","https://www.j-platpat.inpit.go.jp/c1800/PU/JP-2022-527662/BE1F30A93A155A0E9EC677B40F1DC464D34F116DC55519998CFB761C4B5B3A31/11/ja"
"特表2023-500203","特願2022-521020","2020/05/13","2021/11/18","画像置換修復","グーグル　エルエルシー","G06T7/00,350@B,G06V10/70","特表2023-500203","","","","","https://www.j-platpat.inpit.go.jp/c1800/PU/JP-2023-500203/52A4DCE0FB093758BA4E022F0F518BF8D5B1DBD1EE17C0BAFAADB874E1A0F4F1/11/ja"
"特表2022-553250","特願2022-523026","2021/05/07","2021/11/18","エンドツーエンド画像圧縮のための特徴置換のための方法、装置およびコンピュータプログラム","テンセント・アメリカ・エルエルシー","H04N19/115,G06N3/04,H04N19/154,H03M7/30@Z,H04N19/90","特表2022-553250","","","","","https://www.j-platpat.inpit.go.jp/c1800/PU/JP-2022-553250/1CBB2F637BD746BA9249AFED129B38E655C626BE56D3A2C9753B5F42BCCB9D0D/11/ja"
"特表2022-536009","特願2021-539667","2020/05/14","2021/11/18","動的コンポーネントを有するビデオのレンダリング","グーグル　エルエルシー","H04N21/2668,H04N21/258","特表2022-536009","","","","","https://www.j-platpat.inpit.go.jp/c1800/PU/JP-2022-536009/A71F4C93F6D5EF59D24C9BB1C890784631EA560F59AA3FC7D24540132F155548/11/ja"
"特表2022-535675","特願2021-564931","2021/04/27","2021/11/18","仮想オブジェクトの制御方法並びにその、装置、端末及びコンピュータプログラム","テンセント・テクノロジー・（シェンジェン）・カンパニー・リミテッド","A63F13/55,A63F13/426,A63F13/5378,A63F13/52,A63F13/53","特表2022-535675","","","","","https://www.j-platpat.inpit.go.jp/c1800/PU/JP-2022-535675/92E67738C25F9A1F73239DF9CE96C7E0E5B83DD497211563BF50083139C9A90A/11/ja"
"特表2022-535502","特願2021-564930","2021/03/30","2021/11/18","仮想オブジェクトを選択するための方法並びにその、装置、端末及び記憶媒体","テンセント・テクノロジー・（シェンジェン）・カンパニー・リミテッド","G06F3/04815,A63F13/533,A63F13/52,G06T19/00,600,G06T19/00,300@B","特表2022-535502","","","","","https://www.j-platpat.inpit.go.jp/c1800/PU/JP-2022-535502/8965512842B6B65FC99522BAB41E02C143B18C55E77A23E045F785214F7E01FD/11/ja"
"特開2021-180608","特願2021-080084","2021/05/10","2021/11/18","ケーブル端末処理装置及びケーブル端末処理方法","株式会社ＨＣＩ","H02G1/12,056,H02G1/14,H02G1/12,065,B26D3/00,603@Z,H01R43/048@Z,G06T7/00,350@B,G06T7/70@A","特開2021-180608","","","","","https://www.j-platpat.inpit.go.jp/c1800/PU/JP-2021-180608/09838B6D84ABCC04B911DF8CC45C5D56498AE3F4BE752C70F0AA209CF31D891F/11/ja"
"特開2021-180473","特願2020-213348","2020/12/23","2021/11/18","オンライン絵本コンテンツの取得方法、装置及びスマートスクリーンデバイス","バイドゥ　オンライン　ネットワーク　テクノロジー　（ベイジン）　カンパニー　リミテッド","H04N21/482,G06F13/00,540@A,G06T7/00,300@F,H04N21/41,H04N21/44,H04N21/436,H04L67/00,H04L67/02","特開2021-180473","","特許7153052","","","https://www.j-platpat.inpit.go.jp/c1800/PU/JP-2021-180473/0AC39ED9E0A63E3705B32658902298055D7B84299DA87FE6CB92E8EB561E51C5/11/ja"
"特開2021-180427","特願2020-085361","2020/05/14","2021/11/18","グループ通信システム、グループ通信プログラム及びグループ通信方法","ミントフラッグ株式会社","H04M3/56@C,G10L15/00,200@A,H04N7/15,120,H04N7/15,170,G06F13/00,650@B,G06F13/00,540@E,H04L51/04,H04L67/00","特開2021-180427","","","","","https://www.j-platpat.inpit.go.jp/c1800/PU/JP-2021-180427/92981B3378E6974AE5F07ED023A620C57C044B81DC9B533EF14DDD59AD405E00/11/ja"
"特開2021-180374","特願2020-083658","2020/05/12","2021/11/18","ドローン警備システム、ドローン警備システムのプログラム、移動体警備システム、移動体警備システムのプログラム","株式会社サテライトオフィス","H04N7/18@D,G08B25/00,510@M,G08B25/04@E,G08B15/02,G08B13/196","特開2021-180374","","","","","https://www.j-platpat.inpit.go.jp/c1800/PU/JP-2021-180374/2813650D22362FBC12DC370E7FE479C1A9348D470B5998EC91D3E001F0BF9982/11/ja"
"特開2021-180353","特願2020-083217","2020/05/11","2021/11/18","基地局、システム及び方法","株式会社東芝","H04W48/18,H04W72/04,H04W48/16,132,H04W72/512","特開2021-180353","","","","","https://www.j-platpat.inpit.go.jp/c1800/PU/JP-2021-180353/6ACC3ECAD1FDCD0E13C8CB6AC95F7DA0B3FB6664FDFE62B170084EDDB7C9A0E5/11/ja"
"特開2021-180250","特願2020-084586","2020/05/13","2021/11/18","移動体用演算装置の冷却構造","マツダ株式会社","H05K7/20@N,H01L23/46@Z,G06F1/20@A,G06F1/20@C","特開2021-180250","","","","","https://www.j-platpat.inpit.go.jp/c1800/PU/JP-2021-180250/FEF7EE0053CAB8027ED09C7FC841C84BB2845284D6B780BF7D0A73E957B35484/11/ja"
"特開2021-180249","特願2020-084579","2020/05/13","2021/11/18","移動体用演算装置の冷却構造","マツダ株式会社","H05K7/20@N,H01L23/46@Z,G06F1/20@A,G06F1/20@C","特開2021-180249","","","","","https://www.j-platpat.inpit.go.jp/c1800/PU/JP-2021-180249/2F8D5628B746D6C81FDE79013F1D058176ECAC94F930965982010B7D6A7A2309/11/ja"
"特開2021-180245","特願2020-084561","2020/05/13","2021/11/18","移動体用演算装置の冷却構造","マツダ株式会社","H05K7/20@N,H05K7/20@F,H01L23/46@Z","特開2021-180245","","","","","https://www.j-platpat.inpit.go.jp/c1800/PU/JP-2021-180245/6CCC9EBAA02F1DEF3E0B36993B44C124A2DEE9EC7AE3CF0749AFC0ED7B79BD17/11/ja"
"特開2021-180020","特願2021-118678","2021/07/19","2021/11/18","トレースデータの要約及び視覚化のためのシステム及び方法","グリーン　ヒルズ　ソフトウェア，インコーポレイテッド","G06F11/36,136","特開2021-180020","","特許7051269","","","https://www.j-platpat.inpit.go.jp/c1800/PU/JP-2021-180020/F410A1FA106233E9019261589800C2174E9EF7467FEE395057C2255FED442C5F/11/ja"
"特開2021-180015","特願2021-114441","2021/07/09","2021/11/18","車両のスケジューリング方法、装置、電子デバイス、記憶媒体、及びプログラム","アポロ　インテリジェント　コネクティビティ　（ベイジン）　テクノロジー　カンパニー　リミテッド","G08G1/09@Q,G08G1/16@A,G09B29/10@A","特開2021-180015","","","","","https://www.j-platpat.inpit.go.jp/c1800/PU/JP-2021-180015/6B8DAE027C15E37032AEABE20BAD79281BCF54B111BAAA787924BB54ABDE3EBA/11/ja"
"特開2021-180001","特願2021-102797","2021/06/21","2021/11/18","逆解析型自動機械学習システム","Ｎｅｘｔ　Ｉｎｎｏｖａｔｉｏｎ合同会社","G06N20/00,130,G01B7/16@R,G06N3/04,G06N3/08,G06N3/09","特開2021-180001","","特許7217899","","","https://www.j-platpat.inpit.go.jp/c1800/PU/JP-2021-180001/ED0EAA399F9AB7262465F75843CF69A5C5BAC0F569227AD91CFA3AA2E6084253/11/ja"
"特開2021-179978","特願2021-075224","2021/04/27","2021/11/18","語義類似度モデルの訓練方法、装置、電子デバイス及び記憶媒体","ベイジン　バイドゥ　ネットコム　サイエンス　アンド　テクノロジー　カンパニー　リミテッド","G06F40/216,G06N20/00,G06F40/237,G06F16/28","特開2021-179978","","特許7192192","","","https://www.j-platpat.inpit.go.jp/c1800/PU/JP-2021-179978/4A4E7AD1FD37174FEE09968E3FB69FBDD629C7D2D8EEDBE472261E090ECE9BA1/11/ja"
"特開2021-179974","特願2021-066666","2021/04/09","2021/11/18","機械学習パイプラインにおけるバイアス緩和","富士通株式会社","G06N20/00","特開2021-179974","","","","","https://www.j-platpat.inpit.go.jp/c1800/PU/JP-2021-179974/0EFBFADDA5495E8E130502598F6952D7AE91F1862527E03DB81147FA30ED668A/11/ja"
"特開2021-179966","特願2020-219684","2020/12/28","2021/11/18","ニューラルネットワークにおける量子化パラメータの確定方法および関連製品","シャンハイ　カンブリコン　インフォメーション　テクノロジー　カンパニー　リミテッド,寒武紀（西安）集成電路有限公司","G06N3/08,G06N3/0495","特開2021-179966","","特許7167405","","","https://www.j-platpat.inpit.go.jp/c1800/PU/JP-2021-179966/02F75F7E6BE111504AEE0DE8972C9360429A354F15C4139E2198C0D5859C4E63/11/ja"
"特開2021-179914","特願2020-086107","2020/05/15","2021/11/18","輸送経路予測プログラム及び輸送経路予測システム","国立研究開発法人　海上・港湾・航空技術研究所","G06Q10/04,G08G1/00@D,G01C21/34,G06Q10/08,G06N20/00,G06N3/08","特開2021-179914","","","","","https://www.j-platpat.inpit.go.jp/c1800/PU/JP-2021-179914/039244B34599EC4E011ACB3C5BDB71638E23E344B068BF0BDED1F11AA1070EE4/11/ja"
"特開2021-179875","特願2020-085677","2020/05/15","2021/11/18","イベント混雑予想プログラム","ＡＳＳＥＳＴ株式会社","G06Q10/04","特開2021-179875","","","","","https://www.j-platpat.inpit.go.jp/c1800/PU/JP-2021-179875/A337A37DA5CEB2CEE9FD869A9861D95CCBCB7CF85F8CEF8F39EDB0815FDE75B5/11/ja"
"特開2021-179846","特願2020-085337","2020/05/14","2021/11/18","文を分類する方法、装置およびプログラム","学校法人　東洋大学","G06F16/35","特開2021-179846","","","","","https://www.j-platpat.inpit.go.jp/c1800/PU/JP-2021-179846/FE95C7B6E2D2B7D798CB6652D03AA7D0BA26CFDDEAB42F2E3B72FDC582B769DD/11/ja"
"特開2021-179755","特願2020-084240","2020/05/13","2021/11/18","水安定供給システム","三菱電機株式会社","G06Q50/06","特開2021-179755","","","","","https://www.j-platpat.inpit.go.jp/c1800/PU/JP-2021-179755/6FE3056B728FFE98C79E86BD71248295D704D3BCC80B23DD0C3952F89A9BABF3/11/ja"
"特開2021-179729","特願2020-084016","2020/05/12","2021/11/18","監視システム、監視装置、及び監視方法","楽天モバイル株式会社","G08B25/10@A,G08B21/00@Z","特開2021-179729","","","","","https://www.j-platpat.inpit.go.jp/c1800/PU/JP-2021-179729/528C141DDF71C99C1FA7D8B33AF5AAFFB33509120E9995479D6C2A1FB31A2E7F/11/ja"
"特開2021-179707","特願2020-083727","2020/05/12","2021/11/18","ドローン受付システム、ドローン受付システムのプログラム、移動体受付システム、移動体受付システムのプログラム","株式会社サテライトオフィス","G06Q10/10","特開2021-179707","","","","","https://www.j-platpat.inpit.go.jp/c1800/PU/JP-2021-179707/7999CE3F79C7142505A656BA8EDE6F621D286DA1933A45D2DA217C2F5EADEA79/11/ja"
"特開2021-179693","特願2020-083458","2020/05/11","2021/11/18","情報処理方法、プログラム、情報処理装置及び情報処理システム","アズビル株式会社,アズビル金門株式会社,株式会社東光高岳,東光東芝メーターシステムズ株式会社","G06Q50/06","特開2021-179693","","","","","https://www.j-platpat.inpit.go.jp/c1800/PU/JP-2021-179693/704653A62DAAB15BE6C0B92DC702BCEF8E0EC776A6C14864CB944D645B4224A0/11/ja"
"特開2021-179692","特願2020-083457","2020/05/11","2021/11/18","情報処理方法、プログラム、情報処理装置及び情報処理システム","アズビル株式会社,アズビル金門株式会社,株式会社東光高岳,東光東芝メーターシステムズ株式会社","G06Q50/06","特開2021-179692","","","","","https://www.j-platpat.inpit.go.jp/c1800/PU/JP-2021-179692/CA4C68987146A7E6E743BE1D483183C69A04A497B8BF0D133707C5765995728F/11/ja"
"特開2021-179659","特願2020-083124","2020/05/11","2021/11/18","食事アドバイス提供システムおよび方法","株式会社日立ソリューションズ・クリエイト","G16H20/60,G16Y10/60,G16Y40/20","特開2021-179659","","","","","https://www.j-platpat.inpit.go.jp/c1800/PU/JP-2021-179659/5297B76516569252427BCEE23EEE344E8BC756165726DA63B5415DB5789444EA/11/ja"
"特開2021-179642","特願2021-134212","2021/08/19","2021/11/18","音声インタラクティブの処理方法、装置、電子機器、記憶媒体及びプログラム","北京百度網訊科技有限公司","G10L15/04,300@Z","特開2021-179642","","","","","https://www.j-platpat.inpit.go.jp/c1800/PU/JP-2021-179642/2F9F33EF9090EC992F1C46E2238E59BC87057B66C8FD38F1E5F60D5FFBF5AE70/11/ja"
"特開2021-179578","特願2020-086259","2020/05/15","2021/11/18","極端紫外光光源装置および極端紫外光の生成方法","ウシオ電機株式会社","G03F7/20,503,H05G2/00@K,G03F7/20,521,G03F1/84","特開2021-179578","","","","","https://www.j-platpat.inpit.go.jp/c1800/PU/JP-2021-179578/54CEC28480916290FB678EEAAF80F26BC119F787EED3DD09D4469FDB2C7AE17D/11/ja"
"特開2021-179434","特願2021-081284","2021/05/12","2021/11/18","ミリ波及び超音波センサ","ハネウェル・インターナショナル・インコーポレーテッド","G01N29/024,G01N22/00@A,G01N22/04@A","特開2021-179434","","特許7132393","","","https://www.j-platpat.inpit.go.jp/c1800/PU/JP-2021-179434/F4F973F2EF63AB1D4BB070DF55125BC5490AF7F92C43265DE470C29A8F45B800/11/ja"
"特開2021-179418","特願2020-191601","2020/11/18","2021/11/18","豆腐類検査装置、豆腐類製造システム、豆腐類の検査方法、およびプログラム","株式会社高井製作所","G01N21/88@J,A23L11/00,104@Z,G01N21/89@Z,G06T7/00,350@B,A23L11/45@Z,G06T7/00,610","特開2021-179418","","","拒絶2021-013611","","https://www.j-platpat.inpit.go.jp/c1800/PU/JP-2021-179418/475CB75D3389F87DD66C73A9B12D75D8A3F694F1F2FAF8072772BB8A060110BF/11/ja"
"特開2021-179361","特願2020-084742","2020/05/13","2021/11/18","試験用容器及び評価方法","三菱ケミカル株式会社","G01N21/03@Z,G01N21/78@Z,G01N21/82,G01N21/27@A,B01L3/00","特開2021-179361","","","","","https://www.j-platpat.inpit.go.jp/c1800/PU/JP-2021-179361/B340475EE47489AF8014AC44E5815CB5605446B43B657F2D0F4823C0BAB23272/11/ja"
"特開2021-179353","特願2020-084504","2020/05/13","2021/11/18","グレア評価装置、および、グレア評価システム","パナソニックＩＰマネジメント株式会社","G01J1/42@K","特開2021-179353","","","","","https://www.j-platpat.inpit.go.jp/c1800/PU/JP-2021-179353/8DF6F3F8A22CE1D86062A4F3EAEB50CE31E9219448B36F35397429ECC0D80EFF/11/ja"
"特開2021-179342","特願2020-084090","2020/05/12","2021/11/18","情報処理方法、プログラム及び車載装置","株式会社エイチアイ","G01C21/26@C,G08G1/09@D","特開2021-179342","","特許6976378","","","https://www.j-platpat.inpit.go.jp/c1800/PU/JP-2021-179342/9DD8C205404CB0FE34AB987AD2194CD1FCE91489FB196A2EA6425C60BD2E2AB8/11/ja"
"特開2021-179321","特願2020-083354","2020/05/11","2021/11/18","状態管理方法、プログラム、及び状態管理システム","パナソニックＩＰマネジメント株式会社","G01H9/00@B,B23Q17/12,B23Q17/00@A,B23Q17/00@D,H04N7/18@B,G01M99/00@Z","特開2021-179321","","","","","https://www.j-platpat.inpit.go.jp/c1800/PU/JP-2021-179321/AB15FF05A2CB6F121B314BFF037277702EC2155F6F62825DD2F47F3E8FFE40C8/11/ja"
"特開2021-178988","特願2020-083392","2020/05/11","2021/11/18","空隙認識に基づく熱処理最適化方法","スズキ株式会社,株式会社不二越","C21D11/00,104,C21D1/63,C21D1/18@G,C21D9/00@A,C21D1/00,121,G16Y10/25,G16Y20/10,G16Y40/30,G01N25/18@J","特開2021-178988","","","","","https://www.j-platpat.inpit.go.jp/c1800/PU/JP-2021-178988/992286775DDDDE22BBFE9EB514E016B9A7CDC5BBB895F50D0FAF887527EF85F6/11/ja"
"特開2021-178505","特願2021-037307","2021/03/09","2021/11/18","オブジェクトを積層造形するためのシステム及び方法","ザ・ボーイング・カンパニー","B29C64/205,B29C64/153,B29C64/268,B29C64/357,B29C64/40,B33Y10/00,B33Y30/00,B33Y70/10,B22F12/58,B22F12/90,B22F10/43,B22F3/16,B22F12/33,B22F12/37,B22F10/14,B22F10/28,B22F10/85","特開2021-178505","","","","","https://www.j-platpat.inpit.go.jp/c1800/PU/JP-2021-178505/03F12F28348CBFD2564DC77CADF7E1B33298740FC8385217727E4FD4B7C21C71/11/ja"
"特開2021-178155","特願2020-099692","2020/05/11","2021/11/18","対戦ゲーム用ロボット","赤沼　茂樹","A63H11/00@Z,A63F3/02,511@J,B25J13/00@Z,B25J13/06","特開2021-178155","","","","","https://www.j-platpat.inpit.go.jp/c1800/PU/JP-2021-178155/DE3FA1FD17B20078B940B63A982976E754A8B8F65280BDE4BA6663AB7525000A/11/ja"
"特開2021-177838","特願2020-083549","2020/05/12","2021/11/18","状態変化推定システム、状態変化推定プログラム及び状態変化推定方法","株式会社アドダイス","A61B6/03,360@D,G06T7/00,616,G06T7/00,612","特開2021-177838","","","","","https://www.j-platpat.inpit.go.jp/c1800/PU/JP-2021-177838/B6BA9A367965225661B5EE52821F88DD7026B0A501100015F37C71BC6FEDB3E5/11/ja"
"特開2021-177773","特願2021-120859","2021/07/21","2021/11/18","喫煙者がタバコ加熱製品又は電子タバコへと切り替えることを容易とするための方法及び製品","キャブベイシス・リミテッド・ライアビリティ・カンパニー","A24B15/16,A24F40/20,A24D1/00,A24B15/30,A24F40/00","特開2021-177773","","特許6975870","","","https://www.j-platpat.inpit.go.jp/c1800/PU/JP-2021-177773/EF3983494EB3A7479BB0D1ADD726B588633B5ECC408B0E8A9AB12ED108D59BB4/11/ja"
"特開2021-177754","特願2020-191602","2020/11/18","2021/11/18","豆腐類製造システム","株式会社高井製作所","A23L11/00,104@A,G01N21/88@J,G01N21/89@Z,A23L11/45@A","特開2021-177754","","","拒絶2021-013610","","https://www.j-platpat.inpit.go.jp/c1800/PU/JP-2021-177754/F17B9F98C146AA52DA52E3E6094CBA98946BEDB7A22AA5FDB41E43512242F7B6/11/ja"
"実登3234873","実願2021-003474","2021/08/05","2021/11/11","携帯用端末機のタンデム型ダイヤモンド薄膜太陽電池装置","五十嵐　五郎","H01L31/04,530,H01L31/04,122,H01L31/04,112@Z,H01L31/06,310,H10K30/40,H10K30/50,H10K39/15,H10K85/50","","","実登3234873","","","https://www.j-platpat.inpit.go.jp/c1800/PU/JP-3234873/B9140EC718B159453C9D31CB1F8C9E8EF74330CFF304CC029D636576A36F017D/25/ja"
"特表2022-531811","特願2021-519152","2020/05/07","2021/11/11","動的領域ベースのアプリケーション操作","シトリックス・システムズ・インコーポレイテッド","G06F40/166","特表2022-531811","","特許7148715","","","https://www.j-platpat.inpit.go.jp/c1800/PU/JP-2022-531811/37BEB0F5D1101DCBFF8DC6FD56260E5BCBD6D128E1BCD944DE7C33819D855E0F/11/ja"
"特開2021-177654","特願2021-119883","2021/07/20","2021/11/11","コメント配信システム、端末装置、コメント配信方法、及びプログラム","株式会社ドワンゴ","H04N21/431,H04N21/44,G06F13/00,560@A,H04L67/00","特開2021-177654","","特許7178462","","","https://www.j-platpat.inpit.go.jp/c1800/PU/JP-2021-177654/C0266A11B9A897DCFBAF25C70B8A9D84C43E887B1DDAA5521B52A52F1A016803/11/ja"
"特開2021-177647","特願2021-115562","2021/07/13","2021/11/11","ビデオシーケンス編成方法、装置、電子設備、記憶媒体、及びプログラム","ベイジン　バイドゥ　ネットコム　サイエンス　アンド　テクノロジー　カンパニー　リミテッド","H04N21/854,G06T7/00,660@B,H04N5/232,290,H04N21/845,H04N23/60,500","特開2021-177647","","","","","https://www.j-platpat.inpit.go.jp/c1800/PU/JP-2021-177647/CCD7DD1B5114820793AF8C9C9F9993AD2357B31C67B4D8DA609F84E88FFED9FF/11/ja"
"特開2021-177623","特願2020-192812","2020/11/19","2021/11/11","列読み出し操作のためのデータシンボルの符号化を実行する技術","インテル・コーポレーション","H03M13/19,G06F16/30","特開2021-177623","","","","","https://www.j-platpat.inpit.go.jp/c1800/PU/JP-2021-177623/1C49E08325C2862EB6AAB46643E6ECCBD8443C6A0C4F0327CA06C43620ADE71C/11/ja"
"特開2021-177467","特願2020-082378","2020/05/08","2021/11/11","複合型加熱調理器、厨房家具、複合型加熱調理器の制御用プログラム及び家電機器の運転管理システム","三菱電機ホーム機器株式会社,三菱電機株式会社","H05B6/12,302,F24C15/00@D,F24C15/00@M,F24C7/04,301@A,F24C7/04,301@Z,H05B6/12,312,H05B6/12,324,H05B6/12,317,F24C15/08@G","特開2021-177467","","","","","https://www.j-platpat.inpit.go.jp/c1800/PU/JP-2021-177467/93DDF66A2F96CC03D4C95BA29BCB832F7749B4D8BB5204A49D05765B833FB572/11/ja"
"特開2021-177436","特願2021-130066","2021/08/06","2021/11/11","グラフ推薦方法、装置、電子機器及び記憶媒体","ベイジン　バイドゥ　ネットコム　サイエンス　アンド　テクノロジー　カンパニー　リミテッド","G06F16/9035,G06F16/27","特開2021-177436","","","","","https://www.j-platpat.inpit.go.jp/c1800/PU/JP-2021-177436/EB73669BA765AED7099CE7CC7C125615BDEDF0EF47079B1D380EDFD862CD1151/11/ja"
"特開2021-177430","特願2021-127934","2021/08/04","2021/11/11","コンピュータネットワークにおけるセキュリティを管理する方法及び装置","ハサン・シェド・カムラン","G06F21/55,340,G06F21/55,320,G06F21/56","特開2021-177430","","","","","https://www.j-platpat.inpit.go.jp/c1800/PU/JP-2021-177430/30961E4FE85099FCAFB72A219EBA9FFCAE058D158ECE4FCDC9BE1194D1A6B560/11/ja"
"特開2021-177429","特願2021-127878","2021/08/04","2021/11/11","被検体の致命的症状の発生を早期に予測するための予測結果を生成する方法、及びそれを利用する装置","ビュノ　インコーポレイテッド,ヘウォン　メディカル　ファウンデーション","G16H50/20","特開2021-177429","","","","","https://www.j-platpat.inpit.go.jp/c1800/PU/JP-2021-177429/01279696920E393505262614B0B91D09A6F05094AABCA45E66FBA9C7DE5C2124/11/ja"
"特開2021-177418","特願2021-121707","2021/07/26","2021/11/11","電子機器の通訳機能提供方法およびイヤセット機器","ＬＩＮＥ株式会社,ネイバー　コーポレーション","G06F40/58,G10L15/00,200@C,H04R1/10,104@Z","特開2021-177418","","","","","https://www.j-platpat.inpit.go.jp/c1800/PU/JP-2021-177418/253BF42328E95B3336DB00882B7B30DE2223B73541252399D7344CE8D4CF4885/11/ja"
"特開2021-177391","特願2021-101569","2021/06/18","2021/11/11","グループベースコミュニケーションチャンネルに関連付けられたチャンネルタイトルを管理するよう構成されたグループベースコミュニケーションシステム及び装置","スラック　テクノロジーズ，　インコーポレイテッド,スラック　テクノロジーズ，　エルエルシー","G06F13/00,650@B,G06F21/62,318,H04L51/04,H04L67/00","特開2021-177391","","","","","https://www.j-platpat.inpit.go.jp/c1800/PU/JP-2021-177391/326FC553EBAFF3BBC8774A112DCE2D073FA605392F0CE4DFD0D8BF4F687E730E/11/ja"
"特開2021-177382","特願2021-078460","2021/05/06","2021/11/11","インテリジェントな管理のための、機械加工用工具の使用量および摩耗量のリアルタイム監視","レオナルド・エッセ・ピ・ア","G05B19/418@Z,B25F5/00@C,B23Q17/09@B","特開2021-177382","","","","","https://www.j-platpat.inpit.go.jp/c1800/PU/JP-2021-177382/37E49C2C29A1CCFC6D1BF83E72F5C717CA583BFD98E03C386A57C92C1E87AD3D/11/ja"
"特開2021-177380","特願2021-076257","2021/04/28","2021/11/11","紡績工場内の欠陥を検出しかつ欠陥の１つ以上の原因を推定する装置および方法","マシーネンファブリク　リーター　アクチェンゲゼルシャフト","G05B19/418@Z,D01H13/26","特開2021-177380","","","","","https://www.j-platpat.inpit.go.jp/c1800/PU/JP-2021-177380/4147ED9D2036B7BF153B9206EA6345F3BFA2CA8CF2569C63B2FD26BB42DEEF45/11/ja"
"特開2021-177377","特願2021-067802","2021/04/13","2021/11/11","エンタープライズリソースプランニング（ＥＲＰ）システムのためのシェルコンバージョン","アクセンチュア　グローバル　ソリューションズ　リミテッド","G06F16/25","特開2021-177377","","","","","https://www.j-platpat.inpit.go.jp/c1800/PU/JP-2021-177377/DE29FDE46863E3AD7849C16855CD08AF196B5038B4BA4FD490F96E7F6E2A4B63/11/ja"
"特開2021-177375","特願2021-061313","2021/03/31","2021/11/11","募集ポジション説明テキストの生成方法、装置、電子デバイス、コンピュータ可読記憶媒体及びコンピュータプログラム","百度在線網絡技術（北京）有限公司","G06Q10/10,322,G06N3/02,G06F40/56,G06Q10/1053","特開2021-177375","","","","","https://www.j-platpat.inpit.go.jp/c1800/PU/JP-2021-177375/F2B6DE02DDD0C8F27C4E9C54DAAE31046BD87B15CD84D908BC54DA2C2B3CB104/11/ja"
"特開2021-177369","特願2020-219685","2020/12/28","2021/11/11","ニューラルネットワークにおける量子化パラメータの確定方法および関連製品","シャンハイ　カンブリコン　インフォメーション　テクノロジー　カンパニー　リミテッド,寒武紀（西安）集成電路有限公司","G06N3/08,G06N3/0495","特開2021-177369","","特許7166704","","","https://www.j-platpat.inpit.go.jp/c1800/PU/JP-2021-177369/0C781FB5CEF4CFAF3B34AC6C767CAA35DB9A70210CD4B04B47CA9E84E550342D/11/ja"
"特開2021-177368","特願2020-217561","2020/12/25","2021/11/11","ニューラルネットワークモデルの処理方法及び装置","ベイジン　バイドゥ　ネットコム　サイエンス　アンド　テクノロジー　カンパニー　リミテッド","G06N3/04,G06N3/048","特開2021-177368","","特許7105297","","","https://www.j-platpat.inpit.go.jp/c1800/PU/JP-2021-177368/27C82EF480AAC21F6AB521B8375AD7E1AFD18923D10DA4010905D3C7D57941C5/11/ja"
"特開2021-177366","特願2020-202444","2020/12/07","2021/11/11","フィードバック入力を有するシストリック・アレイを利用するスケーラブルなスパース行列乗算加速","インテル　コーポレイション","G06F17/16@P,G06F17/10@A,G06F9/38,370@C,G06F9/38,310@J,G06F15/80","特開2021-177366","","","","","https://www.j-platpat.inpit.go.jp/c1800/PU/JP-2021-177366/79224195EB5691D367E24F415E8015FB238B340A562F888DC2A6E0FC22573966/11/ja"
"特開2021-177364","特願2020-168523","2020/10/05","2021/11/11","請求情報管理装置、請求情報管理方法及びプログラム","ファーストアカウンティング株式会社","G06Q20/14,G06Q20/42","特開2021-177364","","","","","https://www.j-platpat.inpit.go.jp/c1800/PU/JP-2021-177364/369307A501E155034BB53961ED9CE75DF7D7F9E7CFC22BC844DCDC7C55FD9A59/11/ja"
"特開2021-177295","特願2020-082147","2020/05/07","2021/11/11","状態判定方法、プログラム、及び状態判定システム","パナソニックＩＰマネジメント株式会社","G06T7/00,610@Z,H04N7/18@D","特開2021-177295","","","","","https://www.j-platpat.inpit.go.jp/c1800/PU/JP-2021-177295/A5CA89A954AFBC0B995A08F1A8A29F9B18BE9F3122A3CD8C04193380738E1CDE/11/ja"
"特開2021-177266","特願2020-074280","2020/04/17","2021/11/11","プログラム、情報処理装置及び情報処理方法","株式会社鈴康","G06N20/00,G06N5/04,G06T7/00,350@B","特開2021-177266","","","拒絶2021-013126","","https://www.j-platpat.inpit.go.jp/c1800/PU/JP-2021-177266/5BF056D0772FEC432F93F89CA218CF412E4F618D309397B682D1FE01FEE540E0/11/ja"
"特開2021-177191","特願2021-124445","2021/07/29","2021/11/11","レーダー校正方法、装置、電子デバイス、記憶媒体、プログラム、及び路側機","アポロ　インテリジェント　コネクティビティ　（ベイジン）　テクノロジー　カンパニー　リミテッド","G01S7/40,130,G01S13/91","特開2021-177191","","特許7177230","","","https://www.j-platpat.inpit.go.jp/c1800/PU/JP-2021-177191/0E47F4F40AB41DC5E86FC05EE35005DCBB630F7BAA3E7A831FE48BC49E3042AA/11/ja"
"特開2021-177122","特願2021-131717","2021/08/12","2021/11/11","空調システムの制御装置、制御方法、制御プログラムおよび空調システム","高砂熱学工業株式会社","F24F11/84,F24F11/64","特開2021-177122","","特許7204842","","","https://www.j-platpat.inpit.go.jp/c1800/PU/JP-2021-177122/8C525FE499CA1E1488575EC569798B1CFEEBBC57B44BA4150ED5CAB6DFF0A50E/11/ja"
"特開2021-176664","特願2020-082423","2020/05/08","2021/11/11","パッド温度調整装置、パッド温度調整方法、および研磨装置","株式会社荏原製作所","B24B37/015,B24B49/14,B24B49/10,H01L21/304,622@R","特開2021-176664","","","","","https://www.j-platpat.inpit.go.jp/c1800/PU/JP-2021-176664/30B45D57D2E82C533D1C1E57D8F6556E9694D2D9D88A921CD890676A49AA74CC/11/ja"
"特開2021-176545","特願2021-112184","2021/07/06","2021/11/11","ゲームサーバ、プログラム、方法、ゲームシステムおよび情報処理端末","株式会社ポケモン","A63F13/825,A63F13/42,A63F13/69,A63F13/35,A63F13/65,A63F13/79,A63F13/58,A63F13/216,G16H10/00","特開2021-176545","","","","","https://www.j-platpat.inpit.go.jp/c1800/PU/JP-2021-176545/038B0F8F464541B69340A3F93D3026671B92C8317D63EAC6EC4992F61D5650FE/11/ja"
"特開2021-176505","特願2021-070528","2021/04/19","2021/11/11","移動式医療機器駆動プラットフォームのためのシステムおよび方法","ジーイー・プレシジョン・ヘルスケア・エルエルシー","A61B6/00,310","特開2021-176505","","","","","https://www.j-platpat.inpit.go.jp/c1800/PU/JP-2021-176505/1D3FFABB7FF483B5BA81D849EE5B45B197D74BE69251AD1D8854AD6FDC2474A9/11/ja"
"特許6966131","特願2021-049317","2021/03/23","2021/11/10","装具判別システム","株式会社Ｐ．Ｏ．イノベーション","G06Q50/26","特開2022-147869","","特許6966131","","","https://www.j-platpat.inpit.go.jp/c1800/PU/JP-6966131/4642D197AE0E67EA589471AC37D0DD1FE6546D58BB016E34BCA32D2FAAF1F40E/15/ja"
"特許6965982","特願2020-199177","2020/11/30","2021/11/10","質問応答システム、及び質問応答方法","凸版印刷株式会社","G06Q50/10,G06F16/90,100,G10L15/22,300@Z,G10L13/00,100@M","特開2022-086902","","特許6965982","","","https://www.j-platpat.inpit.go.jp/c1800/PU/JP-6965982/ADE9ECDC346BCDA0D779378BB253E6CFD08AA399797268A2CF77807822D1B72B/15/ja"
"特許6964316","特願2021-010624","2021/01/26","2021/11/10","人工知能（ＡＩ）による推定システム、学習データ生成装置、学習装置、摘果対象物推定装置、学習システム、及び、プログラム","株式会社アドイン研究所","G06T7/00,350@C,G06T7/174,G06N20/00,130","特開2022-114352","","特許6964316","","","https://www.j-platpat.inpit.go.jp/c1800/PU/JP-6964316/94BD6251B479C5CF42198081C25B933B5F2D18142B855DFC14DFBB026BE28078/15/ja"
"特許6963367","特願2021-073762","2021/04/26","2021/11/10","地図データ処理システム及びプログラム","株式会社ゼンリン","G09B29/00@Z,G06F16/903,G06F16/909,G06T1/00,200@E","特開2022-128385","","特許6963367","","","https://www.j-platpat.inpit.go.jp/c1800/PU/JP-6963367/641BFC146E2CBAF387472D029EF0AAF52939F21EC5F841BFFBF1C127D8D06BD7/15/ja"
"特許6963062","特願2020-106882","2020/06/22","2021/11/05","情報処理装置及び情報処理方法","株式会社ＹＡＭＡＴＯ","G06N20/00,G06Q10/06,326,G06Q40/06,G06Q10/04,G06Q10/0635","特開2022-002025","","特許6963062","","","https://www.j-platpat.inpit.go.jp/c1800/PU/JP-6963062/156CD39C544BA6F100C6369A7A5ABE9415B260732F5F61A57921CAE9859A908B/15/ja"
"特許6962629","特願2021-048066","2021/03/23","2021/11/05","データ共有システム、データ共有方法、およびデータ共有プログラム","ＥＡＧＬＹＳ株式会社","G09C1/00,650@Z,H04L9/00,663@Z,G06F21/60,320,G06F21/62,318,H04L9/30@Z","特開2022-146998","","特許6962629","","","https://www.j-platpat.inpit.go.jp/c1800/PU/JP-6962629/92C3E6C0D28D3E39409FD78B71686AB41C4D87605304B5EFCE4BA02C77CE9B64/15/ja"
"特許6962532","特願2021-110137","2021/07/01","2021/11/05","事象予測装置および事象予測用プログラム","株式会社ＦＲＯＮＴＥＯ","G06F16/35","特開2021-182398","","特許6962532","","","https://www.j-platpat.inpit.go.jp/c1800/PU/JP-6962532/FEDE1C5C691E56AD08BF04FA15717C9FAA65D8F8D8DF51C16DF53649F80CA8F7/15/ja"
"特許6961906","特願2021-067998","2021/02/24","2021/11/05","外国人の国籍推定システム、外国人の母国語推定システム、外国人の国籍推定方法、外国人の母国語推定方法、及びプログラム","山口　真二郎","G10L15/10,500@Z,G10L15/10,200@W","特開2022-129328","","特許6961906","","","https://www.j-platpat.inpit.go.jp/c1800/PU/JP-6961906/B9741542163CEE4A583544E84F464AB10F24F45592618CC65B399BE7390F156C/15/ja"
"特許6961148","特願2021-007034","2021/01/20","2021/11/05","情報処理システム、及び情報処理方法","株式会社トライハッチ,武藤　尭行","G06Q50/10,G06F16/9537","特開2022-111544","","特許6961148","","","https://www.j-platpat.inpit.go.jp/c1800/PU/JP-6961148/874D375FCEBF2A9238AFFF6D02A2926D2C669B30EF7C5D7EEE31358B99FFEE73/15/ja"
"特表2022-536190","特願2021-574348","2020/12/24","2021/11/04","声紋を認識する方法、装置、設備、および記憶媒体","平安科技（深▲せん▼）有限公司","G10L17/00,200@C,G10L17/18","特表2022-536190","","特許7184236","","","https://www.j-platpat.inpit.go.jp/c1800/PU/JP-2022-536190/0BFB820E6919EB0AFAD97C81BA5B553E9B1D6CABF660F251672140DABD55C1D6/11/ja"
"特表2022-534458","特願2021-526360","2020/10/10","2021/11/04","画像処理の方法及び装置","バイドゥ　オンライン　ネットワーク　テクノロジー（ペキン）　カンパニー　リミテッド","G06T1/00,340@A,G06T11/80@D,G06F3/04845","特表2022-534458","","特許7183414","","","https://www.j-platpat.inpit.go.jp/c1800/PU/JP-2022-534458/0416C93B071F218C472E2E1174A347EBD906197AC191F3D576AE43A3B751EB28/11/ja"
"特表2022-533809","特願2021-549943","2021/03/19","2021/11/04","量子シミュレーションアルゴリズムに基づくデータサーチ方法、装置及び機器並びにコンピュータプログラム","テンセント・テクノロジー・（シェンジェン）・カンパニー・リミテッド","G06N99/00,180,G06N10/00","特表2022-533809","","特許7176127","","","https://www.j-platpat.inpit.go.jp/c1800/PU/JP-2022-533809/C2C0E7A3FDAC2BD4E2767B9BD52C1B5317111F830D4AAC798C4E580303BEFBBD/11/ja"
"特表2022-525243","特願2021-564356","2021/03/09","2021/11/04","仮想オブジェクト制御方法並びにその装置、コンピュータ装置及びプログラム","▲騰▼▲訊▼科技（深▲セン▼）有限公司","A63F13/426,A63F13/79,510,A63F13/533,A63F13/79,A63F13/69","特表2022-525243","","特許7138810","","","https://www.j-platpat.inpit.go.jp/c1800/PU/JP-2022-525243/0DD12580E0126B7EAECBBE59F3508B6849549BC5EE707A34CA857C593E2920F0/11/ja"
"特表2022-526456","特願2021-564349","2021/03/26","2021/11/04","仮想オブジェクト制御方法並びにその、装置、コンピュータ装置及びプログラム","▲騰▼▲訊▼科技（深▲セン▼）有限公司","A63F13/56,A63F13/2145,A63F13/53,A63F13/426,A63F13/533,A63F13/5258,A63F13/55","特表2022-526456","","特許7124235","","","https://www.j-platpat.inpit.go.jp/c1800/PU/JP-2022-526456/852D8C98345A6240CF7E7B4FB20D001243F0ECEE936654ABA4BC44AAF1AEFF17/11/ja"
"特許7049028","特願2021-549555","2021/04/26","2021/11/04","良否判定システム及び良否判定方法","株式会社リョーワ","G06T7/00,350@B,G06T7/00,610","WO2021/221030","","特許7049028","","","https://www.j-platpat.inpit.go.jp/c1800/PU/JP-7049028/BE70B210AF0C0E46E0EF7B585A4CBCE83E983F51C648F017AFFEDACAFF32890D/15/ja"
"特表2023-502139","特願2022-529858","2020/12/15","2021/11/04","ＳＢ拡散を防止し、ＢＩＳＢ（０１２）配向を促進するためのシード層又は中間層を備えるＢＩＳＢトポロジー絶縁体","ウェスタン　デジタル　テクノロジーズ　インコーポレーテッド","H01L27/105,447,H01L43/08@Z,H01L29/82@Z,G11B5/39,G11B5/31@A,G11B5/31@E,G11B5/02@R","特表2023-502139","","","","","https://www.j-platpat.inpit.go.jp/c1800/PU/JP-2023-502139/85192412E3DF07843250E4B61DAAB8574BFF189D7AB9F38093BC28088E5D075D/11/ja"
"特表2022-538137","特願2021-576932","2020/12/28","2021/11/04","画像検出方法及び関連モデルの訓練方法並びに関連装置、機器","上▲海▼商▲湯▼智能科技有限公司","G06V10/82,G06T7/00,350@C,G06T7/11,G06V10/26,G06N3/02,A61B6/03,360@T,A61B6/03,360@Z","特表2022-538137","","","","","https://www.j-platpat.inpit.go.jp/c1800/PU/JP-2022-538137/9F4703E6E185CEBB86F20C1E5728C4F15674FFE8432E9AFC6092B4CBD2C9276D/11/ja"
"特表2022-534890","特願2021-569572","2020/11/02","2021/11/04","画像処理方法及び装置、電子機器並びに記憶媒体","シェンチェン　センスタイム　テクノロジー　カンパニー　リミテッド","G06T7/00,350@C","特表2022-534890","","","","","https://www.j-platpat.inpit.go.jp/c1800/PU/JP-2022-534890/947C0E06A20D2E352150655181B589F0790CCB9DC33C99DB2EF679CE622A238B/11/ja"
"特表2022-533911","特願2021-562332","2021/03/04","2021/11/04","マルチメディアインタラクティブ方法、装置、機器及び記憶媒体","シャンハイ　センスタイム　リンガン　インテリジェント　テクノロジー　カンパニー　リミテッド","H04N21/443,H04N21/433,G09B5/02","特表2022-533911","","","","","https://www.j-platpat.inpit.go.jp/c1800/PU/JP-2022-533911/371220C87217CCA9F3493D0DB4754A018BD1C5D9DFF56CF521982E781C9F0B55/11/ja"
"特開2021-176220","特願2020-081375","2020/05/01","2021/11/04","通信装置、通信装置の制御方法及びそのプログラム","キヤノン株式会社","H04N5/232,300,H04N5/232,290,G03B17/02,H04N23/60,300,H04N23/60,500","特開2021-176220","","","","","https://www.j-platpat.inpit.go.jp/c1800/PU/JP-2021-176220/6359D6F158E917ACFEE5B4B5D8820D942A54FF4122345866E4AADAA115A6A8FC/11/ja"
"特開2021-176102","特願2021-123868","2021/07/29","2021/11/04","低コヒーレンス干渉法のための画質改善方法及びシステム","株式会社トプコン","G06T5/00,705,G06T7/00,350@A,A61B3/10,100,G06T7/00,612","特開2021-176102","","特許7154353","","","https://www.j-platpat.inpit.go.jp/c1800/PU/JP-2021-176102/64FD0256C7E5AA043C7AE85A896DBD3BDAA6BF9D4D903A2ED6CEA92D964CD738/11/ja"
"特開2021-176101","特願2021-123867","2021/07/29","2021/11/04","低コヒーレンス干渉法のための画質改善方法及びシステム","株式会社トプコン","G06T5/00,705,G06T7/00,350@A,A61B3/10,100,G06T7/00,612","特開2021-176101","","","","","https://www.j-platpat.inpit.go.jp/c1800/PU/JP-2021-176101/01EFA6E1E2F18B679C931636E54130B012AEDE3436B04FCB1A00941CBD0F8B3F/11/ja"
"特開2021-176100","特願2021-123845","2021/07/29","2021/11/04","車両運転支援システム","株式会社野村総合研究所","G08G1/16@A,G08G1/09@H,G01C21/34,G08G1/09@F,B60W60/00,B60W30/095,B60W50/035,B60W30/182,B60W50/08,B64C39/02,B64C13/20@Z","特開2021-176100","","特許7137673","","","https://www.j-platpat.inpit.go.jp/c1800/PU/JP-2021-176100/5B2C25B15937F4B31E097D0F3A083CBAD5350A720521BB1AC12C44D7AE442F69/11/ja"
"特開2021-176093","特願2021-119640","2021/07/20","2021/11/04","自動化されたアシスタントのための視覚的な手掛かりの選択的検出","グーグル　エルエルシー","G06F3/01,510,G10L15/28,230@K,G06F3/16,610","特開2021-176093","","","","","https://www.j-platpat.inpit.go.jp/c1800/PU/JP-2021-176093/A0EA3B15378EF3BB74ED16E2FBACCBBD365A7F8E24AA1DD6D5390D5B420866CA/11/ja"
"特開2021-176079","特願2021-064684","2021/04/06","2021/11/04","商品配置提案プログラム","ＡＳＳＥＳＴ株式会社","G06Q30/06","特開2021-176079","","","","","https://www.j-platpat.inpit.go.jp/c1800/PU/JP-2021-176079/2781B2BC5AB2E90B13B7DC8F5DDE36908E4D63FB4B470EFD2D937C4D8FC39BA9/11/ja"
"特開2021-176078","特願2021-062631","2021/04/01","2021/11/04","深層学習及びベクトル場推定による特徴検出","ファナック株式会社","G06T7/00,350@C,G06T7/70@Z,B25J13/08@A","特開2021-176078","","","","","https://www.j-platpat.inpit.go.jp/c1800/PU/JP-2021-176078/9042686C0DF7A36863EC4C4B3B20F16A56C11E78A76C8D242CF0A04C94C777FD/11/ja"
"特開2021-176077","特願2021-059521","2021/03/31","2021/11/04","自律運転アプリケーションにおけるマシン学習モデルのトレーニングのためのシミュレーションされた物体を有する画像拡張の使用","エヌビディア　コーポレーション","G06T7/00,350@C,B60W60/00,B60W40/02,G06N3/08,G06T7/00,650,G06V10/30,G06V10/82,G06V20/20,G06N3/098","特開2021-176077","","","","","https://www.j-platpat.inpit.go.jp/c1800/PU/JP-2021-176077/C084171E39942D31EAFC94C2EB01219FE16E4B8783F4F612E4604DFC846885DE/11/ja"
"特開2021-176074","特願2020-193854","2020/11/20","2021/11/04","伝染病感染リスク判定プログラム","ＡＳＳＥＳＴ株式会社","G16H50/80,G16H50/30,A61B5/00@G","特開2021-176074","","","","","https://www.j-platpat.inpit.go.jp/c1800/PU/JP-2021-176074/873857D3394A75B18A2AD32B2B666CAF0738B3BE17E9B844924CEB277FBF8F9B/11/ja"
"特開2021-176073","特願2020-191788","2020/11/18","2021/11/04","伝染病感染リスク判定プログラム","ＡＳＳＥＳＴ株式会社","G16H50/30,G16H50/80","特開2021-176073","","","","","https://www.j-platpat.inpit.go.jp/c1800/PU/JP-2021-176073/6E8DA66C38047ED9BC6F5D155910A41BC6AF2935FBB94A1B4EFA314AE643A694/11/ja"
"特開2021-176065","特願2020-081604","2020/05/02","2021/11/04","次世代モバイル通信システムを応用した外国人入国者の特異行動対策システム","秋谷　光俊","G06Q50/10","特開2021-176065","","","","","https://www.j-platpat.inpit.go.jp/c1800/PU/JP-2021-176065/3FC118B05B687F43655B894BC942FE873E480D9774876E7C1FB7FC3E53061CD0/11/ja"
"特開2021-176056","特願2020-081482","2020/05/01","2021/11/04","医療システム及び医療情報処理装置","株式会社トプコン,国立研究開発法人理化学研究所","G16H50/20","特開2021-176056","","","","","https://www.j-platpat.inpit.go.jp/c1800/PU/JP-2021-176056/37D027C6E22EBA21E9B6DCD213E543DE605C96A104BE44A4D908A25B1BD5B35D/11/ja"
"特開2021-176022","特願2021-131343","2021/08/11","2021/11/04","オフライン音声認識方法、装置、電子機器、記憶媒体及びコンピュータプログラム","北京百度網訊科技有限公司","G10L15/18,300@H,G10L15/16","特開2021-176022","","","","","https://www.j-platpat.inpit.go.jp/c1800/PU/JP-2021-176022/6C0A6A62857441640F40B1CF5E7E21303B7C0898E88578EC6530DAADB74A2BE8/11/ja"
"特開2021-175972","特願2021-032625","2021/03/02","2021/11/04","環境変化を検出するための方法及び装置、計算装置、記憶媒体並びにコンピュータプログラム","ベイジン　バイドゥ　ネットコム　サイエンス　アンド　テクノロジー　カンパニー　リミテッド","G01C21/26@A,B60W40/02,G09B29/10@A,G09B29/00@Z","特開2021-175972","","特許7149362","","","https://www.j-platpat.inpit.go.jp/c1800/PU/JP-2021-175972/BDCAB5410DF3FCA4FD2DBE1C8CC663F669457142B7F40331F466CE073798F0D8/11/ja"
"特開2021-175631","特願2020-081393","2020/05/01","2021/11/04","車両用ステアリング装置","株式会社東海理化電機製作所","B62D1/06","特開2021-175631","","","","","https://www.j-platpat.inpit.go.jp/c1800/PU/JP-2021-175631/0F74EAFE446A6F5CEC9334B07F30F376928C953734172EFB1C5118282940EFE9/11/ja"
"特開2021-175589","特願2020-128243","2020/07/29","2021/11/04","加工ツールの異常検知装置および切削加工システム","ローランドディー．ジー．株式会社","B23Q17/09@C,B23Q17/09@F,B23Q17/09@D,G05B19/18@X,G05B19/4155@V,A61C5/77","特開2021-175589","","","","","https://www.j-platpat.inpit.go.jp/c1800/PU/JP-2021-175589/752B329521C33C3C74017ACD253892AEA2FE7CEA93DED38E05511CCC5B2E060C/11/ja"
"特許6958884","特願2021-099206","2021/06/15","2021/11/02","プログラムコード自動生成システム","ソプラ株式会社","G06F8/35,G06F40/211,G06F8/30,G06N3/02","特開2022-190776","","特許6958884","","","https://www.j-platpat.inpit.go.jp/c1800/PU/JP-6958884/6E2C458A6A0AE536EE5C894025E502561202F7CA13CC2D8B6AC4745104F72C8D/15/ja"
"特許6957724","特願2020-217441","2020/12/25","2021/11/02","河川画像提供装置、河川画像提供システム","株式会社クボタ","G06Q30/02,398,G06Q50/10,G06Q30/0251","特開2022-102608","","特許6957724","","","https://www.j-platpat.inpit.go.jp/c1800/PU/JP-6957724/CA9824CF1DB043FC7B0F3D151A275804CEE044DA184F4F5C45E064DCAAE08230/15/ja"
"特許6957067","特願2021-057736","2021/03/30","2021/11/02","人とコミュニケーションを行うシステム及びそのためのプログラム","ユニロボット株式会社","G06F13/00,540@E,G06F3/048,H04L67/00","特開2022-154617","","特許6957067","","","https://www.j-platpat.inpit.go.jp/c1800/PU/JP-6957067/5B527BE9CAA99B4D427EB602FDFACF3E4715F6DC541332A09383D753090557EE/15/ja"
"特開2021-175196","特願2021-076170","2021/04/28","2021/11/01","端末ローミングステアリング方法および装置、デバイス、ならびにコンピュータ可読記憶媒体","華為技術有限公司","H04W36/08,H04W36/38,H04W84/12","特開2021-175196","","","","","https://www.j-platpat.inpit.go.jp/c1800/PU/JP-2021-175196/44B63BB6BFA18DF43FB8094CAF61DD77D8B13255A8CF9DAC0E02E5105AE614D6/11/ja"
"特開2021-175194","特願2021-075741","2021/04/28","2021/11/01","輻輳制御方法、装置及びシステム並びにコンピュータ記憶媒体","華為技術有限公司","H04L12/24,H04L41/00,H04L41/142,H04L41/147","特開2021-175194","","特許7118209","","","https://www.j-platpat.inpit.go.jp/c1800/PU/JP-2021-175194/AE1FDEDBAE41C8E66A5FA136D0904DCCBEDE5237E921FB0E4F3A67772E470279/11/ja"
"特開2021-175187","特願2021-069878","2021/04/16","2021/11/01","メディア再生装置におけるコンテンツフィルタリング","サウンドハウンド，インコーポレイテッド","H04N5/93,H04N21/454,H04N21/4402,H04N21/439","特開2021-175187","","","","","https://www.j-platpat.inpit.go.jp/c1800/PU/JP-2021-175187/44F1CFCF441B8D6EE6952D3DC4BA5355AE4CA33DCA673078313AD8B96EAD5B46/11/ja"
"特開2021-175121","特願2020-078807","2020/04/28","2021/11/01","情報処理装置、情報処理方法、及び、プログラム","ＮＥＣプラットフォームズ株式会社","H04L12/70,100@A,H04L43/00","特開2021-175121","","","","","https://www.j-platpat.inpit.go.jp/c1800/PU/JP-2021-175121/24C83BED773279E94365B804B16154F5402BF8AD1012D3D00F133F1C6A261617/11/ja"
"特開2021-175029","特願2020-075426","2020/04/21","2021/11/01","動画撮影支援システム、動画撮影支援システムの制御方法及びプログラム","株式会社野本","H04N21/24,H04N21/466,H04N5/232,290,H04N5/232,220,H04N5/232,939,H04N23/60,100,H04N23/60,500,H04N23/63,300","特開2021-175029","","","","","https://www.j-platpat.inpit.go.jp/c1800/PU/JP-2021-175029/144C54461B4CBC64F76C9762A0708AA30CC8FACF374B7E89651B1D7746B80D9E/11/ja"
"特開2021-174698","特願2020-078425","2020/04/27","2021/11/01","照明器具","パナソニックＩＰマネジメント株式会社","H05B47/125,H05B47/195,H05B47/12,F21S8/06,100,F21V8/00,357,F21S2/00,480","特開2021-174698","","","","","https://www.j-platpat.inpit.go.jp/c1800/PU/JP-2021-174698/A914A9AA37C40D6977348D421BD0DE95AF84EF72C750781C046196F055595F51/11/ja"
"特開2021-174553","特願2021-073577","2021/04/23","2021/11/01","ディープラーニング基盤の仮想イメージ生成方法及びシステム","エヌエイチエヌ　コーポレーション,エヌエイチエヌ　クラウド　コーポレーション","G06T7/00,350@C,G06T1/00,200@A,G06T7/70@Z,G06T1/40","特開2021-174553","","特許7161572","","","https://www.j-platpat.inpit.go.jp/c1800/PU/JP-2021-174553/826245225DF369AB077CCFC82D165E220E1D78F4D1E2702403AC4F0C963CCC82/11/ja"
"特開2021-174549","特願2021-070908","2021/04/20","2021/11/01","情報処理装置、測量システム、および複合測量装置","株式会社トプコン","G06Q50/10,G01C15/00,103@E,G01C15/00,103@A","特開2021-174549","","","","","https://www.j-platpat.inpit.go.jp/c1800/PU/JP-2021-174549/F43995E3E0D239838F1DF834A5AACD916785B5538559B1990BCE4DCD54E5D9C1/11/ja"
"特開2021-174540","特願2021-069453","2021/04/16","2021/11/01","テキストのコア情報の抽出方法、装置、電子機器、記憶媒体及びコンピュータープログラム","ベイジン　バイドゥ　ネットコム　サイエンス　アンド　テクノロジー　カンパニー　リミテッド","G06F40/279,G06F40/258","特開2021-174540","","","","","https://www.j-platpat.inpit.go.jp/c1800/PU/JP-2021-174540/B93A603B3E3BCC13F131BCF0EF6284CEC999E5B4976E84827D0011D21CC67C7A/11/ja"
"特開2021-174539","特願2021-069147","2021/04/15","2021/11/01","音源再生装置及びそれを利用した音源再生方法","チュン，ミュンキ","G06F21/34,G06F21/32,G11B20/10,321@Z,G06F21/10","特開2021-174539","","特許7167234","","","https://www.j-platpat.inpit.go.jp/c1800/PU/JP-2021-174539/751D60A34DDC9B863F79B50518505C77B6292CB1BE8E3C02E710CC2E1E46965F/11/ja"
"特開2021-174524","特願2021-013142","2021/01/29","2021/11/01","サービス提供者側サーバ","Ｇｌｏｂａｌ　Ｍｏｂｉｌｉｔｙ　Ｓｅｒｖｉｃｅ株式会社","G06Q40/02,300,G06Q30/06,350,G06Q30/0645,G06Q40/03","特開2021-174524","","特許6961847","","","https://www.j-platpat.inpit.go.jp/c1800/PU/JP-2021-174524/26AEEF54120C9617C3CC91FDFCCB79E2CF964D8E02C67300D2FBD8C5B7002AFF/11/ja"
"特開2021-174518","特願2020-214423","2020/12/24","2021/11/01","スマート音声機器の制御方法、装置、電子機器及び記憶媒体","バイドゥ　オンライン　ネットワーク　テクノロジー　（ベイジン）　カンパニー　リミテッド","G06F3/16,660,G06F3/16,620,G06F3/16,640,G06F3/16,650,G06F16/90,100,G10L15/10,200@W","特開2021-174518","","特許7135063","","","https://www.j-platpat.inpit.go.jp/c1800/PU/JP-2021-174518/D413F989CC6733C27AB9E01883747EE2C2296E77577B26AA98DAC4FF56D95C39/11/ja"
"特開2021-174516","特願2020-205138","2020/12/10","2021/11/01","ナレッジグラフ構築方法、装置、電子機器、記憶媒体およびコンピュータプログラム","ペキン　バイドゥ　ネットコム　サイエンス　アンド　テクノロジー　カンパニー　リミテッド","G06F16/90,100","特開2021-174516","","","","","https://www.j-platpat.inpit.go.jp/c1800/PU/JP-2021-174516/E484140BEC9D38CD485C3395E9262F3E5F4654CA50F0587B215E417BA9FAA9DC/11/ja"
"特開2021-174503","特願2020-150717","2020/09/08","2021/11/01","ナイーブベイズ分類器に対する限界攻撃方法","▲広▼州大学","G06F16/35,G06N20/00,G06F21/55,G06F16/30,G06F40/216","特開2021-174503","","特許7005045","","","https://www.j-platpat.inpit.go.jp/c1800/PU/JP-2021-174503/B0519DC6224C67A42227CC56AFC5B2741F3C6FF2DB15E0202F913C82ED1379BB/11/ja"
"特開2021-174498","特願2020-120138","2020/07/13","2021/11/01","動的インテリジェントテスト方法、システム、コンピュータ装置及び記憶媒体","鴻海精密工業股▲ふん▼有限公司,富泰華工業（深▲セン▼）有限公司","G06F11/36,184","特開2021-174498","","","","","https://www.j-platpat.inpit.go.jp/c1800/PU/JP-2021-174498/8085C057B27841612D1FEF2DA2C3EB1869F58AB9B45CF185F1FDC36EC37CEA76/11/ja"
"特開2021-174466","特願2020-080660","2020/04/30","2021/11/01","情報処理装置、情報処理方法、及びプログラム","株式会社Ｈａｃｏｂｕ","G06Q10/08","特開2021-174466","","","","","https://www.j-platpat.inpit.go.jp/c1800/PU/JP-2021-174466/E88EA7F764D394C427ADC91972460C4D42F4B8D1C86E0756720C684D6947A2BF/11/ja"
"特開2021-174454","特願2020-080555","2020/04/30","2021/11/01","学習用データ生成方法、プログラム、及び学習用データ生成システム","パナソニックＩＰマネジメント株式会社","G06T7/00,350@B","特開2021-174454","","","","","https://www.j-platpat.inpit.go.jp/c1800/PU/JP-2021-174454/E1165E92FB15FDCA2958F6470A85E416DA9EB671F6BD316C3C7FD6A4E03DC7E6/11/ja"
"特開2021-174453","特願2020-080554","2020/04/30","2021/11/01","学習用データ生成方法、プログラム、及び学習用データ生成システム","パナソニックＩＰマネジメント株式会社","G06T7/00,350@B","特開2021-174453","","","","","https://www.j-platpat.inpit.go.jp/c1800/PU/JP-2021-174453/97086EAD47F5A1D0BEC6C594E2ABE14460763F87D0286800CCCC062CB5696AC0/11/ja"
"特開2021-174390","特願2020-079550","2020/04/28","2021/11/01","生成方法，情報処理装置及び生成プログラム","富士通株式会社","G06F21/62,354","特開2021-174390","","","","","https://www.j-platpat.inpit.go.jp/c1800/PU/JP-2021-174390/D3BC5FCFAB503EBC45C12A9DF52A1FCB1C4C2EE3A7C2DCC12315A80B49F44EB5/11/ja"
"特開2021-174364","特願2020-079202","2020/04/28","2021/11/01","自然言語処理装置及び自然言語処理方法","株式会社ＡＳＫプロジェクト","G06N5/04,G06F40/56,G06F40/44,G06F16/90,100,G06N3/08,G06N20/00,G06N3/0464","特開2021-174364","","特許7112107","","","https://www.j-platpat.inpit.go.jp/c1800/PU/JP-2021-174364/0DE67169D30E30BE06F5F95AA9EC4E8A633E8720FE1554A8F98579811EF5D21B/11/ja"
"特開2021-174363","特願2020-079201","2020/04/28","2021/11/01","自然言語処理装置及び自然言語処理方法","株式会社ＡＳＫプロジェクト","G06F16/90,100,G06F40/56,G06F40/44,G06N3/08,G06N20/00,G06N5/04,G06N3/0464","特開2021-174363","","","","","https://www.j-platpat.inpit.go.jp/c1800/PU/JP-2021-174363/60D36DD705B1C2E9170F8613E00B4511462D006B7C95ADA76AA50166EABDF18D/11/ja"
"特開2021-174362","特願2020-079199","2020/04/28","2021/11/01","自然言語処理装置及び自然言語処理方法","株式会社ＡＳＫプロジェクト","G06F40/56,G06F40/44,G06N5/04,G06F16/90,100,G06N3/08","特開2021-174362","","特許7168963","","","https://www.j-platpat.inpit.go.jp/c1800/PU/JP-2021-174362/D2AAB67E4330A0A47C7C4D78C3C5E546B13AD3E2B1C5744F427BF6C69BE0C2B6/11/ja"
"特開2021-174343","特願2020-078966","2020/04/28","2021/11/01","特定人材定着率向上システム","株式会社スタートライン","G06Q10/10,322,G06Q50/22,G06Q10/1053","特開2021-174343","","特許6959622","拒絶2021-004125","","https://www.j-platpat.inpit.go.jp/c1800/PU/JP-2021-174343/861B931F95DBCE64352F03896EC69B8BD90954C9A9F9FC6D4A02F8320D0A20AB/11/ja"
"特開2021-174336","特願2020-078863","2020/04/28","2021/11/01","由来別電力管理方法、由来別電力管理装置、由来別電力管理システム及び由来別電力管理プログラム","株式会社東光高岳","G06Q50/06","特開2021-174336","","","","","https://www.j-platpat.inpit.go.jp/c1800/PU/JP-2021-174336/B0CC8F0FA7139FFFD543F9BCF729A2AAFF79398F981429F5D449E6841FE20B16/11/ja"
"特開2021-174272","特願2020-077879","2020/04/25","2021/11/01","旅行プラン提案プログラム","ＡＳＳＥＳＴ株式会社","G06Q50/14","特開2021-174272","","","","","https://www.j-platpat.inpit.go.jp/c1800/PU/JP-2021-174272/FB78E298D2593DFF34D5802BCE9406AD084B93A3FB0347D7544D58835450FB80/11/ja"
"特開2021-174271","特願2020-077876","2020/04/25","2021/11/01","商品需要予測プログラム","ＡＳＳＥＳＴ株式会社","G06Q30/02,310,G06Q30/0202","特開2021-174271","","","","","https://www.j-platpat.inpit.go.jp/c1800/PU/JP-2021-174271/3B25A2E11B5F45FEBBE72952742F83E846DE3A7403B4D0C5168952C156537769/11/ja"
"特開2021-174270","特願2020-077875","2020/04/25","2021/11/01","商品需要予測プログラム","ＡＳＳＥＳＴ株式会社","G06Q30/02,310,G06Q30/0202","特開2021-174270","","","","","https://www.j-platpat.inpit.go.jp/c1800/PU/JP-2021-174270/41442EC8DDD47FC45C27D59A761B857274DF51E4268864273B1F5BE0C40F9B87/11/ja"
"特開2021-174269","特願2020-077873","2020/04/25","2021/11/01","宿泊所提案プログラム","ＡＳＳＥＳＴ株式会社","G06Q50/10","特開2021-174269","","","","","https://www.j-platpat.inpit.go.jp/c1800/PU/JP-2021-174269/A01496CAEEE7722E7BF57720CD330E38A3CE43DECC4B847DC27092748FDDF702/11/ja"
"特開2021-174267","特願2020-077871","2020/04/25","2021/11/01","建物値付プログラム","ＡＳＳＥＳＴ株式会社","G06Q30/02,490,G06Q50/16,G06Q30/0283","特開2021-174267","","","","","https://www.j-platpat.inpit.go.jp/c1800/PU/JP-2021-174267/6A8C9A38544691D570C399973915619FEAA0C20E78620183311D82E5B8AB7F3A/11/ja"
"特開2021-174266","特願2020-077870","2020/04/25","2021/11/01","宿泊料の増減率判定プログラム","ＡＳＳＥＳＴ株式会社","G06Q50/12,G06Q30/02,490,G06Q30/0283","特開2021-174266","","","","","https://www.j-platpat.inpit.go.jp/c1800/PU/JP-2021-174266/ECD2504DEA1F5F4BDAF26201E8EEBEE876423C1FDC60035DB037EB3EB34E7D43/11/ja"
"特開2021-174265","特願2020-077869","2020/04/25","2021/11/01","宿泊料の増減率判定プログラム","ＡＳＳＥＳＴ株式会社","G06Q50/12,G06Q30/02,490,G06Q30/0283","特開2021-174265","","","","","https://www.j-platpat.inpit.go.jp/c1800/PU/JP-2021-174265/0A675768C468A9620134F9FA5EAA99D80FB4DC5C937C18D024A39D72FD4D8114/11/ja"
"特開2021-174218","特願2020-077241","2020/04/24","2021/11/01","情報処理装置及びプログラム","富士ゼロックス株式会社","G06F13/00,650@B,H04M1/00@R,H04M3/56@Z,G06Q50/00,300,H04M1/72,H04L51/04,H04L67/00,H04M1/71","特開2021-174218","","","","","https://www.j-platpat.inpit.go.jp/c1800/PU/JP-2021-174218/85D47174812A0846F83D1F9669C366DF3A30921251CB0C286FDF137970A4EF3A/11/ja"
"特開2021-174206","特願2020-076902","2020/04/23","2021/11/01","情報処理装置及びプログラム","富士ゼロックス株式会社","G06F3/01,510,G06F3/0487,G06F3/0481,G09G5/00,510@V,G09G5/00,550@C,G09G5/00,530@T,G09G5/00,510@H,G06F3/14,350@A","特開2021-174206","","","","","https://www.j-platpat.inpit.go.jp/c1800/PU/JP-2021-174206/4790BE0CB6D2ABFD0176BDE2430028C8B184140B9EF9E5921ACDC02C7ABEDC13/11/ja"
"特開2021-174177","特願2020-076426","2020/04/23","2021/11/01","情報提供装置、情報提供方法及び情報提供プログラム","ＮＥＣプラットフォームズ株式会社","G06Q50/10,G06Q50/00,300","特開2021-174177","","特許7048158","","","https://www.j-platpat.inpit.go.jp/c1800/PU/JP-2021-174177/897CF23328CE5D8899489D1D29B061D11471C3D162F72F735C7E9BFBBFC74E86/11/ja"
"特開2021-174088","特願2020-075236","2020/04/21","2021/11/01","機械学習システム","トヨタ自動車株式会社","G06N20/00,G08G1/00@D,B60W50/14","特開2021-174088","","","","","https://www.j-platpat.inpit.go.jp/c1800/PU/JP-2021-174088/354CFDA7C81225018DC0D3A63A0C5BB9263B88F2F008FD7434B80CE6122AFCB6/11/ja"
"特開2021-174073","特願2020-075043","2020/04/20","2021/11/01","類似症例検索プログラム、類似症例検索方法及び類似症例検索システム","富士通株式会社","G16H10/00,A61B5/00@D","特開2021-174073","","","","","https://www.j-platpat.inpit.go.jp/c1800/PU/JP-2021-174073/0F3E99C02D728EA8F70DF5A4E0AE5FE32628401A4BA0C78038B9AAE152559249/11/ja"
"特開2021-174030","特願2020-074456","2020/04/19","2021/11/01","要介護者支援システム及び要介護者の支援方法","株式会社Ａｉｋｏｍｉ","G16H20/70","特開2021-174030","","","","","https://www.j-platpat.inpit.go.jp/c1800/PU/JP-2021-174030/FB0D20B85F0B843A46022C4CAB73CA5AA26AB7438FE587445EE1667BF2CB8003/11/ja"
"特開2021-174026","特願2020-074348","2020/04/17","2021/11/01","情報処理装置、情報処理方法、及びプログラム","ＲＰＡホールディングス株式会社","G06Q30/02,382,G06Q30/02,446,G06Q30/0241,446,G06Q30/0242","特開2021-174026","","","","","https://www.j-platpat.inpit.go.jp/c1800/PU/JP-2021-174026/711381DDD6D449EE451EADB04551A2E720D8136AE598FE0BD7A1C572CF4A7EFF/11/ja"
"特開2021-174017","特願2020-074262","2020/04/17","2021/11/01","情報処理システム、情報処理装置、プログラム及び情報処理方法","株式会社三菱総合研究所","G06Q20/06,G06Q20/12,G06Q20/08","特開2021-174017","","特許7162032","","","https://www.j-platpat.inpit.go.jp/c1800/PU/JP-2021-174017/4FD069CCFA68D4310C6917E8FC7E464C762B663045340613175F1E26129F35D5/11/ja"
"特開2021-173984","特願2020-097261","2020/04/30","2021/11/01","視力支援装置","小野　省一","G02C7/06,G02B3/00@A","特開2021-173984","","","","","https://www.j-platpat.inpit.go.jp/c1800/PU/JP-2021-173984/70C6EBE2B309893DE5DC1F03D0E6C6EEE91D1F0FD0A870D9F376931469678C6F/11/ja"
"特開2021-173891","特願2020-078251","2020/04/27","2021/11/01","画像生成装置及びヘッドアップディスプレイ","株式会社小糸製作所","G02B27/01,B60R11/02@C,B60K35/00@A,H04N5/64,521@P","特開2021-173891","","","","","https://www.j-platpat.inpit.go.jp/c1800/PU/JP-2021-173891/79A8FBBF95CAEF284BCF8D10503C602E1FE14E8070552566300E13283A41F923/11/ja"
"特開2021-173716","特願2020-079924","2020/04/30","2021/11/01","検査装置及び検査方法","朝日レントゲン工業株式会社","G01N23/04,G01N23/18,G01N23/083,G06T7/00,610@B,G06T7/00,610","特開2021-173716","","","","","https://www.j-platpat.inpit.go.jp/c1800/PU/JP-2021-173716/F21B6155337332A896C02EE57E73BE55E2227725B89F01F0916DC00F63DE1B7A/11/ja"
"特開2021-173656","特願2020-078205","2020/04/27","2021/11/01","画像計測システム、画像計測方法、画像計測プログラムおよび記録媒体","学校法人福岡工業大学,株式会社３Ｄイメージ研究所","G01N21/88@Z,G01N21/84@E","特開2021-173656","","","","","https://www.j-platpat.inpit.go.jp/c1800/PU/JP-2021-173656/3DA829D3D01F8F6D13D4BD60473D6EA82B3E441E3CE1DDF7F9CE269B47872E16/11/ja"
"特開2021-173647","特願2020-077877","2020/04/25","2021/11/01","魚の品質判別プログラム及びシステム","ＡＳＳＥＳＴ株式会社","G01N33/12,A23L17/00@Z,G06Q50/02","特開2021-173647","","","","","https://www.j-platpat.inpit.go.jp/c1800/PU/JP-2021-173647/2458E4DF42BCF1431AA617922E930E24198745B94966895CB3D2D973CE40C1BD/11/ja"
"特開2021-173644","特願2020-077654","2020/04/24","2021/11/01","レンズ外観検査装置及び機械学習装置","株式会社ミラプロ,東海光学株式会社","G01N21/958,G06N20/00","特開2021-173644","","","","","https://www.j-platpat.inpit.go.jp/c1800/PU/JP-2021-173644/FB1F2DE50D57B1E17E24747529B4D5942B034CE5B2EA7EFEB9FCCF462F948464/11/ja"
"特開2021-173595","特願2020-076594","2020/04/23","2021/11/01","構造物判定システム","株式会社ＮＴＴドコモ","G01M99/00@Z","特開2021-173595","","","","","https://www.j-platpat.inpit.go.jp/c1800/PU/JP-2021-173595/07D2BC5CAEA811B326B4E98C59F77765A4AF0DED2CEA86EA86EFA896B37BE53A/11/ja"
"特開2021-173497","特願2020-079459","2020/04/28","2021/11/01","廃棄物供給異常検知方法、廃棄物供給制御方法、廃棄物供給異常検知装置および廃棄物供給制御装置","ＪＦＥエンジニアリング株式会社","F23G5/50@Q,F23G5/50@Z","特開2021-173497","","","","","https://www.j-platpat.inpit.go.jp/c1800/PU/JP-2021-173497/C9F3B7A667BAD2FC31B7C6721BF665BFE441FE299993ACF759DA758CBFAA5436/11/ja"
"特開2021-173496","特願2020-079458","2020/04/28","2021/11/01","廃棄物供給異常検知方法、廃棄物供給制御方法、廃棄物供給異常検知装置および廃棄物供給制御装置","ＪＦＥエンジニアリング株式会社","F23G5/50@Q,F23G5/50@Z,F23G5/50@C","特開2021-173496","","","","","https://www.j-platpat.inpit.go.jp/c1800/PU/JP-2021-173496/0657E5E17AC0FF43076B69CAA6BAAF2DC6A7B3F4CF7E9A53104BEE60251E818E/11/ja"
"特開2021-173495","特願2020-079454","2020/04/28","2021/11/01","廃棄物供給異常検知方法、廃棄物供給制御方法、廃棄物供給異常検知装置および廃棄物供給制御装置","ＪＦＥエンジニアリング株式会社","F23G5/50@C,F23G5/50@Q,F23G5/50@Z","特開2021-173495","","","","","https://www.j-platpat.inpit.go.jp/c1800/PU/JP-2021-173495/A358CAC66589D339E55A06DDCE3C87CFA461EFDBFDCC82F70483ECAB23120EA8/11/ja"
"特開2021-172318","特願2020-080714","2020/04/30","2021/11/01","無人飛行体の降下システム","イームズロボティクス株式会社","B64F1/18,B64C27/08,B64C39/02,B64D47/08,B64C13/18@Z,G05D1/10","特開2021-172318","","","","","https://www.j-platpat.inpit.go.jp/c1800/PU/JP-2021-172318/50CCED22A9D3BA65197E831528360B0B176091F7DF8091D167B0C4BDBCDE1403/11/ja"
"特開2021-172162","特願2020-075730","2020/04/21","2021/11/01","転舵制御装置、転舵制御プログラム","株式会社ジェイテクト","B62D6/00,B62D5/04","特開2021-172162","","","","","https://www.j-platpat.inpit.go.jp/c1800/PU/JP-2021-172162/C8B22D278E5F9A711564A4A7ADAE35F9D09D818E1474A31271FE5AE08F746218/11/ja"
"特開2021-171843","特願2020-075537","2020/04/21","2021/11/01","機械動作調整システム、機械動作調整装置及び機械動作調整方法","株式会社日立製作所","B25J13/00@Z","特開2021-171843","","","","","https://www.j-platpat.inpit.go.jp/c1800/PU/JP-2021-171843/7F8722EB917BCB9414433A3B701331F5E817ECE99F7F1F6BC6FE4416D3A5A04B/11/ja"
"特開2021-171834","特願2020-075230","2020/04/21","2021/11/01","ロボット制御装置およびピッキングシステム","株式会社日立製作所","B25J9/22@A","特開2021-171834","","","","","https://www.j-platpat.inpit.go.jp/c1800/PU/JP-2021-171834/11F79BA452612A60D2D1C7A206AEBCD6205E19BA2712A440A5420E4BCF772882/11/ja"
"特開2021-171117","特願2020-075042","2020/04/20","2021/11/01","類似症例検索プログラム、類似症例検索方法及び類似症例検索システム","富士通株式会社","A61B5/00@D,A61B6/00,360@B,A61B6/00,360@Z","特開2021-171117","","","","","https://www.j-platpat.inpit.go.jp/c1800/PU/JP-2021-171117/664E0EA3C2C14B7B07E84C349B156EAB1D5B642CDB69DD5ADED5ED10CB8A6600/11/ja"
"特開2021-171087","特願2020-074942","2020/04/20","2021/11/01","類似症例検索プログラム、類似症例検索方法及び類似症例検索システム","富士通株式会社","A61B5/00@D,A61B6/00,360@B,A61B6/00,360@Z","特開2021-171087","","","","","https://www.j-platpat.inpit.go.jp/c1800/PU/JP-2021-171087/104A4B4A1F49AC8B8347E300BD5D8DFB6C47EF4A2458DC4BF6A370B88F7900C3/11/ja"
